Area_SqFt,Bedrooms,Bathrooms,Age_Years,Location_Rating,Garage_Cars,Price_USD
3774,4,2,11,3,1,308958
4107,2,4,10,5,0,671620
1460,3,2,26,9,2,167014
1894,5,3,20,6,0,575293
1730,3,4,17,9,2,615084
1695,1,2,17,5,0,115061
4372,4,2,4,6,1,659885
3692,3,3,5,8,1,608689
2238,5,3,23,3,2,194882
2769,1,3,10,2,0,421360
1066,2,4,28,3,1,64902
1838,2,4,33,9,2,571092
930,5,3,26,6,0,321566
2082,1,1,29,4,2,371867
2735,4,1,27,3,0,382743
4044,3,2,18,2,0,267271
3771,1,1,10,4,0,336111
3519,2,2,5,9,2,435456
4335,5,4,10,4,2,720495
730,5,4,21,5,0,384509
2285,3,1,24,8,1,663896
3980,5,4,3,2,0,408097
1369,5,3,31,3,2,438471
2991,1,3,2,6,0,163146
2115,4,1,2,7,2,286610
4085,3,1,34,4,0,686619
3453,1,2,20,1,0,615281
3033,4,4,33,7,1,256868
1815,1,2,4,9,1,712526
1555,1,2,11,1,2,633771
2924,5,3,5,1,0,740203
1784,4,3,25,1,2,176747
1059,3,3,34,7,0,551592
3985,3,3,9,9,0,622167
621,4,2,6,3,0,521673
2900,5,3,18,8,1,300021
1347,2,4,14,9,2,326032
3504,1,3,19,3,0,387857
4232,5,3,14,3,0,329570
1074,4,3,17,1,2,130031
1682,1,1,29,2,2,289645
3158,3,4,17,7,0,209111
4353,2,4,8,3,1,501923
2647,3,2,1,7,1,498330
4147,4,2,7,5,0,578785
3347,1,3,5,8,1,473961
1575,4,1,24,5,2,246342
2406,1,2,28,3,1,726713
789,5,2,17,9,2,78788
3605,2,3,20,7,2,449605
3334,5,3,3,5,2,721019
3605,5,2,26,7,2,356065
1162,4,2,15,9,1,719521
2499,2,4,8,5,2,206575
4238,1,1,13,7,0,569240
1867,1,4,3,9,2,568180
3479,3,2,1,1,0,246982
2128,1,4,9,4,2,636920
3802,4,4,31,1,2,553881
4156,5,2,26,8,1,218244
4490,5,3,17,3,2,704344
1246,5,2,34,2,2,397840
2668,2,3,9,4,1,248876
3488,1,2,13,3,1,685038
2814,4,2,5,5,0,530683
1897,2,2,13,8,1,516323
3035,3,1,1,8,0,381070
1200,4,3,25,7,2,657425
2963,4,1,4,8,0,556571
2661,4,2,10,5,1,653341
841,5,4,28,6,2,432838
2641,4,1,6,8,0,406439
3424,1,3,27,1,0,722104
4017,4,2,12,6,0,672597
3212,5,1,3,6,2,435865
3545,4,4,33,5,0,525000
1963,3,1,10,4,0,110123
2739,3,3,31,1,1,435876
1990,5,1,15,8,0,132672
3603,1,4,7,6,2,268408
2078,1,4,14,3,1,317058
4099,2,3,14,3,2,636526
3156,5,4,3,6,1,498345
1375,4,2,3,7,1,588290
634,5,4,22,8,0,717692
2853,2,2,19,5,2,417138
3752,5,1,12,6,0,421133
2555,5,2,5,1,1,670096
2185,2,2,10,6,0,77352
4059,1,1,33,9,1,645369
3673,4,4,13,4,1,516994
1621,2,2,32,1,2,258641
4061,3,4,11,9,2,558595
3213,1,1,24,4,2,81645
1729,3,3,19,2,2,609631
4443,1,4,6,1,0,353919
4493,4,4,4,3,2,588409
2100,4,3,33,7,2,526864
1302,5,3,13,2,2,319806
3049,3,1,19,9,1,331415
3377,1,4,12,2,1,492420
2179,4,4,11,5,2,216284
761,2,1,6,8,1,432965
801,4,4,12,8,1,476697
2581,2,2,27,3,0,559812
1595,1,2,25,2,1,557106
2917,4,2,3,9,0,547245
1415,4,4,3,3,1,155011
3942,1,2,20,8,2,566122
1055,4,2,28,2,1,622970
4133,2,1,23,3,1,514657
4398,4,1,3,1,0,133749
1875,3,3,24,6,2,61903
1616,5,3,6,7,0,226416
4373,2,3,20,4,2,686701
2943,3,3,11,1,2,408678
4396,1,1,32,3,0,706990
3367,2,1,27,9,1,421063
4420,5,1,21,5,2,736801
937,5,2,13,6,1,398322
1478,1,2,22,4,0,215934
1676,1,3,22,1,0,484319
1391,2,2,28,5,0,202582
2864,4,4,21,5,0,581017
1363,1,1,18,5,2,128309
2835,4,3,31,6,0,234122
979,3,3,21,2,1,310953
1092,5,4,14,1,1,611665
3712,4,2,25,2,2,380480
1780,5,3,27,6,0,397456
2662,4,2,23,5,2,307663
4484,3,2,31,5,2,550811
664,1,4,29,6,2,381373
3168,3,3,30,7,0,649967
1967,1,2,26,9,1,470299
1752,1,2,20,7,1,629457
2627,5,4,19,2,2,363166
3295,3,4,27,6,2,126543
2095,4,2,25,9,1,693056
3734,3,4,23,7,1,266782
1762,5,2,29,2,0,460419
2122,1,3,15,3,2,694518
3240,5,1,3,8,0,410663
991,2,4,10,9,1,115639
2298,2,1,15,4,1,624973
1018,4,2,16,9,1,277501
2936,5,2,17,2,1,483133
978,4,2,19,5,0,80704
2396,4,1,11,2,1,511737
4161,2,2,5,1,2,369527
2878,4,4,5,5,1,263814
3665,2,3,14,2,2,84307
2688,1,3,26,7,1,160924
3699,5,4,8,8,0,472136
2782,4,3,5,2,2,102928
800,2,1,7,7,0,542216
2463,3,2,16,4,1,556837
1379,4,2,14,1,0,447855
3577,1,2,4,3,1,737798
3704,1,1,17,1,0,604297
3719,3,1,6,5,0,166172
1102,2,1,16,8,2,539895
3054,4,4,29,1,1,320226
4245,2,1,10,9,0,311505
2351,1,3,29,3,1,335840
1404,2,4,14,5,2,450877
2746,1,4,4,9,0,67564
3331,2,4,13,5,1,587925
2495,3,1,18,9,0,733150
3373,5,4,33,8,0,153695
2170,3,1,21,7,0,290953
1560,3,1,16,1,0,278371
4410,5,4,15,4,2,334712
3260,5,2,5,9,2,677827
2085,4,2,6,8,1,320515
3290,4,4,3,4,1,392991
4440,3,2,12,1,0,625884
1628,3,3,33,4,0,601479
3889,1,3,33,3,0,701371
1102,1,1,31,6,2,716775
3414,4,2,21,5,0,100276
997,4,3,27,5,1,107650
1470,1,4,27,2,0,124427
3442,1,2,8,3,2,668657
992,2,3,32,6,0,730766
806,2,3,26,2,2,154957
1638,1,4,2,4,2,292872
2481,2,1,12,2,2,399460
4225,5,4,22,9,2,624159
3539,4,1,17,3,1,334365
2084,4,3,7,6,2,605404
4362,1,1,4,1,1,296871
4246,3,3,32,3,1,101474
1463,1,3,11,8,0,278091
3390,2,2,1,5,0,624388
3912,3,1,25,8,2,177982
1163,2,1,24,2,0,308668
1620,5,1,17,7,2,327560
695,2,4,8,9,0,75251
2523,5,2,27,7,2,480290
2357,5,2,18,3,0,510900
3132,2,2,27,7,0,319463
4078,2,4,22,8,1,577656
2878,5,1,16,1,0,376966
3396,3,1,2,3,0,259076
2278,5,1,5,5,2,103655
3842,4,2,18,6,1,149091
1140,5,2,3,3,2,203016
1659,3,3,27,4,0,322459
3172,4,4,17,5,2,270741
1783,1,4,16,3,1,227829
2322,1,2,6,4,2,158834
3914,3,3,7,5,0,477484
3757,5,1,14,2,2,693186
2419,2,2,15,9,0,373155
3225,3,4,33,8,1,523509
3329,4,4,27,6,1,624928
3204,4,4,29,3,2,221039
2197,1,1,5,2,1,675619
3660,4,4,29,7,2,613086
3293,3,1,32,8,0,515004
1395,4,1,6,1,2,168262
1651,3,1,2,6,0,421515
2243,2,2,6,7,1,421175
4227,1,1,4,9,0,151897
1963,4,3,29,3,0,650535
4469,3,4,25,2,0,202157
2581,5,2,9,5,0,677550
1954,1,4,3,1,0,526676
2263,2,1,26,6,2,141085
2129,3,2,27,9,0,187061
2638,2,3,32,9,0,380996
4019,2,1,1,7,0,168293
2096,4,4,16,7,0,324704
3902,4,3,11,8,0,79944
2837,3,1,26,2,0,389857
3896,5,3,1,6,1,306597
2008,3,1,26,5,2,80098
2000,5,2,28,5,0,292454
1906,2,1,9,3,2,611763
3280,1,2,22,3,1,495952
3275,3,1,8,6,1,736776
1572,3,1,27,7,0,438482
2368,5,4,19,1,2,62948
1882,2,3,25,3,0,717880
4030,2,3,21,1,1,263877
1309,5,3,24,3,1,449438
2079,2,1,24,5,2,122976
2034,4,1,19,9,0,204408
1248,1,1,2,3,2,575501
917,3,2,14,9,2,152816
4348,1,2,32,1,1,581908
3896,3,4,32,6,2,386710
4490,4,1,28,9,1,207818
1857,2,3,13,5,0,427800
1283,5,3,12,2,2,415392
1263,4,4,8,5,2,138372
2598,1,3,15,1,0,741071
4498,5,4,26,9,2,726699
4045,2,1,12,9,0,616327
4343,4,3,27,6,1,713312
2231,5,1,18,9,1,303859
2095,4,2,27,3,2,121086
3904,4,3,9,4,1,246179
4363,2,2,1,6,1,263737
1736,3,3,7,4,0,244075
2453,5,1,26,1,1,239861
2120,2,4,7,7,1,509024
3089,4,1,7,5,1,286805
1163,2,1,8,8,0,714484
1891,3,1,16,9,2,665452
4181,5,3,3,5,0,564460
4478,3,4,10,8,2,238164
4057,1,2,7,1,2,539697
4058,5,1,21,1,1,560475
3784,3,3,31,7,1,290395
2236,4,2,23,6,0,580069
4296,5,1,27,5,0,501624
3599,5,2,22,5,0,125124
3752,2,1,27,9,1,357753
1298,4,2,4,1,2,298242
2760,1,2,24,8,0,503376
601,3,4,23,2,2,220024
1241,2,4,19,7,1,648691
2867,3,1,3,6,1,532320
2189,1,3,27,2,1,562550
1454,1,4,3,3,1,137538
2359,5,2,28,4,2,122525
3896,1,4,17,7,2,653536
3032,3,4,31,8,0,189210
4074,4,1,10,2,2,361970
2261,4,4,22,8,2,341472
1753,5,4,30,9,2,143247
1676,3,2,21,7,0,314590
2307,3,4,23,1,2,373556
3377,1,2,12,6,2,667637
2295,3,4,25,8,2,368357
2333,2,4,20,5,1,747039
2039,1,3,7,2,2,548340
2894,2,4,29,5,0,570866
1435,5,2,29,8,0,144388
4110,4,2,13,2,0,435102
802,5,1,3,1,0,90907
3855,4,1,2,4,1,155707
722,5,3,16,4,0,451329
1000,3,2,30,9,1,576224
1366,2,2,6,3,1,534200
893,4,2,7,4,1,719326
2927,1,3,5,3,0,167412
3531,2,2,7,2,0,245505
4281,1,1,34,4,1,736761
797,2,3,32,8,1,212611
3629,2,1,13,1,0,123534
2530,5,1,30,8,2,277065
4182,4,3,25,8,2,96555
3399,4,4,21,3,2,560651
2791,2,4,21,6,0,681203
1208,3,1,28,4,0,332614
3872,3,4,20,1,1,265801
1747,1,2,34,1,0,375068
786,1,3,5,5,0,291588
3997,5,1,18,8,0,446651
3111,2,2,11,1,1,540829
4020,1,4,17,2,1,227831
2394,1,2,22,7,2,570091
1259,2,4,20,8,2,336879
3411,5,1,6,3,0,631299
3602,1,2,34,8,0,358815
2555,5,3,14,1,1,445052
3050,4,1,23,9,2,563771
1969,5,2,20,2,2,479052
2586,3,2,13,2,2,424118
2134,3,4,32,4,0,188338
746,5,1,26,3,0,278510
3819,3,1,14,4,0,645142
3511,4,1,8,6,1,96091
2334,2,1,22,7,2,198192
2443,3,4,22,5,1,67859
1088,3,3,16,2,2,289475
3576,5,1,27,3,0,236549
2559,4,4,10,3,1,197858
2263,2,3,25,5,1,681014
3198,5,3,31,5,0,653533
2985,5,4,21,4,2,537906
3519,4,1,27,8,2,700006
1240,2,3,17,6,2,648194
2402,4,1,33,6,2,129745
3120,2,1,31,1,0,148915
2569,4,2,26,6,0,471219
2798,5,1,21,3,0,299464
2038,5,2,1,6,0,151087
3969,1,3,4,6,1,582853
2234,3,4,4,2,1,593995
862,4,2,26,1,1,739739
2387,1,4,4,3,0,110277
2791,3,3,9,5,2,140748
2993,4,1,30,4,1,139859
1223,2,3,4,7,1,420614
1616,3,4,5,4,0,383723
4243,5,3,23,8,2,132884
1480,1,1,16,7,2,314557
2649,3,3,22,9,2,653167
3544,3,1,8,1,0,176506
1927,5,2,33,5,2,626403
2901,4,4,16,4,1,384167
4323,2,1,5,6,1,544143
1052,5,1,16,1,1,672231
3708,2,3,7,6,0,513200
1783,4,2,1,1,2,431373
3662,3,1,9,1,0,493963
2656,2,2,18,8,2,736915
3904,1,2,3,2,0,479839
3770,1,3,24,6,1,556929
2282,5,1,28,6,0,312140
3463,4,3,10,6,0,284535
2855,5,4,9,8,0,454283
1754,5,4,13,4,1,601553
1003,5,1,23,3,0,132445
2799,1,2,17,6,0,736776
2701,1,1,7,4,1,574406
3791,5,1,16,2,2,419045
2296,1,4,20,6,0,243863
1227,4,4,24,5,1,217197
1186,5,2,5,9,0,363204
2248,1,2,6,6,1,615699
2043,2,1,28,3,2,112684
2045,5,3,5,5,2,746962
703,5,1,2,8,0,568311
853,4,2,21,9,1,132740
3898,3,3,18,8,2,603187
3783,3,4,12,3,2,553259
3157,4,2,17,9,1,260660
2096,4,2,15,3,0,642140
698,4,3,7,8,2,727373
2800,3,2,14,9,2,714608
2484,4,2,1,7,2,425168
3561,1,2,3,4,0,584966
2519,5,2,31,9,2,577379
1477,5,2,13,3,1,745712
937,2,2,18,3,0,724458
4377,2,2,17,2,2,723819
3469,5,2,17,3,1,361038
3834,1,4,11,1,1,546431
4391,3,2,20,4,0,420346
1556,3,4,10,8,1,400907
2304,1,4,29,5,0,130442
760,3,1,34,2,0,67898
2203,4,1,17,3,0,372496
3448,5,4,13,1,1,369351
997,5,4,27,2,0,573259
1900,1,2,26,1,0,394024
1415,3,1,28,2,1,442762
2127,2,3,13,3,0,429538
2519,2,1,12,1,2,218438
2015,3,4,28,9,1,434526
1758,2,4,2,5,1,726196
1818,1,2,34,8,1,601730
1000,1,2,23,5,2,378580
1239,3,1,29,8,0,306447
3704,2,2,11,7,1,573481
3335,1,3,33,4,1,573494
1059,1,3,11,7,1,188934
1554,4,2,9,6,2,494136
1069,4,3,14,3,2,181751
4046,1,3,9,9,2,560499
1645,3,1,3,9,0,596974
3397,5,3,29,5,0,627892
2293,5,4,19,8,2,101163
2685,1,4,32,7,0,586779
2877,1,1,7,9,2,119382
4036,1,2,28,7,0,137096
1162,3,1,18,4,0,67011
3085,4,2,5,4,2,540836
2399,1,2,23,8,1,481849
3954,1,2,22,6,1,720222
2674,2,2,26,9,0,315178
825,3,2,12,7,0,236375
3948,1,1,19,7,0,464919
1397,2,2,1,4,0,183793
4280,5,3,3,3,0,430059
2931,1,3,27,8,0,75096
3526,1,2,18,7,2,388035
1559,2,3,30,4,1,178160
2104,3,4,2,4,1,592720
1052,1,1,5,1,2,468916
3667,5,1,29,7,2,709078
1415,1,2,33,1,1,578372
1258,5,2,20,4,1,379006
4187,4,4,30,3,0,157186
1146,4,2,5,3,1,368762
1815,5,3,21,1,0,142774
3720,3,4,15,4,0,643946
4183,1,3,20,1,1,677600
616,1,1,8,8,0,443195
3843,4,3,31,1,0,188081
1843,5,1,12,6,2,206451
2805,1,3,21,7,1,638886
3124,1,1,30,2,2,364164
1669,3,2,27,4,0,592861
4044,2,3,26,3,0,475631
3165,4,1,33,9,2,373772
2746,4,3,26,7,2,112287
2368,2,4,26,2,2,435982
1660,1,2,1,6,0,562550
2927,3,1,15,9,1,323088
4020,3,4,1,3,0,459056
3144,4,3,11,6,2,506330
901,3,4,2,3,1,361586
780,2,3,1,3,2,318153
1206,1,2,31,4,0,234561
3770,2,4,16,9,1,366422
1299,5,2,22,8,1,342278
1592,4,1,18,1,0,394858
1739,3,3,17,1,2,523920
790,5,3,30,7,2,748014
2900,3,2,10,3,2,261599
1580,1,2,21,7,0,330290
3575,1,1,16,9,2,172188
2606,1,4,6,3,1,524042
1784,3,3,3,3,2,572142
3927,5,3,21,2,2,533596
3994,1,1,13,1,1,583464
727,5,1,18,9,1,428599
2665,3,2,24,6,2,248603
2416,5,2,27,6,1,668068
2358,3,4,4,8,0,199006
3213,3,1,22,5,1,417525
1169,4,4,24,9,0,291948
1946,3,1,10,5,1,239121
2495,3,3,2,2,0,428499
3333,2,1,6,6,0,508496
4463,1,1,18,9,2,155597
1225,4,3,17,3,1,506620
3959,4,1,23,4,1,62127
3501,4,4,30,8,1,266691
2286,2,2,21,6,0,734451
3609,3,2,10,7,2,447697
4310,1,4,13,7,1,338021
754,5,3,12,4,2,526568
3137,3,1,9,6,2,592639
2009,2,4,4,9,0,445367
1384,3,2,24,3,1,468864
3775,3,2,34,8,2,379692
4064,2,4,5,7,1,169538
4482,4,2,15,4,1,415141
845,4,4,4,3,1,560016
3847,1,2,8,7,2,253895
3710,1,4,24,9,0,447741
2100,4,1,28,3,0,301509
2305,5,1,27,9,2,492233
3406,3,1,1,8,1,99253
1137,5,1,34,3,1,291181
2490,3,2,17,8,0,146967
2441,4,3,26,4,2,212996
1520,1,4,24,6,2,619152
3055,1,3,21,2,0,334637
1124,5,2,30,8,2,65337
3475,1,2,13,9,2,123281
2129,4,3,3,7,0,600323
3550,5,3,32,8,0,410998
4496,3,2,19,7,2,298913
635,1,2,14,4,2,297798
1284,2,4,22,1,0,260390
619,1,1,17,3,0,342028
2968,3,1,4,7,1,69074
4447,5,4,19,7,2,86907
3159,3,3,2,3,2,278597
999,2,2,15,1,0,426867
3301,4,3,2,9,0,592912
1571,1,1,11,6,1,315160
2506,5,1,23,7,1,526641
3118,4,3,10,1,0,201527
1766,3,1,3,1,2,303808
1715,5,2,5,4,1,202266
4025,4,4,3,7,0,545740
1433,5,3,13,8,0,133106
2423,2,2,19,9,0,81487
3374,2,2,24,1,2,60617
2582,1,1,24,4,0,170988
1453,1,2,17,4,0,447529
650,2,3,10,3,2,166813
4336,5,2,2,7,0,697309
4369,2,4,23,1,0,721645
1174,1,2,6,9,1,617512
3861,2,2,2,8,0,88994
1748,2,4,21,2,2,384583
2797,5,2,29,2,1,686466
2961,4,2,7,8,0,392653
3217,1,1,29,1,2,654598
4013,5,3,23,7,0,500333
2952,2,1,33,9,1,306763
2315,2,3,8,3,2,574752
1281,4,4,12,7,1,372362
1437,1,4,10,6,2,321312
4454,1,4,15,7,2,364732
1677,3,3,24,7,0,73302
3650,1,3,26,1,2,508976
3091,4,3,3,3,2,587522
3260,3,4,2,1,0,721854
3640,3,3,6,5,2,250697
2911,2,2,21,3,2,431878
3724,2,1,9,1,2,655091
2195,1,4,10,2,2,508539
3651,3,1,3,5,0,203618
4291,2,2,24,3,0,739839
604,4,3,22,6,1,620725
1726,2,1,14,9,2,725017
1819,2,2,27,6,0,672277
1373,3,2,33,2,2,160265
1476,3,1,22,2,0,339403
1591,5,4,29,8,1,265342
3531,4,1,19,8,2,282202
4021,3,4,19,6,1,86004
646,1,3,6,7,1,535710
3514,4,4,19,1,1,339986
3470,4,3,13,9,0,544827
3583,3,1,26,5,2,620483
4491,4,3,22,9,0,188138
3303,3,2,21,2,0,67736
868,2,3,2,8,2,632546
969,5,4,30,7,2,418948
1235,2,4,27,4,2,628799
1729,3,4,7,3,2,326350
2293,3,3,20,4,0,79348
2282,2,4,31,4,2,116057
1256,1,4,23,8,2,435503
719,1,2,13,4,2,177615
1430,1,3,17,5,1,560393
2410,3,2,4,2,2,478070
4275,4,4,14,4,2,340176
1681,3,4,20,7,0,376823
2574,4,4,13,3,1,220344
1969,2,3,3,1,0,429798
1340,5,1,26,8,1,698457
4145,4,4,26,8,0,357253
716,1,4,18,6,0,110670
2453,3,4,32,7,2,553358
3438,2,4,14,2,2,372166
1750,1,3,3,5,1,458754
4064,2,1,1,7,1,628525
2531,5,1,26,9,1,724893
1612,3,1,24,1,2,268872
2264,3,4,14,3,0,106304
1681,5,4,3,6,1,306888
1233,3,1,13,7,2,596107
1112,4,1,14,6,2,596479
4422,2,4,21,1,0,66499
3449,1,4,26,4,0,647289
1719,5,2,3,6,2,694671
4309,4,2,4,8,0,601956
1741,1,2,1,4,0,724122
1159,1,1,33,7,2,734608
4272,5,3,7,3,1,267941
1087,4,4,11,8,1,438809
3908,1,2,27,1,2,321566
1496,1,3,14,4,1,691230
3943,4,4,22,8,2,73070
1812,3,3,16,4,2,675680
1303,1,1,12,2,0,157164
2070,2,1,10,2,1,501249
1180,4,1,24,4,2,478428
3437,1,2,18,4,1,685565
3508,5,4,22,2,1,64626
2894,2,1,9,7,1,109270
3747,1,2,17,6,2,62292
753,2,2,13,3,0,438936
2279,2,2,6,8,1,483801
4106,3,2,21,8,2,457035
1596,2,1,7,1,1,695274
3757,3,2,25,3,0,585568
3344,4,1,11,5,1,516696
3956,3,1,14,2,2,531993
1843,5,2,29,5,1,205219
1692,1,1,10,3,1,306522
3718,4,4,5,9,1,557019
1608,4,4,8,1,0,390694
2741,5,3,5,4,1,201845
2373,3,4,24,6,2,733241
1557,1,1,26,9,1,723640
3659,3,1,6,3,1,119593
1052,2,4,16,3,1,216627
1827,3,2,12,5,0,363565
3559,4,2,11,7,2,669760
2865,1,1,3,5,1,218404
3121,3,2,6,8,2,366732
3079,1,3,19,5,2,150491
2988,1,3,18,7,0,146416
1150,2,4,16,6,2,368302
2235,2,4,23,2,1,638086
1912,4,2,9,3,0,731515
3925,5,1,3,4,0,378100
2357,1,4,8,5,2,128486
956,5,3,4,9,0,244764
2670,4,4,12,6,2,149338
2385,1,4,31,1,2,721423
3169,1,3,25,3,0,401885
2381,5,1,16,7,1,628978
3771,3,4,14,8,2,741867
3449,2,4,13,7,0,67661
3851,3,4,7,5,0,227261
3894,5,2,12,8,2,291366
3409,2,4,4,9,2,204129
4330,3,3,2,7,2,276848
3089,2,1,3,9,2,421930
2231,1,1,4,1,1,359132
3416,3,3,12,9,1,203563
1615,2,2,19,3,1,382303
1948,2,3,10,6,1,401012
1115,2,1,1,8,0,253101
3687,3,3,17,3,2,618642
3439,4,2,16,4,0,406473
935,3,1,9,7,0,66504
2382,5,2,9,7,1,416105
2905,3,3,9,4,0,558448
1096,2,4,12,9,1,687179
1495,1,3,15,3,2,314936
2807,3,2,2,8,1,152732
4146,3,3,11,8,2,210362
1451,2,4,11,4,1,561706
2287,1,2,8,7,0,556576
2531,1,3,32,4,0,295358
3337,5,2,6,1,1,197213
4346,3,2,20,1,2,387124
3027,1,1,8,1,2,716431
2168,1,1,34,2,1,208192
1556,4,2,19,6,0,151477
3338,4,3,7,5,2,295752
4098,1,3,31,2,1,739493
2236,5,3,18,8,2,697934
1891,1,4,14,9,0,245935
4248,2,2,17,7,2,342098
2040,3,2,9,9,1,445468
1791,5,4,20,4,2,402355
1666,2,2,28,7,2,716979
4227,5,2,20,5,0,258812
884,2,4,27,5,0,661518
3044,3,1,8,3,0,694410
611,3,2,32,9,0,231414
2230,4,4,1,5,1,462589
3973,2,3,17,6,2,333592
3924,4,1,9,3,2,222282
3146,2,3,20,7,2,478626
1353,4,2,32,9,2,256119
2682,3,1,2,9,1,315984
3374,5,4,32,5,0,259372
3496,4,2,9,7,2,255807
689,2,4,30,3,2,333611
1375,2,1,20,6,0,199271
3252,3,3,1,8,0,87095
3617,2,2,5,8,2,693003
2225,1,2,1,2,0,289071
3669,5,4,14,6,2,361151
1017,4,1,9,7,2,178562
714,5,4,30,7,2,612592
1216,3,1,24,3,2,156729
3867,4,2,4,9,2,246293
1425,4,1,14,2,2,131120
4172,1,2,25,3,0,658629
2249,3,1,4,2,1,134625
2116,2,3,25,9,1,215757
3746,1,1,10,4,2,580901
1012,1,3,7,2,0,649704
4047,5,1,13,3,2,173792
4091,5,1,4,4,0,120356
1328,5,4,14,6,2,333254
3948,1,4,18,5,2,683752
3668,2,2,8,3,1,301549
3408,4,4,32,8,0,736488
1275,5,1,27,8,0,689923
4065,2,4,23,7,1,598972
2492,3,1,7,3,1,504371
3104,5,3,12,1,1,173102
3567,4,1,25,5,1,716887
2839,3,2,3,1,0,476918
3386,3,3,26,6,0,430553
4360,4,2,4,7,1,612045
1722,5,2,15,5,2,269693
2171,1,2,32,4,2,382351
1577,4,4,29,2,2,605282
1608,4,2,10,5,2,549697
2743,4,3,21,9,0,705697
2287,3,1,16,4,0,314457
3310,2,2,19,2,0,146170
3861,1,3,29,6,2,168502
4407,5,2,18,8,1,90569
636,5,1,16,2,2,170702
4451,2,3,1,9,0,328770
4040,4,3,2,7,2,685447
4366,1,1,15,2,1,588252
2148,5,3,28,5,1,313695
2926,5,1,1,5,2,434938
2864,4,3,5,7,0,340202
3514,2,3,22,5,0,282374
1472,1,1,13,6,0,302706
2421,2,1,1,9,2,226232
1896,2,3,16,3,0,207334
2709,1,3,22,3,2,427326
1195,1,1,32,8,0,553441
2503,5,4,16,6,1,726244
1328,5,1,15,3,1,64433
1965,1,3,12,2,0,405891
996,3,3,1,2,2,398371
1298,5,3,17,2,0,674484
3690,3,1,28,5,2,352228
2824,1,3,7,5,1,698743
2235,5,4,9,1,2,346946
995,2,2,22,2,0,298875
3092,1,4,26,2,1,641300
3904,4,1,12,4,2,698898
675,3,3,7,7,2,473830
864,1,1,15,3,1,523785
3102,1,2,21,5,0,392066
2419,5,1,14,9,1,268758
1317,5,3,2,5,0,68157
3382,5,2,8,9,0,633030
4055,4,2,6,1,2,287016
4235,5,3,33,9,0,591963
1450,1,3,6,5,0,348372
4177,5,3,26,8,1,83349
1990,2,1,14,5,1,189417
743,5,4,8,6,0,371322
1484,4,1,13,8,2,265732
3740,2,1,13,2,1,197660
3770,1,4,28,3,2,680767
995,1,3,18,9,1,713332
3696,3,3,19,5,1,147687
3595,2,4,32,5,0,712613
3538,3,4,22,9,1,123196
2092,2,1,2,3,1,568370
4155,2,2,13,4,2,92400
4236,4,4,23,7,1,575593
3822,3,1,25,2,1,335680
1767,4,2,28,8,2,455916
3216,2,3,11,5,0,668895
1662,1,3,33,1,0,622388
2756,2,1,24,3,1,279798
4364,4,1,2,9,1,474656
1665,3,4,30,5,2,282688
1809,3,3,17,8,0,563679
3582,4,1,34,1,0,617235
3045,3,3,22,7,0,395676
3894,5,3,5,7,2,300153
1233,1,4,16,8,2,402542
1756,1,2,13,3,2,119413
3834,1,4,26,1,1,294840
1838,3,1,31,9,0,476320
1332,3,4,23,1,1,318810
834,2,4,12,6,1,404985
3305,2,3,14,9,2,620148
1350,1,4,18,2,0,524279
3235,5,1,27,4,1,446534
3680,2,2,28,2,0,563311
3745,2,4,18,4,1,598015
1553,3,4,16,2,2,286575
3139,5,2,16,1,1,579372
3560,1,1,13,3,2,567432
3924,2,1,29,8,0,435915
3901,5,4,9,5,1,728284
2142,5,3,26,4,1,305911
1797,1,4,28,5,2,674412
2276,5,2,13,6,2,675114
1791,5,2,9,6,0,644782
2817,5,2,14,5,2,314200
2016,2,4,12,6,0,490518
3593,1,4,32,9,1,710511
3442,5,1,3,5,0,290096
3281,5,3,16,6,0,440061
1817,2,4,20,4,0,519758
2140,1,1,32,3,1,441560
2676,3,4,23,6,1,218116
3836,2,1,17,5,2,301687
2045,1,1,16,4,0,702789
2986,5,3,8,5,1,60537
4319,1,4,19,7,0,698521
2119,1,1,30,1,0,136552
1988,1,2,34,1,0,357597
2456,3,2,14,1,1,61980
1965,1,2,22,2,0,224379
1099,3,3,17,9,0,148966
2280,5,1,15,5,2,743989
1110,3,3,32,9,0,480991
3998,5,4,13,5,2,493245
816,5,4,21,7,0,680222
1924,3,1,33,6,2,314435
1755,2,2,27,2,1,101988
2427,4,1,16,3,1,508668
3741,1,1,28,5,0,715411
3923,4,1,34,4,2,454902
4086,1,3,1,6,1,313880
2410,1,4,31,8,0,461312
3092,5,1,33,8,0,168336
3523,1,1,33,3,2,445718
1805,1,1,18,4,2,438521
2814,3,3,23,1,0,345811
690,4,3,23,2,2,654399
1313,3,3,15,9,2,583931
2481,1,1,26,2,1,670780
4202,5,2,30,6,2,711288
638,3,2,25,7,0,136206
3797,3,2,16,6,2,730997
4122,2,4,14,8,0,535098
772,1,1,17,9,0,676764
1252,5,2,12,8,2,158941
1353,3,2,29,5,2,362891
1843,3,2,32,8,2,381893
4309,5,1,24,9,1,183569
1681,1,2,13,8,1,540686
2283,2,2,20,2,2,742542
3123,3,1,15,2,0,68903
1055,2,4,4,3,2,379926
1428,4,3,34,7,1,137261
1494,1,2,28,9,1,141604
1984,4,3,2,8,2,655374
2558,4,4,30,9,0,733527
3672,4,4,26,6,0,85443
3034,1,2,26,1,1,503856
2596,1,1,20,4,1,175155
2995,5,4,28,6,1,190560
789,2,3,20,6,0,557103
1104,2,3,11,8,1,220620
1814,5,3,10,1,1,268721
2131,5,3,23,2,0,409969
4040,4,4,19,2,1,209232
4080,5,2,18,6,1,499421
1423,3,2,27,7,2,384424
1528,2,3,6,2,1,538061
1533,5,2,10,5,2,358996
1740,3,3,2,6,1,367165
733,3,3,24,4,1,66195
2705,3,1,28,1,2,477502
4227,3,4,28,3,1,137674
1284,4,4,2,9,2,578412
3319,3,3,5,6,1,348863
2820,4,4,11,2,2,600480
2452,4,2,10,9,2,667924
1414,3,3,2,4,1,131812
1772,2,1,15,8,1,87551
679,3,2,7,7,2,180920
3533,3,1,20,3,0,121444
3884,3,1,34,8,1,748484
802,2,4,34,4,1,335798
3411,1,4,22,2,0,60203
1852,1,3,31,5,0,735489
2299,4,4,23,1,2,700572
1850,4,1,19,8,1,394294
2282,2,1,4,8,2,748624
2155,5,2,24,3,1,449956
4112,1,1,20,1,0,240286
4073,4,3,28,4,2,520331
2694,1,3,17,9,1,248955
1856,2,4,19,9,1,506661
3976,2,4,32,1,0,428298
2149,5,4,30,7,0,260733
1766,5,3,17,6,1,570617
4086,2,1,29,7,0,450206
4184,4,4,6,7,0,381343
1996,1,2,17,8,2,685971
4237,3,4,17,8,1,635038
3930,5,3,14,2,2,76119
3303,3,4,24,4,0,346161
1070,4,1,32,4,1,239852
3618,5,4,14,8,0,217276
1635,3,3,27,3,0,472778
1953,4,3,19,3,1,316599
3383,1,2,31,2,0,81497
3431,4,3,9,1,2,325516
1567,5,2,17,8,1,672971
957,2,1,19,9,0,697004
3619,1,3,4,9,0,374072
4079,3,4,11,8,0,77197
1267,5,1,22,5,1,159456
972,2,4,4,1,2,246056
1631,4,4,17,9,0,578851
1745,2,4,8,6,0,717243
1971,5,1,34,7,0,338795
3323,5,1,11,8,1,587100
689,2,3,31,5,0,155981
4319,4,4,11,6,0,302248
3345,2,2,21,7,0,328706
3987,5,3,30,7,1,525765
3849,5,1,10,2,2,582082
1139,3,2,26,1,1,392857
3379,3,1,27,8,2,240607
1468,1,2,8,5,2,514516
640,5,3,8,2,1,439682
1339,3,2,8,3,0,156765
4375,2,3,34,6,2,547853
2546,4,1,16,6,0,148641
3149,2,2,13,8,2,280075
3606,4,4,23,5,0,667257
3816,3,4,12,5,0,340361
1824,1,1,27,7,1,156844
1528,2,2,22,5,0,200061
2636,2,4,32,9,2,669183
4395,2,3,27,6,0,247922
3108,4,2,2,7,0,582005
3379,3,2,33,8,0,575904
3399,2,4,26,5,2,241514
1524,2,3,28,4,2,395641
3556,1,3,19,8,2,739343
2181,1,3,5,9,0,329330
4218,3,2,33,1,1,460722
3924,3,1,20,3,2,494242
989,5,2,30,4,0,240023
2217,1,2,8,7,2,708560
3530,5,4,17,6,1,252407
855,4,1,1,1,0,153133
1308,5,3,3,4,2,132306
2438,2,4,26,6,2,216226
2544,5,2,31,3,1,149854
3097,3,1,8,2,2,503973
609,4,3,8,2,0,231827
3471,2,3,28,4,0,484574
1397,5,2,4,1,1,279046
3913,4,3,16,2,1,447002
3922,4,3,13,2,1,687097
1476,2,1,20,4,0,546208
1628,5,4,5,4,1,607919
3790,4,1,20,1,2,327951
1615,4,4,24,7,2,533908
2424,1,4,34,7,0,714472
973,4,4,34,1,2,596196
3736,1,3,19,8,1,739795
2793,5,1,17,7,2,646004
823,5,3,5,7,1,90432
1862,5,2,25,6,2,160458
2824,3,1,18,4,0,467443
2402,5,4,8,8,1,533017
1452,4,3,27,2,2,275796
3953,2,3,15,7,0,733964
662,1,1,13,3,2,416245
1840,3,1,16,3,0,551340
3474,5,4,22,7,2,288682
3442,5,4,20,3,1,85790
1288,2,2,13,5,1,542110
2084,2,4,20,8,1,484160
2233,3,3,2,4,1,739872
2752,1,2,19,7,1,469123
3770,5,2,6,7,2,533221
1110,3,2,14,2,2,631484
984,4,1,4,8,2,234835
1004,4,4,22,9,2,512790
3470,3,2,34,6,1,425260
1117,5,1,27,5,0,724010
1075,3,1,7,1,1,380114
2600,5,2,3,1,2,717816
3356,2,2,33,9,1,469806
2268,3,3,2,4,1,236800
2493,5,2,16,1,1,411525
3418,3,3,25,3,0,723511
2060,3,2,15,6,1,726347
3694,5,2,24,8,1,377818
3644,5,4,15,2,0,369911
4236,1,2,31,8,1,175737
3324,3,2,14,1,1,263431
1313,4,3,14,2,1,361788
4129,3,3,6,8,1,571908
682,3,4,14,7,1,494651
1768,5,2,17,5,2,461272
3756,3,2,18,2,1,278299
3749,3,3,20,9,0,559256
3104,4,1,17,5,1,146549
2501,5,1,16,8,2,488729
2648,3,1,32,4,0,542159
650,2,3,9,9,0,346804
1284,1,3,27,7,1,62639
1316,4,1,33,2,2,671144
4443,3,1,10,3,1,332766
2069,2,2,17,2,2,178192
1048,3,3,17,5,2,340952
1480,3,3,18,2,1,508852
1087,5,1,23,5,2,524048
2423,5,1,34,9,1,345095
2681,5,4,8,2,2,701197
4019,2,3,13,9,0,257013
2742,3,4,23,7,1,307889
3743,1,2,20,7,2,236148
2174,4,4,22,5,0,705810
2801,5,1,23,8,0,191469
849,5,3,3,7,0,598953
1273,3,3,34,6,0,598848
1037,3,4,33,2,1,348520
2765,2,4,17,6,2,473073
1370,2,2,19,2,0,211382
3977,5,2,30,1,2,232469
867,3,1,23,9,2,442231
2584,1,1,15,5,2,633286
1677,4,1,14,4,1,386997
835,3,4,2,8,1,162304
988,3,4,18,5,0,472264
3637,2,3,6,7,2,372361
4405,4,1,32,3,1,540500
1362,5,4,21,8,1,249692
2448,3,3,28,8,1,214957
3048,5,1,27,3,0,393975
1223,3,2,2,9,1,591391
3414,5,2,33,8,2,315948
3974,4,4,16,1,1,206528
3566,2,3,22,8,1,340372
3878,4,2,13,4,0,322190
1852,1,3,2,6,2,388499
3500,2,3,14,9,1,489791
1177,4,2,28,5,2,454296
2722,1,3,7,7,2,700253
1034,3,2,18,1,1,75930
2750,3,4,4,9,0,140823
4093,5,1,30,6,2,422665
4375,2,1,24,4,1,138880
1363,3,4,20,6,2,278626
3385,2,2,31,5,2,232827
3453,3,2,24,3,2,67293
1929,5,2,7,7,1,652830
2745,4,2,26,3,2,120528
3445,5,4,13,2,2,477572
1958,1,1,8,4,0,168885
3506,3,3,5,7,1,205771
3082,1,3,13,5,1,219506
1046,1,1,29,9,2,638957
2617,2,4,20,7,0,339746
1931,3,3,14,9,2,231858
848,1,1,32,9,2,176032
765,4,4,27,2,1,617193
4152,1,3,25,1,0,237996
3631,4,2,4,4,2,597669
1958,2,2,21,4,1,310666
1619,1,4,18,2,2,350274
1141,5,2,15,3,2,614703
1358,2,4,24,3,0,240200
3777,4,1,8,5,0,144679
4234,2,1,28,1,0,175458
2728,1,3,21,9,2,191460
2780,3,4,16,8,0,661940
1396,3,3,16,8,1,210878
3547,4,3,17,3,2,124333
737,4,1,9,2,0,170930
2831,3,3,29,1,2,583940
4072,4,2,18,6,2,326996
1953,2,3,12,1,1,461843
3432,5,4,19,5,1,744408
4179,5,2,22,9,1,422430
2475,2,1,15,9,2,173120
3631,5,4,1,4,2,660884
668,1,2,2,7,1,448841
3193,2,4,8,7,2,511333
4445,4,2,22,4,1,637770
2700,2,4,25,5,1,399838
2073,3,4,2,9,0,733436
804,4,2,9,7,1,177458
2773,3,1,9,7,0,179614
4418,4,1,13,7,1,538403
642,5,4,6,9,2,511698
4423,2,4,30,5,0,673772
2506,1,1,15,6,2,733439
2758,4,1,15,3,2,480123
1360,4,3,7,1,1,409511
4334,3,1,11,2,1,376756
3854,5,4,2,8,2,693453
3495,3,2,10,1,1,70248
2742,3,1,17,7,1,149169
2594,5,3,7,5,1,679327
4045,1,3,4,6,2,67461
2535,3,3,31,8,0,218070
4191,3,2,25,4,0,728181
1499,4,1,13,6,2,604158
959,5,1,18,3,1,597698
3547,2,1,21,7,1,147721
2319,1,2,1,2,0,79133
880,1,2,8,8,2,611688
3866,5,4,21,7,2,94173
2487,4,3,21,8,1,71179
3866,4,3,27,2,1,252958
1266,5,1,19,3,1,95495
692,4,2,23,4,2,328631
1271,1,2,5,9,0,599048
2569,1,1,8,5,2,449744
660,2,1,11,6,2,151975
3281,5,4,16,1,2,676753
3722,3,3,24,4,0,351547
4074,3,3,21,4,1,175625
4460,2,3,23,8,1,61755
1628,2,4,8,8,2,712788
2089,4,1,7,6,2,131352
1203,2,1,2,8,0,536352
1281,2,3,30,9,0,485832
3181,3,3,13,5,1,438035
2028,4,4,23,1,2,258498
3485,2,2,29,1,0,696421
4184,2,2,20,2,0,478182
3292,4,3,33,2,2,591976
2880,5,4,29,5,2,230556
1123,4,3,15,7,2,733939
2993,3,2,23,7,2,204086
3717,5,3,3,4,2,108443
3193,1,2,29,4,2,233033
2568,4,2,8,3,0,249986
1701,3,2,22,2,2,441230
2353,5,1,29,3,1,620685
2436,4,1,2,8,2,395446
3744,2,3,1,1,1,524899
3441,4,2,20,4,1,435561
2896,1,1,21,7,1,303818
2694,4,3,8,5,2,238250
1744,5,3,27,2,2,61063
2861,5,3,6,1,1,527582
2886,4,3,19,6,2,462550
1679,5,3,18,5,0,135848
2997,2,4,1,3,0,227115
706,4,2,25,9,0,388656
3478,2,3,27,3,0,694975
647,2,4,7,2,2,186230
4244,3,2,29,5,1,562926
936,4,1,31,9,2,719429
1649,5,3,19,8,0,321252
3451,2,4,6,6,2,730964
1880,3,1,25,3,2,74612
2655,4,4,31,6,0,623458
1224,4,2,9,5,1,236173
2490,1,2,20,1,2,650169
1876,1,1,10,5,2,538078
2315,2,4,27,7,0,200435
3366,1,3,13,9,1,133960
902,2,3,2,1,0,71990
1238,5,1,21,3,0,154258
655,2,1,33,8,2,187640
1325,1,1,24,6,1,563619
1125,5,4,34,5,0,366803
1073,1,3,9,2,2,616425
627,2,3,2,3,0,75573
2725,3,3,30,2,2,470050
3887,4,1,22,1,1,69554
4057,1,3,11,7,0,289726
964,2,2,17,3,1,277670
3313,5,1,13,7,1,73015
1125,1,3,7,7,2,119617
3346,1,4,16,8,0,694329
1935,4,1,33,1,0,135195
1482,2,2,1,5,2,442747
1630,3,2,11,9,2,744277
1626,5,4,6,7,1,274722
2246,2,4,20,1,0,197715
1518,5,1,26,8,0,73269
3397,1,1,12,3,2,340502
3010,4,2,30,4,2,552069
2374,4,4,28,4,2,682317
2131,3,1,27,8,0,581579
3945,4,2,19,1,0,143857
4177,1,4,5,8,1,453419
3453,3,2,5,9,2,580542
3386,2,3,27,9,1,252830
2506,4,4,28,5,0,403398
3686,3,1,26,4,1,424036
1815,1,1,27,4,1,116235
2254,5,3,21,9,1,357448
1084,5,4,1,8,2,344316
2675,1,2,28,7,0,658122
1313,1,1,15,3,2,554221
1662,5,3,17,4,1,629145
2576,3,3,26,9,2,201483
1896,5,4,20,8,0,329969
1854,1,4,25,1,0,681062
2733,4,1,13,3,1,476556
4145,2,3,33,2,1,103327
725,4,2,25,2,2,200324
3459,4,3,8,8,0,260344
1136,1,2,5,6,0,450811
2792,5,2,6,6,2,519153
4196,3,1,23,4,0,599610
3883,4,3,30,1,1,464407
2672,5,2,14,7,1,467881
2203,3,4,23,8,2,639792
4065,4,2,11,2,2,117631
666,3,4,31,2,2,567823
832,5,4,6,1,1,426727
2756,2,3,11,4,2,288121
1769,5,4,13,6,0,621306
2758,1,2,12,5,2,243758
2875,3,4,2,4,0,512042
710,2,3,17,4,1,128774
2093,3,1,28,7,0,723873
2681,3,2,28,7,0,392616
1222,4,2,22,2,0,581777
4447,1,3,7,7,1,356748
4040,3,3,15,2,0,308319
3395,5,3,32,4,0,651392
3242,5,3,11,1,2,168818
4225,4,2,24,5,2,680684
3072,1,1,3,1,2,589008
3260,1,4,30,4,0,625013
2141,5,4,6,9,0,544356
3339,2,1,2,8,1,361437
1905,4,1,14,6,0,118271
3991,4,1,18,8,0,739258
2361,5,3,31,5,1,459953
4114,5,2,13,7,0,95308
2575,2,2,26,8,1,518710
2962,2,2,12,7,1,538955
1476,1,3,18,4,2,445518
2589,4,2,9,5,0,351203
4412,4,3,21,6,2,216520
4048,5,2,24,6,0,718346
1912,1,1,34,9,2,444911
2060,4,4,8,2,1,543069
3309,1,4,33,6,1,112934
2924,1,3,23,3,1,544134
2333,5,2,13,2,1,721845
2205,1,4,14,6,0,287112
2126,2,1,14,4,0,442238
3271,2,1,16,5,2,178156
3163,3,1,26,5,0,411208
4021,5,3,26,3,0,333916
3490,3,3,1,4,2,727891
4117,2,2,32,3,1,641852
2997,3,1,15,7,2,548830
2230,5,2,21,1,2,622923
4335,5,2,18,6,1,479135
3470,1,1,30,4,2,213972
1760,4,2,13,1,2,621682
1358,1,4,24,1,2,95030
3546,5,3,30,5,0,529105
842,2,2,2,5,1,730919
3190,2,1,19,7,1,268920
1663,1,3,25,4,2,491224
828,5,3,14,9,0,467269
3195,2,2,6,4,1,495033
1519,5,4,12,7,1,425570
1846,2,2,20,5,2,707940
605,5,4,23,5,2,537628
3993,3,3,30,6,2,239453
1067,5,2,30,8,1,264819
2355,5,1,30,5,2,597803
674,1,2,30,3,2,429445
603,3,4,34,6,2,731695
2470,4,4,16,2,0,118724
1245,1,2,24,8,2,324319
717,4,4,14,8,1,62405
3528,2,3,26,3,2,636803
2229,4,2,8,8,1,591629
3151,5,4,14,9,0,739644
2621,4,2,31,5,0,743362
1546,1,2,2,5,2,282064
3221,1,1,4,6,1,513668
2064,4,2,1,7,2,676084
793,1,1,20,3,2,431604
1446,1,4,14,5,1,141499
3362,4,1,25,1,1,405669
2015,3,1,25,5,1,210013
3697,3,1,3,4,1,478235
2058,2,3,5,1,1,468995
2820,1,1,26,7,0,340570
3971,4,2,4,1,0,515884
2268,1,1,7,8,0,483399
2973,5,2,30,2,1,257386
2033,1,1,30,5,1,620215
1741,1,3,19,6,1,66395
3483,3,4,33,9,2,291122
2410,4,1,33,7,0,721334
1323,1,1,14,6,0,327294
824,3,3,10,5,2,137668
1131,2,1,28,6,2,109572
712,3,2,14,4,0,144028
2787,3,1,16,1,1,294050
1158,3,1,21,9,0,114497
2648,1,4,28,5,1,162300
2737,1,4,33,8,0,82466
1253,2,1,6,7,0,593838
919,5,3,15,8,2,375206
2173,5,4,3,1,2,95394
2428,5,1,14,9,1,513247
2517,2,4,2,1,1,252622
738,5,1,29,3,0,200559
4182,5,4,4,8,2,115084
3492,3,4,26,1,1,222003
2626,1,2,12,1,1,407435
2906,1,1,2,6,1,139220
4344,3,1,17,5,0,283356
1501,3,1,10,6,1,71366
1289,3,1,22,3,1,704813
2639,1,4,21,6,2,222935
609,5,2,15,2,2,743689
860,3,2,21,8,2,567426
2542,2,3,21,6,0,123818
2273,3,1,21,4,2,283133
2819,4,3,32,4,2,232443
3545,3,4,5,7,2,231313
2660,1,3,9,3,2,61676
1791,3,1,18,3,1,166094
4313,4,2,21,6,0,458498
2219,2,2,8,9,1,610510
920,5,1,34,1,1,570615
1942,3,4,10,5,0,252375
2236,4,1,24,1,1,69431
2976,4,4,24,1,2,717297
3432,2,2,32,3,0,61067
3424,1,4,33,3,1,663225
2594,3,1,34,4,1,687844
3558,4,1,11,3,2,466688
2543,2,1,31,6,1,486363
4221,5,4,18,4,1,675684
2638,4,4,23,8,1,376798
4090,2,4,22,1,0,515024
4277,1,2,18,8,0,243406
1718,1,3,20,1,1,276739
4488,4,3,13,1,1,720556
2204,4,1,1,7,2,278124
2965,3,2,4,1,0,270489
835,2,4,24,9,0,432567
2569,4,1,2,8,0,167041
933,3,2,28,1,1,261867
2508,3,1,26,2,2,153220
975,4,2,23,2,2,619978
4130,1,2,15,2,1,679648
1760,2,3,27,6,1,128923
3235,2,1,6,4,2,606114
2170,1,4,10,8,2,442384
3160,4,3,30,1,0,729913
1919,2,3,29,4,1,299438
3991,4,4,4,5,0,375309
3565,4,2,5,9,2,475890
4243,3,4,4,5,0,200631
2455,1,1,16,3,2,616540
1972,4,4,25,4,2,348248
4450,5,2,14,7,0,649957
1472,1,4,11,1,1,197679
1852,2,2,29,6,0,660927
2917,3,2,34,8,0,710430
2451,2,1,22,1,1,532124
3445,2,4,14,8,1,556644
1914,1,4,24,7,0,683652
1324,2,1,26,1,2,378680
3836,4,2,16,9,0,663872
2652,2,4,32,3,2,733930
3498,3,1,6,2,1,529671
4050,3,2,34,7,1,681504
677,5,1,8,3,2,512934
4081,3,4,30,1,0,554941
3221,2,1,27,3,1,320474
731,3,3,7,6,2,272911
1200,1,2,27,3,2,553798
2372,3,3,25,5,0,274156
1665,4,3,15,9,2,535753
2736,1,2,25,7,2,630108
3049,5,2,22,2,0,158235
2943,4,1,18,1,1,285328
2463,2,2,12,7,1,748578
1918,2,3,23,4,1,69990
1215,2,3,25,7,2,72778
4197,4,4,10,6,2,422340
3447,4,2,30,7,0,147448
4362,4,3,10,4,2,564882
4308,1,4,34,3,2,152334
3069,1,4,13,5,1,135012
2488,2,1,29,3,2,119871
1646,3,3,9,3,2,176445
1174,2,1,13,4,2,411017
2790,5,3,14,8,0,351734
1592,1,1,9,2,2,504733
3312,4,1,8,4,0,547808
2792,1,2,3,3,1,127145
1848,4,1,33,7,2,743226
3654,5,2,32,2,0,181909
1102,5,4,7,1,1,586195
2597,1,3,19,1,2,479154
1420,4,4,34,6,0,459026
4287,5,3,14,3,0,377744
2751,2,4,19,7,1,575870
3710,2,3,26,8,2,303439
2570,4,1,17,5,2,359849
797,1,3,28,5,2,540884
2269,5,3,19,2,0,339759
3226,1,4,27,8,2,135475
3038,2,4,19,1,0,155490
1802,5,4,33,9,0,582402
3201,1,2,7,1,1,388417
2071,3,2,29,1,0,146356
4171,4,3,5,1,1,308739
3686,4,3,30,7,1,692735
2246,3,1,8,4,2,268929
2292,2,1,12,7,1,92567
1912,5,3,13,5,2,588706
2635,4,2,26,7,1,364308
1077,3,3,18,7,0,586274
1854,3,1,20,4,2,622881
1522,2,2,16,2,0,356127
1019,2,2,3,8,2,172194
2804,1,1,27,2,0,562480
3197,4,3,15,9,1,575949
4112,1,4,34,5,2,420692
1720,3,3,22,9,2,185605
3668,5,3,23,9,2,369031
3644,5,1,4,8,1,582962
4082,2,2,23,8,0,584420
1550,5,1,9,4,1,206628
2936,5,3,24,4,1,386541
1877,5,4,21,2,1,594127
2843,3,4,16,4,0,250136
3245,5,4,25,4,1,302791
2457,5,1,26,6,2,276994
4193,5,2,9,3,1,496436
1116,1,1,15,2,0,447832
2258,3,4,33,8,2,388574
2465,2,3,1,2,0,323409
3512,1,2,5,8,1,738167
1741,4,1,9,7,0,287751
3453,3,1,6,3,2,240586
2532,3,2,28,6,0,247388
3830,4,2,26,6,2,124817
1414,4,3,28,5,2,418092
2875,4,2,15,8,1,747589
2500,2,3,6,5,1,232345
2863,5,4,27,7,2,639072
3595,3,4,4,6,0,296710
4367,5,1,11,7,2,546793
2662,5,4,21,9,1,312673
3828,4,4,30,3,0,204446
4319,2,3,18,7,2,187247
3932,1,1,3,3,1,630404
3828,2,2,12,2,2,119133
2694,5,1,27,7,2,582582
2971,2,4,30,4,2,399482
3491,4,2,21,1,0,372285
4356,1,1,21,6,1,271519
729,4,1,15,6,1,669888
4082,1,1,18,6,2,726015
694,5,1,29,2,2,459626
3274,1,3,21,1,2,513604
3402,1,1,17,3,0,423845
2555,1,4,18,2,1,302407
3963,2,4,12,6,2,224750
1393,2,3,11,6,1,82970
2434,5,2,20,5,2,573885
3954,1,2,9,5,1,471723
2716,3,4,1,9,2,252758
2283,5,4,3,5,0,138399
610,1,3,21,6,2,432405
3925,1,2,23,4,2,152874
2465,2,2,9,1,2,724757
3519,5,1,19,4,2,424474
3197,1,1,19,2,2,613943
3805,1,1,23,3,1,558389
1311,5,3,27,7,1,387590
2670,3,4,27,7,0,365783
1414,5,3,12,1,2,340974
945,5,2,27,8,1,554832
2949,3,4,34,7,1,68014
962,5,1,33,1,2,312617
3043,1,3,28,8,2,252803
2865,5,3,31,2,0,212931
2788,3,1,32,8,0,538805
4287,4,3,20,3,1,398902
3605,5,1,31,7,0,734268
3881,2,2,31,6,1,219765
1584,1,4,22,5,0,284491
3640,1,2,9,2,2,269948
4294,2,2,9,2,0,627990
2239,2,1,15,1,1,733705
1427,5,3,13,9,0,82687
3330,2,2,22,8,1,351725
4131,4,2,16,8,1,490609
3651,3,2,32,1,0,415877
955,2,3,2,5,0,429953
3655,2,3,26,6,1,730038
1947,4,1,14,2,2,610765
3804,1,2,34,5,0,375970
3535,1,4,8,6,1,519966
4476,5,3,21,9,2,604298
2463,4,1,28,1,1,118133
726,3,2,6,3,0,298934
3777,3,4,20,9,1,624931
3656,4,3,31,1,1,239065
1203,3,4,33,1,1,312572
4470,1,3,7,1,0,563335
4049,3,1,8,7,2,294855
2528,3,4,9,5,2,216150
1613,4,2,2,6,2,125708
650,4,2,17,8,2,315369
3700,3,3,17,2,0,677932
4133,2,2,30,2,1,665868
3967,4,4,6,3,2,197335
3968,5,1,4,3,2,342896
4397,5,3,9,3,0,102369
3426,1,4,6,4,1,656880
2030,3,3,13,3,1,382411
2392,2,1,22,2,2,671161
3461,1,3,28,9,2,354820
2236,3,2,30,6,1,173982
4076,4,2,2,3,0,519012
4017,5,3,8,9,1,243576
2245,2,1,9,4,1,192424
3067,5,1,1,4,2,561211
1805,4,2,13,8,0,236405
3630,3,1,15,7,0,119484
3472,4,3,32,7,0,144926
3672,4,4,34,7,2,372118
2454,5,3,31,5,0,125702
1166,2,2,14,7,0,474526
3018,4,2,14,4,2,695115
1535,5,2,29,8,1,454470
2534,2,1,19,9,0,588574
3308,3,3,27,3,1,526761
4102,3,4,9,7,0,391687
3616,1,3,28,9,1,337136
1932,5,4,24,1,1,646340
3808,2,3,28,2,2,725083
801,4,2,18,7,2,125183
4107,3,4,25,2,0,205662
2960,2,3,4,7,0,105002
716,5,1,14,1,2,499995
4337,1,1,26,3,0,297265
1536,3,3,8,5,0,203088
4474,2,2,24,6,2,457960
1174,2,4,16,9,1,561316
2891,2,3,20,9,0,170269
1136,5,1,15,3,2,421450
2225,5,4,7,8,0,499573
2722,5,1,17,4,0,352383
4477,4,1,22,7,2,466138
985,2,3,22,6,2,582203
3881,3,1,12,8,0,374291
1074,5,4,18,6,0,120631
1017,5,2,15,4,1,599661
2994,2,3,16,2,1,65156
4200,5,4,5,7,2,229623
3287,4,3,2,4,0,170661
1538,4,1,28,9,2,200725
1554,5,1,27,9,2,345212
1475,2,4,31,7,0,216745
1362,2,4,1,5,1,207227
1802,2,2,29,3,2,60570
1805,1,4,1,3,2,141736
1263,5,4,8,9,0,202841
624,2,3,16,9,1,98921
2590,4,1,28,4,1,472291
1803,3,4,22,1,0,594589
1309,3,2,18,5,2,446942
4172,2,4,22,8,0,294245
2479,3,1,12,4,0,501575
1784,3,4,19,4,1,377263
2824,1,3,25,9,2,129191
884,4,1,5,9,2,600635
662,4,4,34,7,1,705647
1602,1,3,10,8,2,82053
1261,1,1,7,4,2,642976
3313,3,4,15,8,0,448989
2803,5,3,24,6,0,186385
2092,3,2,26,3,0,465520
3720,1,3,26,7,2,689104
1566,4,2,26,3,2,91403
1448,3,4,10,7,2,435691
1707,5,3,17,5,2,429222
4032,3,2,14,4,1,574503
1288,2,1,2,3,1,660706
747,3,3,13,8,2,188391
4301,1,4,27,4,0,277307
941,4,1,9,8,0,736538
3123,4,2,7,3,1,733181
1686,1,3,10,9,1,585002
2324,2,3,9,6,2,304465
1983,1,4,22,5,2,527983
3208,3,1,23,5,2,404472
926,1,3,7,3,2,304539
2392,1,3,9,2,2,713484
2359,2,1,27,6,0,174312
3812,3,3,24,1,0,657170
1589,5,1,29,7,2,428486
2862,5,1,17,5,0,739484
3082,4,1,20,4,2,542800
1551,1,4,7,9,2,146951
1322,4,1,7,1,1,339655
3989,2,1,28,4,0,638876
2679,5,2,19,3,0,298274
3317,1,2,20,6,1,137567
2932,2,4,7,5,0,202287
3976,2,1,6,7,1,727211
1028,1,2,25,1,0,224622
2100,2,2,13,5,2,294676
885,1,3,22,2,1,701155
3815,1,1,17,2,2,454394
4095,3,2,22,2,2,259014
3690,4,4,34,9,0,144727
2665,2,3,8,3,1,432900
1368,2,3,18,4,2,537900
3237,3,1,24,5,2,353290
1994,3,1,2,4,1,652548
3846,3,3,2,4,0,576308
3657,5,4,27,5,2,541436
793,5,1,14,9,0,145066
3149,5,1,12,9,1,279570
1587,1,3,32,6,0,454417
1736,2,3,28,3,1,135547
2761,4,1,28,6,0,306404
3893,1,2,25,4,0,529303
2301,2,1,4,3,2,115103
1546,2,2,26,6,0,277214
1430,3,3,3,6,2,465880
4315,3,2,1,2,1,101456
2520,1,4,17,9,1,561728
3935,3,3,7,8,2,330808
3572,2,1,5,6,0,692672
654,3,1,19,1,1,505750
4314,5,3,34,2,1,166229
1399,3,3,16,4,1,388840
1377,2,4,27,7,2,726074
2081,1,3,25,9,1,326456
2501,4,1,26,5,1,166691
2809,3,4,14,2,1,701224
4051,2,1,14,1,1,95215
2734,4,2,14,1,2,409708
654,4,3,25,5,2,686901
4147,5,2,4,7,0,562100
2423,4,1,15,9,1,182184
1801,2,2,32,9,2,579102
4062,2,2,18,8,0,620552
4020,3,1,14,1,0,749844
3679,3,1,1,5,1,409001
1432,3,3,20,6,0,684264
912,4,2,10,6,2,520207
3406,4,4,10,4,0,410609
2458,5,4,24,1,0,288745
2607,3,1,34,3,2,624082
2606,1,1,28,4,0,613525
3090,5,2,27,4,0,173742
2390,1,1,1,4,0,555498
927,4,4,33,5,0,259079
3725,5,3,4,9,1,73417
3408,5,3,7,4,1,112328
3910,2,2,9,9,2,522126
3900,4,3,16,9,0,722133
3226,4,1,5,1,2,162116
3722,5,1,34,5,1,115443
4280,4,1,23,9,0,541121
4275,5,1,25,4,0,275189
3654,2,2,13,5,1,578225
1887,5,3,24,4,0,107119
4089,4,4,11,2,0,587058
4474,4,3,17,2,1,253609
2743,5,1,13,2,2,235380
1711,5,4,27,1,2,360092
3749,5,2,20,3,0,173612
1911,3,1,33,1,1,503318
3791,4,1,32,4,2,718966
3461,4,4,8,1,2,664502
3138,3,2,29,4,0,320490
1051,5,4,19,3,2,179726
2123,2,2,6,9,1,355169
764,5,1,21,1,2,110373
781,5,3,22,8,1,353064
3116,3,1,10,9,1,206083
1509,4,3,10,7,0,118266
3382,5,3,29,1,2,177847
1422,4,2,16,4,0,573205
1543,1,4,1,1,2,606074
2601,4,2,17,4,0,339088
2654,2,1,30,3,0,396061
929,2,4,26,2,0,232236
1374,5,3,19,1,2,267815
4344,4,3,21,6,0,245323
2798,5,1,17,7,1,489025
3756,3,4,21,6,2,328988
746,2,1,19,9,1,267484
4295,5,1,7,9,0,368077
4052,3,2,17,2,0,73144
1514,5,1,1,2,1,329793
2171,4,4,6,9,0,489861
1908,4,1,26,1,2,426099
3347,4,4,2,5,1,72818
681,4,3,32,1,2,321644
1113,1,1,5,7,2,96880
2520,3,4,31,9,2,478346
3462,3,3,12,6,0,217788
3356,4,4,30,2,0,353441
2539,1,3,6,6,1,341206
4194,4,2,15,9,1,613780
1345,1,1,15,3,2,671149
3670,4,1,16,9,0,247553
2009,2,3,20,8,0,358950
1306,2,2,13,7,0,134457
1070,5,4,31,8,1,654173
3790,4,2,34,6,0,659479
995,3,4,29,3,2,107674
2155,5,4,3,7,2,664703
2908,2,1,9,4,2,523698
1404,4,3,11,5,0,365271
1533,5,1,11,8,2,476718
1879,4,1,25,7,2,263265
2357,2,1,22,7,1,305365
1504,5,4,9,8,1,241796
3897,2,1,20,3,0,459456
1676,1,4,21,3,0,540102
3587,2,3,10,2,0,167889
2490,4,4,22,1,0,370688
2123,3,4,29,6,0,92895
4177,2,2,9,6,1,417531
3501,3,1,5,8,1,664741
1987,1,1,11,6,1,221715
1903,5,1,1,6,2,345395
1192,5,1,1,1,2,644332
3361,3,2,5,7,1,218795
3829,5,2,22,7,1,678580
3279,2,2,26,9,0,723873
2706,3,2,6,7,1,745585
4398,4,1,32,8,0,166371
727,2,4,11,4,1,202377
1335,2,3,10,9,0,616010
3368,2,2,34,1,1,137684
3786,4,4,31,8,0,115429
3880,1,2,12,3,2,662725
3173,5,1,16,1,2,286707
1120,3,1,3,2,0,233548
3199,1,4,2,6,0,235325
836,3,4,5,5,2,473924
1904,5,4,11,3,1,483217
4030,4,1,25,9,0,551323
3872,2,1,22,8,1,336364
2381,2,3,22,3,2,141757
1901,4,4,11,2,2,165385
3906,1,3,32,8,0,390051
3141,1,2,31,5,1,99150
2651,3,3,8,9,2,574443
3313,4,2,20,1,1,301983
1041,1,2,34,3,2,383406
2676,4,3,4,5,0,169756
3780,5,4,18,2,1,541588
3257,2,2,4,3,1,611449
4398,2,4,20,4,0,212252
1404,2,1,9,4,0,272473
674,4,2,16,9,0,340969
3485,4,1,26,1,0,152811
3817,3,3,25,9,2,454233
2775,2,4,4,9,1,211957
2689,3,3,19,6,2,161351
1979,2,2,14,1,0,106260
640,3,1,21,6,2,463476
3581,3,2,15,8,2,508162
2681,5,3,3,5,1,246171
3688,3,4,16,5,1,253378
2300,4,4,14,1,1,482446
3824,3,2,9,1,0,427839
3645,2,2,7,8,0,92492
2001,3,1,14,5,1,280115
1187,1,3,6,8,2,646761
2222,2,2,21,2,1,438231
4300,1,1,15,4,0,169015
941,2,2,8,9,2,672503
2674,4,4,34,3,0,301495
4496,4,1,1,6,1,63687
3958,4,1,32,7,1,517851
1245,1,2,5,3,2,657688
1330,5,3,30,1,1,442375
767,2,4,22,2,0,467050
1209,4,3,20,7,0,462137
2915,2,1,16,7,0,743933
2372,1,3,7,1,2,97713
2640,5,1,7,7,0,82068
3468,1,3,2,6,1,674524
1054,2,2,14,6,2,723726
3553,5,3,31,7,0,554071
2308,5,1,14,7,0,129384
4072,1,4,5,1,1,614760
3569,4,4,11,5,1,718816
3628,2,4,5,8,2,275750
4147,3,1,29,8,0,203103
1301,3,3,11,3,0,145675
3281,1,4,5,3,1,735386
4229,2,4,32,7,2,625175
2199,2,4,15,4,1,219849
729,1,2,19,6,1,192732
3667,2,1,22,9,2,349295
2445,4,1,34,2,0,346757
1986,1,1,17,2,0,125266
4376,4,1,12,6,0,269816
3466,2,1,25,3,2,693308
1292,1,2,17,1,2,376882
3963,2,3,10,2,2,614990
1994,1,2,28,7,2,279450
1393,2,4,18,4,2,184188
628,4,2,18,2,1,661551
748,4,1,32,8,0,319751
4450,2,2,14,4,2,452455
1919,1,1,16,4,0,696513
2658,3,2,18,2,2,420069
4183,4,1,16,1,0,121804
3323,4,4,17,1,1,676628
1736,3,1,7,3,0,335165
786,2,2,12,6,0,701899
3454,1,4,34,7,2,104001
3391,2,2,10,9,0,734452
1850,5,4,5,5,1,482131
1933,4,3,21,9,1,564120
697,5,3,3,8,1,506539
654,4,3,19,1,2,448976
3270,4,2,6,3,2,529253
3311,5,2,14,8,2,691014
1357,5,4,4,9,2,242974
1005,2,4,18,4,2,337883
2716,5,4,29,6,1,526683
3983,2,4,16,4,0,73699
1912,2,1,20,9,1,193876
2385,2,3,24,2,2,502120
4219,4,1,19,6,1,507812
1350,4,1,4,3,0,241065
3819,5,1,33,4,2,517582
4138,4,1,2,2,1,622631
2362,5,3,13,8,1,464991
3915,4,1,30,8,0,693273
4162,1,4,34,1,2,385156
3605,1,2,30,6,2,369830
4178,5,4,24,1,0,386380
964,4,2,33,6,0,236946
2626,4,4,10,7,0,190025
1081,2,4,18,2,0,178222
2848,3,2,19,9,2,615874
753,5,3,7,8,2,117009
4121,3,1,19,9,1,60607
2124,3,4,24,4,1,401769
2720,5,3,15,4,1,515868
3360,4,1,23,8,2,698160
2943,5,3,4,1,2,286316
1640,3,3,4,8,2,490241
2264,4,1,5,7,1,698523
1840,1,4,23,7,0,567314
660,5,3,11,9,0,201295
1538,5,4,11,7,0,568105
2239,4,4,13,2,0,345087
2689,1,4,14,1,0,147051
624,1,1,8,1,2,516076
1662,4,2,25,7,1,552884
4474,2,4,18,5,0,171541
730,5,2,18,4,0,304084
4169,5,2,10,5,0,427993
1852,3,3,7,6,2,487189
707,4,4,14,6,0,266120
771,3,4,15,1,1,227727
2058,3,4,16,2,2,290706
4149,1,2,2,3,2,134158
701,5,1,30,4,2,517393
3513,3,2,30,6,0,182207
3171,1,4,18,9,0,162987
2922,4,4,31,2,0,644749
2236,3,4,13,8,0,602946
3715,5,2,20,9,1,706499
3464,3,4,23,2,2,358277
3604,4,3,33,9,0,447419
1640,3,4,20,7,1,342764
929,5,1,3,9,2,490283
4240,1,3,8,6,2,522485
4494,5,4,32,2,2,220747
2120,1,3,29,8,0,585148
4486,2,4,7,9,2,699820
611,5,1,2,8,0,268289
1941,5,4,21,2,1,82878
4263,4,3,6,8,2,661248
815,3,1,28,3,1,622842
938,1,2,32,3,0,742156
2399,1,1,9,9,0,462561
3308,4,1,11,9,0,183448
3752,4,1,23,9,2,284094
2350,3,3,11,4,2,344728
2108,3,1,2,7,1,583663
3021,5,4,3,8,0,71598
3623,2,1,11,5,1,471661
1309,3,1,15,1,0,365957
1823,4,4,11,9,0,194802
4208,3,4,31,6,1,595972
3113,1,2,28,3,0,510686
1712,2,1,28,3,1,426570
1891,5,3,32,1,2,225635
4326,1,1,25,8,1,506681
4242,1,1,20,2,1,133723
1088,2,4,28,1,0,121320
2161,5,2,25,7,1,425288
646,4,1,11,9,2,354768
3959,5,3,19,6,2,325870
1377,3,1,28,8,2,289635
1639,1,3,1,8,2,241465
1310,3,4,5,9,1,717203
1000,4,2,10,7,2,744213
2417,3,1,34,9,1,512776
3628,5,2,2,9,1,155324
3757,3,1,18,1,0,588855
849,4,3,13,6,1,548963
990,4,2,5,8,1,265908
4453,4,1,20,9,0,384262
934,5,4,2,4,2,512102
1228,4,3,11,2,2,257863
4190,1,2,30,9,1,316250
736,4,1,32,9,0,274650
3530,3,2,32,8,1,611848
3335,3,1,28,3,1,668856
2121,3,3,10,5,2,697534
1426,5,4,22,2,0,268758
1326,3,3,17,3,1,718731
2100,5,2,22,1,2,407493
3241,5,2,19,4,1,184460
3894,4,1,17,5,2,245084
1589,1,3,24,2,0,264228
3019,4,1,32,3,1,325076
1534,4,3,28,6,0,69778
3642,5,2,14,6,2,345177
1001,5,1,6,7,0,725664
2066,3,1,9,9,0,317589
4161,3,3,21,4,0,449585
1214,4,4,12,5,1,467623
1896,2,3,30,2,2,523735
4197,2,4,31,6,0,62521
1782,3,3,4,4,1,144622
3823,2,2,31,5,2,567922
3642,3,1,27,7,2,177257
3267,5,3,25,6,2,698935
2835,4,2,5,8,0,191855
4484,1,3,6,6,0,102666
1721,4,1,5,8,0,207870
730,3,3,27,4,2,323247
3452,3,4,8,7,2,130845
1794,4,1,9,3,0,749299
3583,3,4,15,1,0,396314
3633,2,2,7,9,2,441577
782,2,2,32,9,2,253020
3630,3,3,8,6,1,681868
963,3,4,15,2,1,408625
638,2,4,19,8,0,250828
4198,3,1,6,6,2,576076
3144,3,4,19,7,2,623692
4187,4,4,28,1,1,266639
1972,1,1,17,3,2,593983
3629,2,1,19,1,0,272135
1520,4,4,31,1,1,302778
4068,1,3,11,1,2,634162
3369,3,1,15,4,2,454057
3832,3,1,10,7,0,734091
615,4,4,23,7,2,447245
1092,3,4,3,5,1,584933
2049,5,1,3,6,1,616404
1731,4,4,18,2,2,625271
3541,1,1,25,5,2,89402
4121,4,3,20,7,2,550501
910,2,3,29,9,2,358613
1338,4,1,22,6,1,336052
3841,3,1,15,4,0,120269
1145,3,2,10,3,1,626519
3061,5,2,21,9,2,622686
850,5,4,29,7,2,646660
1358,5,4,32,6,1,734698
2404,1,1,10,7,1,722747
3812,5,1,13,8,2,541924
1897,1,2,23,5,1,217247
4087,5,2,23,3,2,90795
2231,1,1,31,3,1,561378
4410,4,3,4,2,2,565150
2514,4,3,3,8,1,453064
3710,3,4,21,1,2,577157
1413,1,1,2,8,0,385249
628,2,1,4,3,0,198485
1557,3,4,1,9,1,306923
2632,4,2,15,2,0,601953
1076,1,2,33,9,2,529608
917,5,3,6,6,1,68187
844,2,1,7,1,1,649277
1347,4,2,19,5,2,610072
1296,3,3,1,9,2,729165
871,1,3,19,6,2,180451
4111,2,3,26,7,1,102186
2371,1,2,12,4,2,313940
1862,5,2,22,1,0,429873
3024,3,1,13,5,1,565956
865,1,1,28,2,2,88093
3573,4,3,14,8,1,134625
1520,3,3,22,4,0,286062
4030,4,2,30,1,0,606762
939,1,2,20,7,2,330298
988,3,1,27,2,1,737424
3224,4,1,34,3,2,284494
4360,5,4,1,9,1,220470
2650,5,1,15,9,2,423810
4100,1,2,32,2,2,69646
1765,3,3,8,3,1,643959
975,2,4,33,9,1,512923
4341,3,1,18,1,0,176700
2633,5,1,29,2,0,85391
2971,4,2,32,2,1,744182
745,2,4,33,3,0,360016
2581,1,1,5,3,0,135048
892,2,3,18,2,1,220412
4336,1,2,10,8,1,665893
1031,2,4,33,8,1,436754
1304,1,1,23,8,2,436703
3596,1,1,5,2,1,719862
2598,2,4,34,9,1,682060
3232,2,2,24,7,1,632308
998,1,4,17,5,0,321655
3464,5,4,31,7,1,149543
4015,2,2,7,8,0,249448
1563,3,1,17,9,2,66037
3811,4,3,28,2,1,336610
2834,1,2,22,6,1,474809
2641,1,3,15,9,0,635985
2428,4,1,15,6,2,607437
2708,5,4,25,2,1,601025
1538,4,3,21,1,2,127854
4051,2,1,2,3,2,609602
1309,4,1,27,5,1,215702
1406,1,4,32,7,2,242308
2063,4,4,21,3,2,152214
3990,3,1,4,9,1,85099
1925,2,1,19,4,0,157170
4015,4,3,2,2,1,318744
610,1,1,26,3,2,274493
1685,2,1,34,5,1,404779
2468,1,3,14,3,0,229170
2873,5,2,15,5,2,743233
3824,3,3,20,4,2,738918
4382,5,3,34,3,0,251195
3211,3,4,19,6,0,614806
1371,4,3,9,8,2,112763
2194,2,1,7,4,0,119172
2207,4,1,30,9,1,542492
4331,3,1,13,6,0,284330
4246,3,2,27,5,1,727241
1933,3,1,13,3,2,338963
1484,1,2,15,5,2,676301
3914,2,1,9,5,2,219827
4164,4,3,23,4,2,85811
1989,4,4,3,6,2,511338
4001,5,1,34,3,0,359841
3778,3,2,19,1,0,645484
825,3,2,28,7,2,697388
1424,3,4,23,7,0,471560
2865,4,1,7,4,0,80656
1536,5,3,12,9,2,217454
3400,1,1,14,2,0,222103
3153,2,1,15,1,2,262421
2906,1,4,3,3,2,120574
2511,4,1,15,7,2,520476
4445,3,3,24,9,2,117529
4188,2,2,8,2,0,454710
2396,4,4,5,6,0,471579
653,4,3,4,3,1,737172
3718,4,2,14,5,1,166741
1326,2,4,16,9,2,680348
3336,2,4,20,3,1,67160
2144,5,2,24,1,0,232415
3770,5,2,6,5,0,607881
1643,1,3,31,1,1,715644
2513,2,1,6,8,1,501299
2376,2,1,15,7,0,228923
2196,2,1,29,2,1,604666
2514,5,1,3,9,0,723851
4161,4,1,11,5,0,466896
3066,3,3,3,7,1,603593
3337,5,4,28,4,1,226373
1449,2,3,10,1,2,748052
2709,5,3,33,8,2,208261
3816,1,3,16,1,2,722955
2863,2,4,10,3,2,537364
602,1,3,33,6,2,124370
759,2,3,3,8,0,324065
4410,5,4,5,8,1,687564
1380,4,3,12,2,0,318741
3791,3,1,13,9,2,62387
1492,1,2,24,4,2,398410
2630,5,3,32,4,1,402510
3760,4,2,16,2,0,291372
2976,5,3,32,1,2,64825
1179,1,3,21,7,2,65282
2533,3,1,12,3,2,570407
1980,5,4,21,4,2,75451
4281,2,2,21,9,0,312622
1890,4,4,6,6,0,733265
2240,5,1,9,1,2,193770
1551,4,1,1,9,0,732252
3994,2,2,12,9,2,632356
3282,3,4,14,5,1,656014
1587,3,1,6,8,1,482905
4212,2,3,1,7,1,292198
4320,4,3,22,8,0,91604
1818,5,3,34,9,2,174751
1520,2,4,11,2,1,391601
3385,1,3,3,5,1,416671
1955,4,3,6,8,0,628075
769,3,1,6,3,0,487531
1120,2,1,20,6,1,354179
2086,3,3,21,6,2,619132
639,4,3,2,7,2,565482
2160,3,1,26,3,2,338964
3932,2,2,31,8,1,279077
2018,4,4,26,8,0,368820
1554,1,4,32,9,2,372058
3897,2,1,10,8,1,716095
1583,5,4,23,3,1,394894
3795,2,1,6,6,0,83968
1574,4,1,23,9,2,366768
637,2,1,28,1,1,424542
2975,1,1,30,3,2,640034
1874,1,2,14,2,2,392408
1799,5,3,32,8,2,184458
2225,3,3,34,6,1,460457
1513,4,2,22,8,2,267080
1053,4,4,31,2,0,601345
636,3,4,7,6,1,371844
3987,1,3,21,7,1,598720
2311,1,4,16,8,2,645776
3620,2,3,20,9,2,683487
1395,5,3,19,5,2,603241
1572,5,2,32,3,1,316039
1192,5,4,15,2,0,273905
1737,2,2,5,8,0,175864
3711,5,3,11,1,1,558793
1924,3,3,15,6,0,89347
2871,2,3,29,2,2,605537
917,3,1,4,3,1,506674
2996,2,1,23,8,0,276265
2762,5,1,15,1,1,541712
3345,3,2,3,6,0,173346
1946,3,3,32,3,1,456018
2191,3,4,10,6,0,695374
3711,2,2,22,3,1,340177
2489,4,2,14,8,1,619376
2687,5,2,17,5,1,693289
2596,3,4,21,4,1,363149
2372,4,3,15,9,1,326550
1912,5,1,15,5,2,504977
1885,5,3,1,4,1,154538
815,3,3,24,8,1,515563
3818,3,2,12,8,1,194191
2983,2,2,10,8,0,118935
3839,4,2,31,4,1,118327
2739,4,1,11,1,2,161815
3000,3,1,16,2,1,424276
3218,5,1,9,4,0,404629
4242,3,3,14,2,0,157196
3463,5,2,19,3,1,167396
2304,5,4,31,9,1,70370
3428,3,3,9,9,1,685363
962,1,1,26,9,1,459993
3204,4,4,8,7,0,715473
4016,5,4,24,4,1,453747
2316,5,2,8,1,0,725074
1793,1,4,19,3,0,718770
955,2,1,30,8,2,659060
790,1,2,22,4,0,704815
4338,1,4,9,2,1,346752
3069,5,2,4,8,1,330468
1299,4,4,8,7,1,660983
2654,1,3,1,9,1,376366
2780,2,3,28,2,2,681931
4418,3,1,6,5,2,367744
1156,1,3,11,6,2,69453
1425,1,3,5,2,2,160369
3408,2,3,24,2,0,481137
1654,4,4,18,4,2,388613
3182,1,4,20,8,0,156544
1025,1,2,28,5,1,257658
4065,4,4,13,9,0,223249
3319,2,3,5,4,0,318155
3010,1,4,30,3,2,572947
4108,4,1,1,8,1,118081
4341,1,2,22,1,1,464322
2174,3,2,18,9,2,112754
2729,5,4,5,4,0,66878
3003,3,3,31,9,2,585080
3929,1,2,6,8,0,71367
4389,2,1,27,3,2,623019
1188,5,1,25,3,2,331691
2612,3,2,29,9,1,612856
2147,4,3,28,3,1,580480
894,2,3,16,4,1,385051
2585,3,4,12,9,2,634500
1847,4,4,20,4,1,719498
2148,1,2,18,3,1,238184
3717,4,4,34,7,2,264301
2290,3,4,23,6,1,202466
1736,3,4,27,1,0,411556
1856,1,1,17,8,1,579038
2664,4,4,21,1,0,499348
959,4,2,31,4,1,639409
3894,1,3,3,6,2,337349
3513,4,4,17,6,2,719988
1299,1,3,26,7,1,636888
1047,2,4,23,5,0,417670
3503,3,2,6,5,1,677447
3012,2,1,28,4,2,185590
1274,5,2,8,6,1,118844
1607,5,1,8,7,2,605721
1949,5,4,19,1,0,305828
3114,1,4,29,9,0,152060
3061,4,1,23,8,2,203165
4126,2,2,32,7,0,338828
1185,2,2,10,9,2,181485
1856,2,1,27,3,2,275592
1847,2,4,1,4,2,635593
1593,5,1,29,7,1,515241
2035,2,4,3,6,0,205979
1171,4,1,31,2,1,145938
2982,5,4,11,2,1,390762
1845,2,1,22,7,0,656898
2684,1,3,18,9,1,351474
1588,3,4,6,9,2,470839
877,3,2,3,7,1,513493
1819,3,1,5,8,2,562080
3563,5,2,9,3,0,453675
2487,2,1,28,1,1,186908
1083,5,2,19,7,0,649325
1865,4,2,28,8,2,506131
3995,1,1,27,2,1,652625
1330,1,1,13,9,2,88831
2839,3,2,21,4,2,732207
1640,3,2,27,9,2,737385
3171,3,2,6,3,0,386928
1517,2,4,11,8,0,459600
3048,4,4,17,2,0,333342
1485,4,3,7,3,1,749806
3352,4,4,30,1,2,593670
621,4,4,21,5,0,608408
1073,3,1,1,4,2,488681
3791,1,3,25,1,0,349094
2857,3,3,32,9,2,314816
2953,4,4,8,6,0,390606
3941,3,1,5,6,0,337879
1303,4,1,30,2,0,690134
1286,5,3,8,7,0,687021
884,1,1,19,9,2,206434
1315,5,2,30,6,0,83409
4347,2,4,15,8,0,521149
1362,3,2,27,5,0,176909
1850,2,3,13,2,2,664275
1547,3,3,14,4,0,327958
3028,5,1,30,1,2,213960
3107,4,1,13,1,1,526274
1630,4,3,16,6,2,606457
628,3,3,7,2,1,512342
1506,4,2,27,6,0,408062
3704,5,2,15,1,0,570707
4317,4,1,28,3,2,581296
3526,5,2,7,9,0,498343
2726,2,1,20,2,0,206649
3594,5,1,32,8,2,605219
3106,1,4,32,6,0,135506
1169,1,1,26,6,1,230350
2606,1,2,20,7,1,511385
4209,3,3,18,5,0,276653
4153,3,3,15,4,0,272527
2053,3,2,22,6,1,515991
1337,5,3,22,8,0,694153
3956,3,1,21,4,1,721418
1115,2,3,2,5,2,563073
2600,1,2,18,7,1,391195
3770,5,3,23,6,0,318514
3044,1,1,13,4,0,128866
4160,3,1,9,4,1,684266
638,5,2,7,4,1,134514
3942,4,2,1,1,0,404619
1486,2,2,2,5,0,730624
3444,3,4,4,8,0,610903
2804,3,4,14,7,2,697186
1698,2,1,32,5,2,444624
3531,2,4,2,3,1,495938
2423,4,4,14,1,1,275202
3801,3,3,20,7,2,323845
2310,3,4,25,3,2,119430
1573,1,3,8,4,1,551510
3755,5,2,28,5,2,685304
3693,5,3,21,8,1,377759
4130,1,3,23,7,0,152519
2162,5,2,32,9,1,361381
4378,2,2,8,3,2,618666
3496,5,1,31,1,2,736096
4053,5,1,16,1,2,721703
3395,1,1,27,1,1,600085
4111,4,1,18,2,2,376001
4275,5,3,15,2,1,691911
1588,5,3,27,7,0,409555
620,4,1,17,9,0,232195
2950,1,4,2,8,2,389705
1468,4,1,31,4,1,714884
683,1,4,34,2,1,715465
4445,2,2,34,3,2,679194
2282,1,3,3,5,1,146379
2576,2,3,17,9,2,233184
4124,2,4,14,8,2,370754
2010,1,1,14,3,0,519450
2130,3,3,1,9,2,625994
3928,1,4,29,3,1,649320
1169,5,2,4,8,2,232992
1533,5,2,33,1,0,735235
4198,3,3,17,4,0,390977
3833,2,1,28,4,1,243201
2580,3,4,26,6,2,125744
3834,5,3,8,2,1,735060
2455,3,2,34,7,1,263841
3656,1,1,18,5,2,192963
1392,3,4,31,6,0,511736
1391,2,3,27,6,1,631882
4195,1,4,16,6,1,386334
2409,4,1,10,8,0,455255
1894,5,1,12,4,2,341817
3139,5,2,22,8,2,102412
2855,3,1,16,9,2,296021
4210,1,3,12,4,0,179449
2207,4,4,11,1,1,219508
1683,1,1,20,3,0,199258
3077,5,1,1,1,1,60434
1584,1,3,27,7,1,725879
2280,4,4,3,1,2,399035
4276,3,4,12,4,2,509035
3980,2,2,30,1,2,302330
1119,1,2,9,2,0,132726
1190,2,4,1,1,2,279087
1650,5,3,4,5,0,705851
2309,3,3,15,7,2,277435
4233,3,2,27,3,2,118277
2635,1,1,8,8,2,595035
2846,3,3,23,5,0,221989
3034,1,1,15,5,1,614665
948,1,3,27,5,0,708314
1559,2,4,31,8,0,367100
2563,3,2,8,2,0,166017
1292,1,1,30,2,1,158684
2159,2,1,18,8,0,577634
4499,4,4,4,9,2,235407
977,2,3,22,2,1,269087
3546,2,1,3,4,0,673751
3563,1,3,15,8,0,617580
4229,5,4,33,2,1,510510
1126,5,2,14,4,0,650917
3824,5,1,1,1,1,549760
3381,2,3,26,2,2,340267
2853,1,1,8,7,0,283544
3102,3,3,16,1,0,648906
3944,2,3,10,1,2,536812
1859,2,3,26,2,0,608576
2475,1,4,28,4,0,693138
2363,4,2,12,7,1,674235
1120,2,1,20,4,0,425364
2301,4,2,14,5,2,105091
1616,4,3,29,4,0,190180
3603,5,3,12,4,1,701910
3373,1,2,18,9,2,532088
1613,4,2,2,6,2,250288
3148,1,1,2,3,2,556676
716,5,3,17,6,2,530378
3033,1,2,10,7,1,503909
1967,2,4,18,7,1,206977
1183,4,3,22,8,1,323735
994,1,3,19,4,1,120159
1687,3,1,1,1,0,728882
4388,1,4,24,6,1,190656
3368,4,1,25,8,0,403833
671,5,4,31,5,2,293448
4460,5,1,31,3,0,194644
873,4,4,2,4,0,252752
2613,2,4,19,8,0,380681
1943,2,4,12,6,1,93061
937,5,2,10,5,1,676814
1989,5,3,31,9,2,534132
4166,4,4,22,3,1,367957
1206,2,2,23,7,0,573113
765,5,2,23,9,1,243699
2167,2,1,15,4,1,479333
2658,5,3,26,3,0,521250
1924,1,3,3,1,2,697705
1328,3,1,23,9,1,740843
3448,1,3,20,1,2,524480
2643,5,1,8,2,0,509685
701,3,2,18,9,1,734237
4096,3,2,6,5,2,515612
2015,5,4,27,4,2,283311
1378,5,1,15,9,0,587376
813,2,2,5,9,1,738539
4362,5,2,9,2,2,632242
1711,4,1,7,3,2,344155
2176,5,2,20,3,2,597127
3048,4,3,10,5,2,309750
3235,5,2,26,3,2,607913
3536,2,1,4,6,2,733841
3717,4,3,24,2,2,419433
2295,1,3,14,6,2,603846
4134,4,2,1,6,2,584125
1191,2,4,17,2,2,142307
1933,4,3,24,6,1,91104
1709,5,1,27,6,0,551818
2739,5,4,7,6,0,628708
4331,2,4,9,5,0,326205
3320,3,3,12,7,2,748601
1313,5,2,21,5,0,646343
1535,1,4,3,1,2,272769
2551,2,2,15,9,1,392737
841,4,3,21,3,0,564599
2643,4,1,10,2,1,235245
601,1,4,33,6,1,387324
2872,5,1,6,8,2,298016
3448,2,2,2,2,0,62221
2368,1,2,29,4,1,365086
2549,5,1,33,2,0,243835
3236,2,3,4,9,1,213450
2763,4,3,4,2,1,619372
4337,2,4,29,2,2,241498
1517,3,4,20,5,0,449892
3774,2,3,23,5,2,615872
2841,3,3,18,7,2,91245
3837,2,1,25,1,2,250031
3518,3,2,1,2,2,64983
689,4,2,15,6,2,287999
2309,5,4,34,2,1,615185
2769,3,3,20,4,0,398178
742,3,1,27,6,0,109411
3641,4,4,22,7,2,521958
705,3,1,5,5,0,305196
1486,1,3,34,8,1,561224
1027,4,3,3,6,2,662754
1928,1,3,17,5,1,266928
2495,4,2,24,4,1,284622
2594,3,3,24,6,2,687770
916,1,4,3,6,1,550569
2586,3,2,7,6,2,229198
1234,4,1,25,1,1,489492
2525,3,4,3,6,0,739049
2656,1,4,15,1,0,245218
3421,1,1,29,5,0,337382
3744,3,2,29,7,2,215879
4030,2,4,10,1,1,296130
2870,4,4,32,1,1,71204
2039,4,4,23,6,0,425964
1152,3,2,9,7,0,311628
4041,2,2,14,6,2,360711
1315,1,2,4,5,2,543645
1887,5,4,20,6,1,192602
2313,5,3,28,3,2,346441
2483,3,1,14,9,2,396982
3989,2,3,34,5,2,371050
1707,2,2,13,2,0,513964
1941,4,4,31,7,0,100295
710,1,4,33,3,1,636752
850,2,3,28,1,2,67223
3030,5,3,25,3,0,466637
2654,1,1,32,9,2,677520
1058,1,4,9,5,1,562799
1707,3,3,28,7,2,312787
807,2,1,31,3,1,666409
1499,3,2,17,4,1,717500
4061,2,3,23,1,0,119016
3985,4,2,13,3,2,691840
621,3,1,10,7,0,686263
1009,3,2,16,4,2,504966
1494,5,4,6,2,2,183505
1114,3,4,11,5,1,381366
3798,2,2,3,5,1,78328
1408,5,4,28,2,2,587217
4371,3,1,15,6,0,653207
1473,3,4,13,4,1,636980
613,4,2,17,1,1,371689
1570,3,2,7,3,2,660935
3625,1,2,28,9,2,501554
3661,5,3,13,7,1,558530
3683,1,2,17,6,0,644250
2734,5,1,15,1,1,157435
4195,4,4,28,9,2,607449
3556,3,4,15,9,1,462039
2160,3,3,11,1,2,617377
1924,3,3,31,6,1,343197
1866,5,1,4,7,2,176381
2769,3,2,34,2,2,77447
3818,1,3,27,8,0,149841
4238,3,4,10,8,2,63111
1349,4,3,30,6,1,118820
4027,1,3,20,9,2,677317
1284,3,2,29,3,1,177949
2527,3,3,29,2,0,259694
4404,2,1,23,2,1,433883
4302,5,4,21,6,0,375107
2956,1,2,10,7,0,505719
1294,2,4,12,6,2,149000
2935,4,1,30,3,0,295823
906,5,1,33,5,1,455632
4483,1,3,18,8,0,527403
4265,3,3,14,6,0,61229
2589,1,3,22,2,2,520282
3561,3,4,21,7,1,495563
4394,5,1,1,8,0,321882
1261,3,2,15,4,2,161101
1148,4,3,22,1,2,61363
4023,3,4,32,2,1,666660
911,4,3,33,4,2,278988
3520,5,1,23,7,0,368013
1682,5,2,2,2,2,634017
4314,1,1,2,6,1,394997
3571,4,4,29,2,1,587552
2337,4,3,3,7,2,142102
1354,2,1,7,2,0,318226
634,2,4,29,3,2,381967
1044,2,3,23,9,1,79856
2740,3,2,16,4,2,437356
2582,2,1,31,5,2,180347
1830,4,3,34,9,0,500186
952,3,3,1,7,2,291746
1502,5,3,18,8,0,692068
1955,1,3,15,3,2,299291
4488,2,1,17,4,2,136174
3509,5,3,10,7,0,706443
2348,4,4,20,4,0,626829
758,1,1,6,2,1,698335
2577,5,3,8,6,0,616511
1556,1,1,34,9,2,615312
2671,2,4,32,2,1,182538
1003,4,4,4,1,0,588229
3452,1,1,20,8,0,396067
1115,5,3,24,1,1,396204
3379,2,3,24,1,2,423539
1987,2,4,26,3,2,556238
4053,5,3,25,5,1,101617
3179,5,4,7,9,2,675103
1555,1,3,10,2,0,376848
2799,3,4,12,1,2,86025
4233,2,2,1,1,0,667460
2312,1,3,25,8,2,73277
3594,5,3,16,2,0,363139
1207,1,3,5,9,1,560487
4288,5,1,19,9,0,436859
3067,4,3,4,2,2,217883
1873,5,1,6,3,0,591197
3788,5,1,26,2,2,153605
3513,5,4,9,6,2,368228
2135,3,1,14,7,0,510032
4411,5,1,9,6,2,201820
3225,2,2,15,3,1,303301
2982,2,3,20,3,2,253537
2041,1,1,8,2,1,174200
3579,3,3,32,2,1,633696
2397,1,1,21,5,2,596286
894,2,4,19,8,1,204836
1354,2,2,29,6,1,421895
1994,4,1,31,9,0,236451
785,5,3,6,5,1,557220
1869,2,4,4,4,1,253470
1236,1,3,29,9,1,695004
1891,1,4,3,5,1,183362
4314,5,2,1,1,1,653489
3908,5,4,15,5,2,168894
1129,4,3,21,5,1,601022
4223,3,3,31,5,2,527592
2668,1,1,7,2,2,525796
3558,5,4,17,6,2,183107
4408,1,3,19,5,0,82313
3514,5,1,3,2,0,480303
1393,2,2,30,8,2,498995
4191,1,3,29,6,0,493397
2747,2,1,14,3,1,209277
3399,1,3,28,9,2,310649
1077,3,4,30,4,2,596752
2222,4,1,26,3,2,431230
3969,2,4,7,7,0,611420
1539,5,2,31,8,0,110737
1125,3,4,5,7,0,299246
2981,1,1,14,1,1,556179
601,2,3,27,1,0,684872
974,1,1,24,5,2,260357
2940,1,4,29,8,0,517765
3484,1,4,22,3,0,95306
3652,4,3,8,8,0,609880
1152,4,2,15,3,0,437275
2965,5,1,5,4,2,275059
2125,2,3,4,7,0,284866
2451,3,3,11,3,2,104758
980,3,3,18,4,0,317579
2246,3,1,30,8,1,314062
613,1,1,15,4,1,590865
1103,4,1,6,9,2,307701
2878,2,2,16,4,2,669518
2608,1,3,9,4,1,723623
3755,4,4,34,5,1,645102
729,4,4,27,1,0,306575
4414,2,3,13,7,1,314355
1437,2,4,27,9,2,562628
3816,2,2,9,9,2,558882
3538,1,2,5,1,1,430682
2640,5,1,22,6,2,721051
627,2,1,31,3,0,193025
2713,5,1,3,4,0,654787
3834,1,1,30,8,1,559272
1852,5,1,21,4,2,153405
860,3,4,6,8,1,211257
2646,5,4,28,4,2,94699
2072,2,1,32,9,2,175799
2047,1,2,25,6,2,639919
1059,2,4,32,1,0,229366
4347,3,2,22,2,2,597208
900,2,2,24,7,0,393240
3566,2,3,30,7,2,271997
3974,2,3,32,3,1,646646
2934,4,1,31,1,0,298461
4066,3,2,23,8,0,275676
3681,2,4,33,7,0,200510
4378,2,3,25,8,1,175434
1229,2,3,24,1,0,655067
869,1,2,31,3,1,481845
3239,4,3,13,2,2,515658
2593,1,3,10,1,2,457301
2228,4,4,23,5,1,667214
2401,2,2,18,3,0,477729
3491,3,3,32,8,0,670518
1461,5,2,33,6,1,385749
4032,5,3,28,9,2,560602
1880,2,4,16,9,1,168987
2780,1,2,16,6,0,664708
3947,3,3,18,2,0,373322
2399,4,4,8,9,0,131092
2306,2,3,16,2,0,539243
3619,3,2,11,3,2,98009
3160,3,3,6,6,2,436354
2960,4,2,1,2,2,648264
1175,3,2,12,5,0,304290
3533,1,3,28,2,0,747585
2603,1,4,17,4,0,491653
1907,1,1,1,3,1,130935
3792,3,4,32,5,0,729008
3778,1,4,8,6,2,108373
2556,4,3,24,7,2,506030
3334,3,4,10,8,2,256209
2620,5,4,10,9,1,540556
3875,3,1,25,4,2,219219
2812,4,4,10,4,1,79295
2952,5,1,19,7,1,273765
4168,3,3,15,9,1,139942
2255,1,1,16,2,0,560704
2179,2,2,2,6,0,348558
2447,2,2,29,8,2,566212
2803,1,1,4,5,2,89483
1990,2,2,29,5,1,566399
2342,2,3,31,8,0,498018
2525,1,2,17,1,2,741811
1219,1,1,10,6,2,363053
1874,3,3,27,9,0,374533
1556,3,2,15,6,1,279280
2539,1,3,31,7,2,559876
2981,4,1,21,4,2,400311
4313,2,2,26,1,0,125509
1568,3,3,17,9,0,553417
3158,2,3,3,6,1,712392
1916,5,2,14,3,1,354435
1643,1,3,13,4,2,212889
881,4,3,27,6,1,399112
3444,5,1,1,6,2,668775
3672,5,1,17,9,2,321021
2766,5,1,34,4,0,193631
1658,1,1,14,5,2,484371
797,3,1,17,5,0,298906
3132,1,1,3,3,2,116898
4428,3,2,34,2,2,663011
1682,5,1,25,8,2,375320
3484,5,3,2,9,1,423582
1784,4,2,34,9,1,642687
1608,3,3,26,5,0,733366
3338,5,1,31,9,2,535127
1829,2,1,9,4,0,636722
1635,4,3,30,2,0,548910
1089,1,3,20,3,2,439442
875,4,3,21,1,1,173214
3340,2,4,29,5,1,386735
2889,3,4,25,1,0,718429
1839,1,4,25,1,1,66486
1874,1,4,9,7,2,256461
4482,3,2,26,2,2,88800
725,4,1,16,8,1,708610
816,5,3,12,6,1,334013
3977,4,1,24,4,0,620742
4468,2,3,26,9,1,545232
1808,5,1,20,8,0,447737
3710,4,2,9,3,2,392917
1846,3,4,23,3,2,378957
3855,2,1,29,4,2,126326
3142,2,3,31,9,1,631883
3074,2,1,19,9,1,565706
3849,5,2,20,5,1,505402
1518,1,2,23,9,0,531819
4099,5,1,27,6,0,318184
1917,4,4,30,8,0,731969
2798,1,3,21,8,2,180036
3031,4,2,7,7,0,574370
2261,1,2,22,4,1,538315
4484,5,1,10,4,1,134539
907,2,2,23,6,2,611356
1959,3,2,15,9,1,106996
2569,2,3,30,7,1,149440
3393,5,4,34,5,1,227906
1491,1,3,13,5,0,736106
974,2,4,4,8,0,343551
3679,5,3,18,6,1,539445
2633,4,1,23,1,1,420694
1964,3,2,33,1,1,409801
728,2,4,34,9,1,569522
1614,1,1,34,8,0,86403
2399,4,2,17,6,2,333781
3316,5,2,28,1,1,723972
4023,3,2,14,2,0,221482
1981,1,3,34,3,1,120108
1116,5,1,11,3,2,290747
2118,5,1,13,2,0,460944
685,2,2,33,2,0,260846
1798,2,4,2,6,2,283372
4473,1,1,34,7,2,340608
3864,5,3,29,4,0,590207
2958,2,4,4,1,2,242959
1742,3,4,12,6,1,148003
3889,3,4,26,7,2,411416
3074,5,4,28,4,2,527773
2593,2,1,3,6,0,456274
4085,1,2,20,9,2,687926
2761,1,4,10,4,0,447804
3816,1,3,18,4,1,294316
4209,3,3,27,5,2,661845
4319,2,2,31,3,2,699378
902,2,1,27,2,0,734719
3391,3,2,1,9,0,151714
1187,1,4,6,1,2,597202
1586,1,1,11,5,0,722896
2463,5,1,34,5,2,705736
944,4,4,20,8,1,93748
1413,2,3,21,6,2,136022
2587,2,4,21,6,1,455600
3448,2,2,18,6,1,429438
3672,4,4,21,4,0,136323
3818,5,3,19,1,0,487350
1910,4,4,4,3,0,685530
2599,1,2,13,6,0,536398
2277,1,2,18,5,2,120120
3724,2,3,29,1,1,120592
1927,3,2,25,5,2,594173
1692,2,2,13,2,1,471916
3008,3,4,27,1,1,468234
4273,4,1,19,4,1,189006
3891,1,2,1,6,2,155964
1609,3,2,19,7,0,222394
1303,4,3,1,9,2,110073
1174,1,3,17,5,1,394794
2208,3,4,21,8,2,152290
3832,2,4,22,8,1,557049
4352,2,2,15,9,0,522561
1712,2,1,32,3,0,499520
1287,4,1,4,3,2,744609
3428,2,4,32,9,0,312028
3232,5,3,4,7,1,186379
4428,1,2,1,4,1,569364
3236,4,2,33,1,0,294733
3830,2,1,7,7,0,474339
1088,1,4,9,6,0,355239
3618,3,1,1,3,2,152971
1947,2,1,16,5,2,561843
4281,1,4,18,3,1,674751
4052,5,3,6,8,2,573036
3773,3,2,2,5,2,309668
1093,5,3,9,6,1,65291
2267,1,4,4,2,1,494409
2237,5,4,23,8,0,698132
618,1,2,8,9,0,589164
4125,1,3,25,3,2,303082
4153,5,2,16,6,1,527876
4265,1,1,17,6,2,117147
3044,2,1,18,2,2,192895
1600,1,1,27,8,1,686665
3950,4,3,15,5,1,503598
1450,1,1,17,8,1,463603
1988,4,2,5,8,1,686987
1954,1,3,16,3,2,295427
4312,1,2,15,5,2,603268
1967,5,4,34,7,2,477440
1421,2,3,19,5,1,329265
1054,2,2,8,6,0,264562
2224,3,2,10,2,2,312703
3372,5,3,5,8,0,143176
4326,5,4,26,5,0,635097
3736,2,3,22,6,0,708320
3747,5,1,23,1,1,399765
1310,2,1,13,2,1,176440
2790,5,4,9,4,2,345241
1516,1,2,20,9,2,62978
3475,2,2,28,6,1,195404
3252,2,2,24,8,1,407717
2096,4,3,33,2,0,292389
2040,5,3,20,5,1,314652
904,5,4,30,1,1,449694
1335,2,1,9,4,1,378948
4168,1,2,17,1,1,532760
2938,1,1,14,9,0,638306
2563,1,3,19,2,2,187198
2749,5,3,7,7,0,325974
2609,4,3,3,3,1,390638
3938,2,1,33,2,1,447344
3514,3,4,32,4,2,221749
3615,4,4,11,7,2,89101
4293,3,3,2,7,2,560234
3621,4,2,26,9,0,300575
3489,1,1,4,3,2,442299
1561,5,3,17,7,1,591341
3589,3,1,17,6,1,196742
4448,4,1,28,7,1,696854
1626,5,4,30,7,0,697939
2732,3,3,23,5,2,201353
4465,2,4,24,9,2,274730
2975,4,3,29,7,2,113341
3463,2,1,4,7,2,128069
2073,1,4,29,3,1,518291
3101,2,1,19,1,0,513324
2547,2,3,27,5,2,387467
3276,4,2,29,8,1,406482
3892,1,4,6,5,1,470264
1777,2,4,23,3,0,511291
1264,5,1,8,9,2,162591
611,3,1,2,2,0,303432
1756,2,2,13,3,2,75171
903,1,4,21,4,0,364348
3964,2,3,31,1,2,458382
3622,3,3,27,4,2,529118
3971,1,4,23,4,0,449683
2363,4,4,21,9,2,680909
3430,1,4,13,8,0,629366
642,4,2,26,2,0,736284
1543,1,3,7,7,2,105832
2990,3,3,22,6,2,692828
1949,3,1,23,7,0,650531
4485,1,1,30,4,1,560144
3145,2,4,18,5,0,305701
3011,3,1,18,6,1,617103
1490,4,2,10,9,1,601777
3074,4,3,30,2,0,440012
1604,5,3,26,9,0,379845
620,4,1,7,1,0,298047
1006,5,4,7,4,1,202524
3266,1,1,5,5,0,289355
1614,1,4,1,9,0,159332
935,1,2,18,6,2,481149
2438,2,3,13,4,2,487797
3788,2,2,25,2,2,491497
1747,5,3,8,5,0,736547
3046,4,2,10,8,0,477918
3440,4,1,32,8,0,328422
2427,1,2,17,6,1,235638
1314,3,2,15,1,1,119722
650,2,1,15,8,2,340180
4454,2,3,20,4,1,173031
923,1,3,15,2,1,739943
1388,2,1,6,1,1,200548
740,1,2,30,7,2,655142
1069,5,2,8,2,2,154805
1386,4,2,31,4,1,491843
2425,3,4,32,4,0,215826
1957,4,3,15,1,2,558113
2516,4,2,18,2,1,252233
1563,5,3,13,1,0,358166
3655,2,2,24,6,0,588741
972,3,1,14,3,2,641548
4235,2,1,28,1,0,279973
3141,4,3,11,8,2,151862
4210,1,3,6,4,1,231777
2292,4,1,25,7,2,638317
3398,2,4,1,2,0,457393
1779,4,1,25,6,2,617240
2938,1,2,2,6,2,578431
2271,5,4,32,7,1,292509
3815,2,1,13,1,0,705113
705,4,4,33,1,2,270381
2043,2,4,32,2,1,449149
3317,5,4,24,2,1,714247
2281,4,3,27,5,1,81796
601,4,1,4,1,1,241420
3236,2,3,24,2,1,399557
3291,2,3,23,6,2,573151
2737,1,2,29,3,2,244405
4016,5,2,34,4,0,339866
949,1,4,21,1,2,172761
4130,4,4,30,5,0,663386
1886,2,2,26,4,0,308380
4022,4,2,20,8,0,609546
3779,4,1,16,3,2,333850
4257,3,4,3,1,1,594640
1662,3,4,25,5,0,94497
3556,4,2,23,1,1,397289
2806,2,1,1,5,0,611516
4254,4,2,33,9,2,579896
3606,3,2,15,5,0,68882
2959,2,3,17,2,2,314962
3912,4,4,34,2,1,207340
1044,5,1,17,9,2,392990
2945,5,3,4,5,1,303180
1551,4,4,13,8,2,346607
635,2,2,4,4,0,136789
1707,4,1,7,2,0,145940
2075,4,4,9,4,2,267546
2398,3,2,23,4,1,748422
2445,5,3,33,9,1,150690
2008,3,1,33,6,1,558364
1795,3,4,20,6,2,61585
1999,4,3,4,5,2,374676
2308,3,2,1,6,2,463757
1985,5,2,34,1,2,327571
3206,3,4,27,5,1,665444
3538,5,2,21,6,1,305954
2788,3,1,24,8,2,593321
3534,5,4,15,4,2,746430
3789,3,3,25,5,1,696746
1900,3,4,9,4,1,72199
3373,2,4,17,7,0,738087
1843,5,3,21,6,2,587219
3697,5,2,13,4,0,140379
1120,5,3,3,6,1,247265
2406,1,1,4,4,1,511005
609,3,2,4,8,2,314031
1583,5,4,28,3,0,539976
3025,1,2,7,8,1,218393
2256,2,2,26,2,0,67636
2260,5,1,11,6,0,180249
3329,5,2,24,8,0,337133
3231,1,2,10,1,0,111086
2799,3,2,13,6,0,565174
1319,2,4,19,9,2,553691
1672,5,2,19,2,2,358206
3825,3,3,12,1,0,515341
1458,2,2,22,2,2,614686
1916,4,1,30,5,1,130774
2203,4,2,12,6,0,370347
649,2,2,29,1,2,367820
3311,1,4,21,7,2,610518
3178,2,3,11,4,1,390608
4283,2,2,18,9,1,575329
3731,1,3,27,6,1,153715
3838,1,1,12,9,1,475350
3873,3,4,23,1,0,291048
3504,3,3,34,4,2,149364
745,1,4,23,2,2,719710
1514,4,2,25,6,1,219772
4347,4,1,4,4,2,132146
3640,2,4,30,9,2,167554
2062,5,2,30,3,2,347321
2889,2,3,13,1,1,492867
1180,2,1,14,1,2,267778
3334,5,1,8,9,2,114339
2184,1,3,24,9,2,232142
1082,4,3,18,5,0,251775
3779,2,1,25,2,0,423182
1849,5,4,17,9,2,740766
1272,3,1,32,8,2,585354
1230,2,3,24,6,2,261578
3308,4,4,7,7,2,375084
1261,1,2,13,6,2,321803
4103,2,1,27,5,2,634757
3452,2,3,5,4,0,738710
4326,5,2,26,7,1,285843
3066,3,1,31,4,2,457330
1587,3,1,10,9,2,184648
4126,1,4,26,5,2,295514
3831,4,3,22,8,1,649421
2146,1,2,12,6,2,81245
1249,2,1,32,4,2,571163
1568,2,4,27,3,1,168574
3237,3,2,33,6,2,103266
1700,4,2,20,1,1,153254
3156,5,1,13,2,1,623506
1040,4,2,14,7,2,478359
3925,2,1,22,4,0,262772
1520,5,4,18,5,0,551392
1369,4,4,29,1,2,592075
1943,4,2,16,2,1,534676
2426,5,1,34,4,1,629574
862,2,3,3,8,1,322225
4268,4,4,4,4,2,587293
4329,5,1,5,3,0,133944
2177,2,1,10,3,1,191406
4045,5,1,29,5,1,183438
3284,5,2,32,3,2,136639
3838,4,3,31,8,0,118217
4424,2,2,2,5,0,691536
3106,4,4,12,7,2,694545
1598,1,2,27,8,0,609457
3951,1,1,5,5,2,287102
1299,2,2,27,8,1,169247
2949,5,1,23,3,2,214524
4202,4,3,33,7,1,260505
2203,4,2,4,8,2,641541
1841,2,2,21,7,1,523400
1725,2,2,24,2,1,659498
3201,1,1,31,8,2,152246
2935,3,1,24,6,1,735330
1790,2,2,10,3,0,457010
3268,3,2,2,4,2,613472
1605,2,3,31,7,0,282167
635,5,3,25,3,1,433322
1343,5,4,4,1,1,622653
2364,1,3,11,6,1,615505
952,1,3,17,3,2,589339
4347,3,3,2,6,1,142662
2522,2,1,6,3,0,728235
672,4,3,9,6,0,473208
3295,1,3,5,4,2,702247
1976,4,2,20,4,0,242734
2514,4,1,29,2,2,317962
1693,2,4,21,4,2,428733
3072,3,4,9,4,1,307135
3646,2,3,28,7,0,118475
1307,1,4,8,5,0,353218
2404,4,4,31,8,0,652340
3208,2,4,20,7,1,606910
3475,2,3,27,9,2,302531
4313,2,4,8,8,0,697995
1555,1,3,21,9,0,258087
3164,3,2,28,1,0,152543
3075,2,2,23,3,0,625270
4210,1,4,6,5,1,250141
759,4,2,3,9,2,702281
2796,5,3,5,8,0,504089
3423,1,2,9,7,0,212908
3901,5,4,7,2,2,578246
2335,2,3,4,6,1,652371
2185,2,1,5,4,1,163227
666,1,3,11,5,1,389916
3661,5,2,15,5,1,474046
4483,2,1,34,4,0,205511
3028,4,3,13,4,2,195787
657,3,1,7,4,2,741467
3930,3,1,6,2,2,103394
941,2,1,30,1,1,360809
1753,5,3,22,2,1,308662
3374,2,2,25,7,2,581424
1795,5,3,28,1,0,223497
3417,4,2,20,6,1,513090
3261,5,3,3,4,0,494648
1832,2,3,5,2,2,715041
4474,4,3,1,3,1,530650
3001,1,2,15,7,0,568419
2094,3,3,26,6,1,558875
2421,2,1,3,6,2,274367
715,2,3,34,8,2,410748
3935,2,1,5,8,2,456885
1261,4,4,31,6,0,139918
4483,1,4,13,1,1,588926
2065,5,2,1,7,1,259474
4219,1,2,22,8,1,117000
3100,4,4,15,5,2,69251
2468,2,3,26,4,0,462164
4148,3,3,18,7,2,374791
2934,2,3,9,6,2,518939
3974,5,4,1,6,0,551022
1616,3,1,9,3,2,299949
910,2,2,23,4,2,286519
807,3,1,2,5,1,379389
3265,1,4,14,9,0,472314
3093,4,1,18,8,0,460624
3317,2,3,16,3,1,535431
1232,5,3,29,6,0,391213
2702,1,1,11,1,1,653964
3559,2,4,6,3,2,424490
3683,1,1,3,7,0,414298
1256,5,3,14,7,0,636491
2023,2,3,2,2,2,638905
2531,5,4,32,3,2,418455
4319,3,1,31,7,0,664500
3627,5,3,11,6,0,315752
3162,3,3,22,7,0,262478
2279,2,1,3,9,1,239307
4213,3,1,31,8,0,521013
836,2,2,33,6,0,77804
3950,2,4,24,4,2,148613
947,4,4,1,9,2,369420
3274,2,1,15,7,1,84680
3775,3,4,27,5,2,383111
1229,4,3,27,2,0,76862
2140,4,1,12,9,0,671726
2603,2,1,3,7,1,295953
1871,5,1,30,9,2,230625
963,5,2,32,9,2,259646
2968,4,4,23,5,2,120313
4304,2,2,2,7,1,224033
885,5,3,7,5,2,741425
748,2,4,34,3,2,747444
1707,2,2,32,8,2,436890
3053,4,1,32,8,0,373182
3625,4,2,14,9,1,310982
1055,1,1,3,6,0,652404
2366,5,2,32,2,1,152080
1399,5,2,17,3,2,564399
1784,5,2,3,6,0,646566
1612,3,1,10,1,2,694837
3431,2,2,18,2,2,171937
3107,4,4,3,8,1,726637
4221,5,4,10,8,2,296999
2123,1,4,9,6,0,650699
3385,5,1,11,3,1,268262
3156,2,1,33,2,1,251141
4325,2,4,26,6,0,651020
4475,4,4,27,1,2,242933
1080,3,4,22,6,2,570635
2286,4,3,26,9,2,502703
2761,5,4,22,7,2,494400
3396,1,2,5,9,2,664194
2201,4,3,2,2,1,88517
3008,3,3,9,5,1,416539
940,4,1,18,9,0,257855
3417,2,2,12,7,2,591399
2610,5,1,3,9,2,684478
3408,5,1,18,6,2,191382
3616,5,2,7,7,0,733348
3096,5,1,33,5,2,213115
2466,5,2,6,6,1,412624
1434,5,2,18,1,2,161850
1803,1,1,22,1,0,453018
2325,3,4,9,2,1,149937
4078,5,1,23,4,1,732741
2289,3,3,12,9,1,737429
3867,5,1,24,7,2,568867
4137,4,2,9,6,0,234036
910,5,3,13,1,0,693129
861,2,2,17,5,2,328054
2042,1,4,7,4,0,131020
1005,4,4,17,5,1,499381
2790,4,3,24,9,1,257184
941,2,4,2,3,0,308920
1939,5,4,28,4,0,436437
3772,1,1,19,8,2,501819
843,4,1,33,3,2,715353
1089,1,4,21,3,2,355140
611,4,4,10,9,2,413034
3910,5,1,9,5,2,680053
1160,4,4,6,1,2,322069
641,4,4,18,7,1,268630
3325,3,2,19,7,0,531412
1193,5,4,5,6,2,609332
2052,2,3,25,6,1,537603
2426,2,2,11,3,0,748659
3829,5,3,10,3,0,267835
3887,2,4,17,9,0,253719
2293,5,1,26,1,2,264636
4133,2,2,31,7,2,404625
733,3,1,32,7,2,355001
3738,2,2,21,8,0,98503
3678,4,1,18,6,0,256289
1547,5,2,18,8,1,741342
4197,1,2,1,1,1,318416
672,1,3,14,1,1,520044
998,5,1,8,9,1,375406
2028,3,3,2,4,0,620837
4346,2,3,15,3,2,703043
3225,3,1,34,6,2,357303
3506,1,2,1,9,2,643577
729,5,3,21,4,2,138740
3578,5,1,1,9,1,324396
4137,3,2,32,5,0,725226
3877,3,3,20,7,2,229069
2411,2,3,30,3,0,187661
2601,4,3,7,3,1,709933
4439,4,2,22,3,1,67553
865,2,3,10,8,2,748191
2160,4,2,8,6,2,127323
2585,1,4,27,9,1,441888
1392,4,3,10,9,1,104810
2900,2,4,14,8,0,428517
3469,4,1,11,1,1,118719
1912,5,3,6,6,0,522667
763,3,1,21,4,1,500639
694,1,1,33,4,0,302020
2405,5,1,19,3,1,453308
3480,5,4,24,9,1,717037
1733,2,2,18,2,0,87057
2983,3,4,19,1,0,253637
1421,3,4,24,3,2,700377
837,1,1,34,4,2,569510
3028,2,3,22,4,1,120753
4107,1,2,4,6,1,382419
3546,4,1,10,1,0,238953
3130,5,2,2,1,1,556107
2560,1,4,8,2,2,243937
3549,5,2,33,4,0,177819
1648,2,2,28,7,1,288140
2276,4,3,10,6,0,241756
3788,2,1,1,9,2,508903
3129,4,2,34,7,2,659993
4063,4,2,3,5,2,640726
3564,5,4,9,6,1,641602
3641,2,4,5,9,1,565302
1563,2,2,10,1,1,503719
1136,1,1,12,9,1,352884
3750,2,2,18,6,1,499392
2203,1,2,21,4,1,460267
3844,3,3,21,5,2,116010
2579,3,1,1,1,2,710159
3683,3,3,3,7,1,168159
4471,2,1,5,8,2,203905
727,2,1,25,5,0,388278
4279,1,1,8,2,1,270975
691,4,3,17,8,0,733788
4324,1,3,9,7,1,146491
1142,3,3,32,9,1,493987
1445,1,4,6,4,2,705944
4203,4,3,21,9,0,316971
2281,2,4,7,4,2,531959
3636,1,4,7,3,1,445411
2451,3,4,27,3,0,579965
3094,3,2,8,2,1,315813
989,2,2,9,3,2,694416
3319,1,2,28,8,1,365607
2484,4,4,15,8,1,393393
642,2,4,2,2,2,100079
853,1,1,7,2,1,211476
3801,5,4,18,2,0,709093
1683,3,2,22,7,2,195026
3310,4,4,10,6,1,523064
3114,4,4,33,1,2,680699
2934,4,1,7,2,1,602728
3658,3,4,3,1,2,118407
2140,1,3,14,7,2,272436
4138,2,1,13,6,0,353042
2553,1,4,16,2,2,296478
3425,2,4,16,2,0,443476
2992,4,1,5,2,2,105428
1241,1,4,25,8,2,548393
3029,4,2,26,7,1,737529
4450,5,3,13,1,1,568418
1289,4,3,26,4,1,629707
1876,4,2,1,4,2,504281
2550,2,4,8,7,2,401507
1679,5,4,4,2,0,396645
2086,4,3,21,4,0,158632
1056,4,4,22,1,0,223713
1582,5,3,3,4,1,577057
2730,5,3,19,1,1,213969
1722,1,2,1,2,0,236724
748,2,3,29,2,2,721333
1952,5,4,23,3,1,388817
1779,5,4,33,8,1,507525
789,3,1,23,6,0,569472
4165,5,4,5,6,1,162776
1482,2,1,7,9,0,641006
2910,4,3,6,8,1,161578
3751,4,4,22,2,2,128809
999,4,2,13,6,2,344771
3411,4,2,12,1,1,636909
1208,3,2,4,9,0,419873
3931,5,3,8,4,1,246156
2395,4,3,31,4,0,599439
2238,1,1,26,9,1,659979
2175,4,2,8,3,2,479957
3432,5,1,33,5,2,654460
2748,4,1,29,1,1,294722
1982,3,4,5,6,1,681473
2003,2,4,28,3,1,693530
1419,2,2,17,1,2,555728
3892,5,3,23,6,2,621524
1419,2,4,9,2,0,323186
1019,2,3,2,8,1,244990
723,1,1,32,2,1,211562
1021,5,1,31,4,2,509688
3902,5,1,7,3,1,475092
4361,2,1,30,9,0,175148
3734,2,2,3,2,1,382794
2108,2,1,9,3,2,193374
4299,3,4,10,7,1,102311
4374,4,1,26,4,2,706122
2197,3,3,1,6,0,77171
1367,5,4,30,3,0,568112
2644,1,3,15,1,1,363370
3130,4,3,25,6,1,666761
3166,1,2,6,4,2,648511
2802,5,2,18,2,0,297401
2739,5,3,1,7,0,270425
3629,1,3,3,5,0,135315
2149,1,1,17,6,0,523268
3102,1,4,8,6,1,689043
2364,5,1,17,9,1,385768
2644,2,2,25,2,2,417794
3245,1,2,12,6,0,462526
4316,4,1,29,9,1,94281
1109,5,4,25,4,1,381414
1806,3,3,25,6,0,411489
985,3,1,29,7,1,237176
2197,4,2,11,1,2,81735
4402,2,4,4,5,2,525501
3052,1,2,14,4,0,677461
2893,5,4,17,2,2,722365
1341,1,4,2,2,1,352042
4262,5,4,8,2,2,438803
3308,3,1,10,7,1,687030
3297,1,1,7,4,0,171184
4142,4,1,16,6,0,474924
4497,2,4,14,7,1,305735
2511,4,4,16,9,1,729772
2046,2,2,25,2,2,508037
1500,1,3,4,9,1,704137
2712,1,1,29,5,0,153638
3684,2,4,6,6,1,315170
2860,3,2,1,6,2,746669
2609,5,2,1,3,2,536991
841,4,2,3,7,1,569903
3140,4,1,1,7,2,717795
3884,4,1,1,8,2,169470
4364,1,3,21,5,0,541916
2985,4,2,30,2,1,320236
2620,5,1,32,3,0,292474
772,5,2,33,9,0,194458
1271,2,4,22,6,2,262048
763,1,2,30,8,0,105503
1064,5,3,4,8,1,692600
3642,3,1,23,5,1,700753
1096,1,4,25,1,1,657227
1299,1,1,12,6,0,541994
3042,5,4,17,7,1,234536
1302,3,2,15,9,1,390619
2540,2,2,10,2,0,142758
2955,5,3,29,2,0,218349
2391,3,3,12,1,0,114012
782,1,4,1,5,0,718498
1228,3,3,1,2,2,502543
4465,1,3,10,3,0,539741
3157,5,3,18,2,0,317638
2331,5,3,2,4,1,587040
1145,4,2,8,3,1,610053
2187,4,3,22,9,0,171193
1223,4,2,22,2,0,60837
4435,5,2,26,7,0,678298
1193,2,1,26,3,1,712265
1343,5,2,9,8,1,530795
3898,3,2,21,4,0,303762
2368,5,3,31,4,1,641285
4404,5,2,6,9,1,497986
2059,1,4,14,3,0,303977
2548,1,3,33,7,1,687798
4093,1,3,7,1,0,259261
3201,5,3,24,7,2,706195
2668,2,1,9,2,2,120594
3201,3,3,11,6,2,145269
3044,3,2,23,9,1,97448
3272,2,4,2,6,2,275378
704,2,3,15,3,1,502741
2839,3,3,28,1,0,662628
616,4,4,4,4,2,403890
3791,1,3,10,4,1,264241
992,1,1,6,8,2,199384
1024,3,2,30,7,1,491516
2776,2,4,10,7,1,377138
3801,4,4,32,7,0,670053
1171,3,1,3,2,1,431257
4231,1,2,26,9,1,604810
2676,5,1,15,6,2,65623
1720,2,2,17,2,0,333604
3681,5,1,27,1,1,70234
841,3,3,18,1,2,254650
4497,1,1,19,1,0,280708
2879,4,4,12,4,1,220492
1388,5,4,24,4,2,226885
3955,4,4,5,9,0,699780
1314,1,1,24,1,0,98353
1358,5,4,27,3,0,619273
3449,4,4,30,3,0,364399
1375,4,3,15,8,1,121590
3373,5,3,34,2,1,498702
2847,1,2,27,6,0,181282
3592,4,2,20,4,0,370027
678,3,2,32,6,1,635854
3603,5,1,4,5,2,584938
1455,2,2,5,9,0,232009
3844,2,1,8,9,1,81299
3114,1,1,22,1,1,86862
3228,3,2,7,3,2,549905
2039,4,2,22,1,1,338456
3587,2,1,30,6,0,333087
3096,1,3,16,3,1,390878
2734,3,4,15,1,0,527484
2748,3,4,5,6,1,709848
1631,1,4,3,5,0,112879
1444,1,3,23,8,0,703940
3871,4,1,10,2,1,535786
4176,1,2,5,8,0,456222
686,4,1,23,5,1,516444
2690,4,1,15,8,1,505272
4056,5,2,18,4,1,330649
4292,3,3,25,4,0,342642
4106,3,4,8,4,1,691967
1007,3,4,31,6,2,564625
4154,5,1,21,4,0,731865
3311,4,3,2,9,2,253590
3688,4,4,22,9,2,522434
2268,1,3,8,3,2,466676
747,5,2,23,7,2,375417
2924,1,1,32,5,1,401239
831,5,1,8,9,2,612832
4497,1,3,4,2,0,591152
2550,2,4,30,3,2,411458
965,3,3,19,5,2,401914
3899,3,2,23,5,2,612881
2274,4,4,18,7,1,628803
1035,2,4,29,8,2,569022
998,3,3,23,8,2,596701
1834,4,2,33,1,2,369796
2014,2,4,18,1,0,89764
3146,3,1,33,3,1,123784
3187,1,2,7,1,1,264276
1162,5,4,28,1,1,136844
4162,2,3,1,8,0,711898
3089,4,4,34,1,2,184887
1884,2,1,19,9,0,568954
1372,4,2,31,2,1,658720
2997,2,4,13,9,1,427088
2637,4,1,24,7,1,734643
4023,3,4,5,9,0,609570
3167,1,4,23,3,1,532671
1943,3,2,19,1,2,549451
2785,1,3,1,1,0,375128
2173,3,3,33,6,2,741533
4294,3,1,33,7,1,323210
1591,2,1,32,9,1,430586
3015,5,1,28,6,0,119418
3891,4,2,12,5,2,127454
4008,4,3,9,2,0,398406
1846,4,1,11,2,2,205354
4319,1,1,33,8,1,740175
4439,4,4,19,1,0,307087
959,4,4,34,8,0,247583
1520,2,1,7,7,2,388822
2976,3,4,31,7,1,702199
3609,4,4,2,5,1,670056
3110,5,4,19,3,2,389095
3593,4,2,32,7,2,590662
1562,1,1,10,7,2,611262
4232,1,1,8,7,2,616202
2427,1,4,26,2,2,634302
4053,4,2,30,3,1,593635
3483,2,4,11,3,1,250087
2213,5,2,20,4,0,411273
2240,4,1,20,9,1,503397
2816,2,4,9,1,2,209832
816,2,1,8,7,1,276233
977,4,2,15,7,1,676391
718,4,3,34,4,1,137599
789,2,2,24,1,0,288238
3414,2,3,33,3,0,545713
969,2,1,27,5,2,134266
2401,4,1,21,2,2,515392
2796,2,4,5,7,0,709025
4347,1,3,21,7,1,319578
1251,4,2,4,5,1,336201
2482,1,1,16,6,0,531963
2111,3,3,31,1,2,303762
1369,4,2,26,4,1,78580
3021,3,3,6,4,2,69802
1380,2,2,33,8,1,161467
2316,2,2,21,2,2,424911
2807,5,2,16,1,1,522759
2998,2,2,34,7,2,720035
1911,3,3,15,6,2,205130
3959,2,3,6,5,2,240073
3539,4,4,2,8,0,262827
1849,2,3,24,2,2,730805
1122,5,3,28,2,0,527170
1121,2,4,1,9,0,690327
1382,3,3,1,1,2,242299
2920,3,2,28,6,0,352329
1535,2,1,20,3,0,234703
4073,3,1,8,5,0,62078
2830,3,4,1,8,1,530825
2288,5,3,26,7,2,214850
1087,4,3,25,4,0,738757
2450,5,4,10,8,2,522073
1445,1,1,12,2,0,727697
2771,5,2,7,7,2,304437
3632,2,3,12,5,0,328155
4297,4,4,17,6,1,439268
3437,2,2,5,3,1,397676
3061,1,4,14,7,1,291106
2603,4,4,34,7,0,106845
2348,3,4,17,2,2,211118
3843,5,1,1,1,0,590906
3959,2,1,15,2,1,394579
4106,1,4,19,8,0,484538
1285,3,3,5,3,2,579069
2760,5,2,19,4,1,487013
3535,3,3,5,8,0,468344
2769,5,1,12,3,2,224251
2167,4,2,19,6,1,258589
1845,3,4,12,2,2,314613
4302,3,3,12,3,2,702446
638,3,3,18,1,1,487289
3144,4,4,34,9,0,662302
1379,1,3,33,4,0,572584
1856,5,1,18,6,0,695838
3590,3,4,29,7,0,414109
4201,4,3,5,2,2,228435
2796,1,4,25,8,0,175503
4068,5,2,24,9,0,202769
3669,4,4,29,2,2,730782
3308,5,3,33,5,2,561188
4309,3,1,10,2,1,418021
2527,1,4,33,5,2,645145
901,4,4,23,7,1,530750
4031,1,3,11,6,1,656910
2885,3,1,24,4,0,454365
1246,1,1,24,2,0,607080
1262,1,2,7,7,0,207462
2883,2,2,21,9,2,225276
2359,1,3,20,1,2,583469
2850,5,1,10,3,0,489234
855,4,1,25,7,0,411727
1197,2,2,15,9,2,736831
1261,4,2,6,5,1,336407
834,4,3,2,7,1,382453
1968,3,1,12,7,0,137969
3181,3,4,4,4,0,444569
3507,2,2,23,5,0,726919
4468,3,3,13,2,1,64952
4452,3,1,17,8,0,383870
4137,3,1,31,1,1,362754
1369,4,2,16,2,2,146467
3188,2,3,26,3,2,193225
812,4,4,28,7,2,678735
1062,5,2,1,6,0,461235
3083,4,3,12,7,2,428971
882,5,1,20,5,1,157167
4233,1,4,2,4,1,356764
4278,1,3,15,7,1,178818
2086,5,4,22,3,0,185803
2030,5,3,32,7,0,501690
687,4,3,20,2,1,70623
1667,5,3,33,8,1,145504
1060,2,3,15,6,1,63809
2925,1,4,3,3,1,183690
4354,1,2,29,3,2,677195
3068,5,4,27,5,1,169502
2324,3,3,5,3,0,384640
1976,3,4,31,6,0,295614
3343,5,4,22,2,0,747099
1114,2,4,7,8,0,264396
1302,3,3,6,9,0,225910
2253,5,4,26,7,1,719494
2666,2,1,1,3,1,244492
622,2,3,19,4,2,351575
3060,4,4,7,2,2,311770
1653,2,1,12,9,2,260092
2430,3,4,20,5,1,633853
2755,3,2,23,2,2,510209
4038,5,4,25,6,1,511251
1904,5,4,30,7,0,562374
3799,2,2,29,2,1,369456
3900,1,3,31,1,1,170613
1734,4,2,18,7,0,546026
2783,1,3,19,1,0,736053
961,2,2,4,3,0,372202
3857,2,4,1,4,2,579824
4327,1,4,15,2,2,533754
4255,4,3,8,7,2,523647
2776,1,3,15,5,0,627612
2499,5,1,15,1,2,674975
1884,3,1,22,8,0,528671
1114,5,4,18,7,0,235259
1048,3,4,16,4,0,540679
2523,2,1,2,2,2,612435
3775,4,1,20,7,2,662202
2106,1,3,16,2,0,555245
1847,4,2,3,6,2,540297
2455,1,3,30,1,1,563078
1473,5,1,2,7,2,400737
4162,5,4,26,7,0,454576
3120,1,1,5,4,0,586336
3681,4,4,2,4,0,492236
2028,1,4,20,5,1,103935
2949,2,4,34,2,0,737842
2878,5,4,34,9,0,702172
2354,2,2,20,4,2,748333
1522,5,1,25,9,1,694270
3737,5,3,20,3,2,468401
3584,3,4,25,9,0,640173
2759,2,4,14,1,0,661303
1636,2,3,12,7,1,693796
2016,3,3,5,4,0,701988
3147,4,4,2,7,1,201964
3579,2,3,16,6,2,346075
3245,1,3,30,4,1,160175
2881,3,2,24,4,2,148478
3249,2,3,30,8,0,249892
913,4,1,11,7,2,113886
3213,2,1,14,4,2,442621
3683,5,1,23,6,2,548485
2856,1,4,16,6,1,553855
2597,3,1,21,1,2,550607
1637,5,2,4,2,1,265914
2256,4,1,33,4,1,295361
4089,5,4,14,6,1,125027
4108,5,2,19,6,0,61425
4048,4,1,5,1,0,192805
3691,5,2,31,8,0,648699
3234,3,2,18,2,1,378462
2378,2,4,31,5,0,548189
4406,5,4,30,4,2,283543
1614,3,2,21,5,1,168051
1693,2,1,30,5,0,160694
4495,2,4,4,8,1,282089
3882,5,2,5,7,0,413906
1724,3,3,10,9,2,519869
1297,5,3,27,1,1,682485
2779,4,4,16,6,0,493284
4294,2,1,30,6,0,727819
2004,5,3,13,2,2,164445
1755,2,3,21,8,2,538216
1643,3,3,15,6,0,485770
2529,1,1,20,9,0,166243
3183,5,1,20,5,1,654601
1613,5,4,5,7,1,268040
826,2,4,32,6,0,449430
3825,3,3,6,5,2,394737
2428,4,1,30,6,1,479727
4413,3,2,26,4,0,264118
2092,5,3,13,3,2,140729
1421,4,4,29,1,2,377377
2623,3,1,5,1,0,342155
1470,1,4,25,6,0,254035
3052,2,4,13,9,1,371044
2849,3,1,24,8,0,579805
2685,3,3,31,2,1,140085
3589,1,1,20,9,2,460176
2395,5,3,8,8,1,76583
787,2,4,9,9,0,714571
1680,3,1,21,4,1,275175
1540,4,2,20,9,2,336345
3691,3,3,15,2,2,261651
2920,2,2,26,1,0,572916
3790,3,3,11,9,1,624890
3230,1,1,11,8,0,505861
3163,3,2,27,7,0,160156
3892,3,1,30,8,2,371175
1125,4,3,19,1,1,510947
4186,1,3,34,9,0,88675
4399,1,3,23,9,2,449796
4412,3,3,1,9,0,717022
935,4,4,3,6,1,402414
3345,3,3,3,4,0,591877
1678,3,2,28,2,1,502580
3147,2,3,14,4,2,64655
3547,2,1,30,7,2,201869
3413,4,4,5,1,0,571023
3183,5,2,15,9,2,288538
761,2,4,14,3,0,590933
4341,5,4,14,4,0,439523
1193,1,4,8,5,1,369778
2538,2,1,8,3,0,212504
2806,2,4,19,4,1,535610
3859,4,4,32,5,0,526985
659,5,3,31,1,1,621048
3562,2,1,29,9,2,612521
4488,2,2,11,4,0,490807
3990,4,2,13,9,1,258876
2501,4,2,27,4,0,372235
2858,5,1,19,1,1,195510
1005,1,2,26,5,1,426746
1263,1,1,9,9,0,407049
1732,3,3,28,3,0,236968
1699,2,3,32,5,2,414283
1141,5,1,3,3,2,595607
1937,2,2,32,3,2,425437
1597,5,1,5,1,0,459244
1740,5,1,8,2,2,583973
3574,5,4,14,2,1,696218
1467,2,1,3,9,0,694917
4375,4,4,24,7,1,85940
2666,2,3,13,8,1,314802
1031,5,4,29,2,1,373795
4356,3,1,8,9,0,313380
1339,1,3,31,3,0,80688
1973,5,4,26,2,2,598760
782,3,1,18,1,2,140436
2760,4,3,18,9,2,619959
1806,5,4,7,8,2,251881
3128,3,1,16,4,1,395443
1769,5,1,33,7,0,333104
1430,2,2,3,3,2,267692
2251,3,2,4,3,1,708406
1736,2,4,4,4,0,455290
3410,2,4,9,2,0,264433
1075,3,4,17,4,0,356977
3410,1,1,17,3,1,95976
1926,3,4,33,8,2,298470
1570,1,1,20,2,0,566830
4496,5,4,14,9,1,167549
1619,5,1,22,3,0,190120
1741,3,1,27,4,1,125658
2436,5,2,3,3,2,634396
760,4,3,24,3,2,212552
3048,2,1,30,8,0,372282
797,2,4,8,8,2,69443
1883,1,2,22,6,2,716350
1259,5,4,25,4,1,578416
2375,1,4,10,1,1,313685
1670,2,1,29,4,0,524308
2610,2,1,1,8,1,383480
998,5,3,21,6,2,312585
2333,4,1,24,2,1,351241
2182,4,1,9,3,2,472402
2725,5,3,26,7,0,373500
2771,5,4,9,4,2,148015
674,1,3,20,4,1,284086
2784,5,3,9,5,1,466138
1201,4,3,22,8,1,283687
4071,5,2,1,7,1,746126
1436,1,4,5,9,0,210859
2128,1,2,9,5,2,398063
1099,1,2,19,1,1,637322
2196,1,1,8,4,2,681719
737,3,3,32,6,0,456423
2697,5,3,13,6,2,350378
2394,2,2,20,9,1,614856
1572,5,1,30,5,2,652921
2242,3,1,10,5,1,169582
4296,1,1,31,6,1,701922
2485,3,4,25,6,0,422072
2901,4,2,29,3,0,529901
4301,4,4,24,6,2,251703
2628,5,1,21,8,2,176170
3357,5,1,9,6,1,76642
2500,2,1,2,5,1,663464
3210,2,3,4,3,1,142373
3404,4,2,8,1,1,331134
2049,1,3,32,5,0,64170
1146,3,4,14,6,1,215889
3973,2,3,13,6,0,717072
1521,2,2,21,6,2,313186
1180,1,3,24,3,2,463689
1972,1,1,18,4,0,407175
2556,5,4,26,3,1,81625
2603,3,4,32,2,2,204833
2696,1,1,33,8,0,684408
3564,2,1,31,7,2,239718
3745,2,1,18,8,1,305851
1303,4,2,12,6,0,620488
2908,1,3,25,7,2,239322
3003,5,4,31,1,1,406448
4253,3,3,10,5,0,358591
2225,5,1,34,4,0,744544
3931,2,1,3,3,0,502970
1237,5,3,8,2,0,470027
3390,2,4,32,9,2,217667
3966,2,2,29,8,0,675856
1609,2,3,22,2,0,688855
3578,2,1,20,6,0,570338
1240,2,1,6,3,0,167136
3439,4,2,29,3,0,286401
3984,5,3,17,5,1,252421
3259,4,2,31,7,2,676630
2461,4,2,34,7,1,148760
3456,1,4,4,1,2,547988
1805,1,4,2,7,0,194883
1285,1,1,12,7,2,745728
2451,3,3,6,6,0,461853
4035,1,4,8,6,0,631274
787,5,1,21,2,1,482087
4240,4,3,15,3,1,567405
4214,5,1,7,3,1,511549
2219,1,4,15,3,2,115508
2287,3,1,6,2,2,323545
1584,3,3,17,9,1,725364
1147,4,3,4,6,1,289921
3372,5,1,22,2,0,226373
3573,2,3,32,3,2,546760
2031,5,1,22,6,0,196973
1475,1,3,27,4,2,441817
1217,2,1,15,7,1,710833
3061,3,1,22,6,2,642459
1965,4,1,28,6,2,332498
1843,4,2,9,3,0,290651
1502,3,3,34,8,1,643148
762,1,4,9,9,1,245392
2574,3,1,15,6,1,194595
3891,1,2,20,2,0,408847
869,2,4,8,1,0,487003
1231,3,1,28,3,0,608270
1505,1,4,19,3,2,323193
4071,2,2,16,8,2,335525
3853,3,4,11,5,0,575477
2614,4,1,8,1,0,308038
2241,3,4,33,4,1,632678
4400,5,4,10,7,2,334205
804,3,1,18,5,2,131241
1181,5,2,3,6,1,477230
2179,2,2,27,4,1,648823
1440,3,4,28,2,1,421153
2436,2,3,6,9,0,111576
1851,2,4,14,2,0,612435
2319,1,3,7,2,0,176622
2242,2,4,10,2,0,454961
3243,2,2,15,1,0,475364
2897,3,4,31,3,2,289155
1474,3,4,29,6,2,101929
2064,4,3,17,7,2,122637
4204,1,2,29,1,1,565494
2843,2,3,15,5,2,513207
1289,1,4,26,5,1,213084
2610,5,1,12,1,2,69525
4190,2,4,25,4,0,561829
3741,1,4,5,1,2,189228
3286,4,3,4,1,0,627636
2022,4,1,31,7,0,120447
2601,2,1,3,7,2,170709
1271,5,3,3,3,2,146030
4431,4,2,26,7,0,664154
3874,4,1,17,3,1,636114
1771,5,1,10,2,1,427952
2095,1,3,2,4,2,266355
4326,4,2,24,3,0,449893
1543,3,2,11,7,1,155822
2846,4,4,24,1,2,350172
2049,1,4,23,6,2,476656
4337,1,3,32,2,0,617175
3139,2,2,23,8,1,492153
1495,3,3,34,5,2,649333
2789,1,4,19,3,1,688424
1936,5,3,2,7,2,319797
764,3,3,2,2,2,530998
2961,3,1,15,5,1,87428
2668,5,1,21,8,1,192685
1705,4,1,5,1,0,657447
4252,5,4,27,1,0,161337
3802,5,3,24,3,0,513343
4270,4,1,7,3,0,374232
2353,4,1,6,7,1,262267
3631,4,1,33,6,0,236095
2952,4,4,17,7,1,613941
2538,4,4,30,4,2,530832
970,5,3,8,2,1,137512
2480,2,3,7,2,0,693410
1452,2,3,6,1,1,317496
983,1,1,4,9,1,600006
2531,2,2,1,7,1,659165
3092,2,4,15,3,1,638507
1024,5,1,31,2,1,435644
2808,4,1,25,3,0,245026
3849,4,3,33,7,1,610573
1228,5,3,5,5,0,374454
4379,2,1,5,3,2,446390
1494,5,4,17,9,1,694833
3137,1,4,14,2,2,506858
3664,4,1,29,7,0,715815
2974,3,2,8,6,1,657467
1197,1,2,34,6,2,711473
3662,1,4,1,7,0,744007
2936,5,3,29,6,2,151007
1192,2,2,29,2,1,261707
2287,4,2,5,5,1,204959
4244,3,3,32,3,1,103314
1172,1,2,24,9,0,239275
4025,3,1,19,8,2,60059
2675,2,2,12,2,0,465889
3601,2,3,1,1,2,508567
2690,3,1,7,4,0,148231
2304,4,2,17,4,1,524283
3070,2,4,34,2,2,259372
4269,3,1,7,7,2,443840
776,1,1,17,3,2,322141
1128,3,4,3,7,0,332865
2233,3,4,29,7,1,122722
1565,5,2,22,1,2,203960
2117,2,2,29,6,0,335677
797,4,3,5,4,2,212988
3257,4,3,30,8,1,121422
4248,5,1,23,8,2,503741
3489,4,4,21,3,1,456769
1452,3,4,26,4,0,429722
4188,5,3,21,1,0,151045
2137,1,1,20,2,1,223590
2669,2,1,23,7,1,83830
3783,2,3,4,7,0,368697
1680,2,3,21,9,1,548041
3737,3,3,21,9,1,528486
3489,1,2,1,9,2,212550
697,5,1,15,6,0,127918
3815,5,1,17,8,0,352272
2503,2,1,14,9,1,637538
1034,1,3,19,7,1,282191
1236,1,3,34,4,1,692065
4350,1,3,6,4,0,359270
3757,4,3,6,6,2,690904
1187,4,4,5,4,0,631087
943,2,3,7,7,2,285300
1917,1,2,33,8,1,511464
2579,1,4,13,8,0,355051
1170,5,4,1,8,2,67644
4321,5,3,13,2,0,356727
1210,2,1,27,2,2,114560
2327,1,3,7,2,2,555821
2890,2,1,3,2,0,432778
2454,5,3,25,4,1,689877
3208,5,3,33,5,0,364132
1559,4,1,17,4,1,463662
2679,2,1,14,5,2,345306
3038,2,1,23,4,2,205222
2924,1,1,24,7,0,155373
1131,1,2,29,1,0,570323
1777,4,1,27,1,1,579399
3030,3,3,23,2,1,620291
1691,3,3,31,1,0,111746
2501,3,2,17,3,1,126923
1483,2,1,3,6,1,530961
2861,2,3,5,6,0,716343
2278,5,2,15,1,0,449454
3023,2,3,6,6,2,107114
3391,2,2,10,5,2,681975
2860,2,2,32,7,0,111274
2726,4,4,23,6,2,278411
2349,2,4,17,7,1,312816
3275,1,1,20,2,0,329692
3251,1,4,15,1,2,623909
1381,5,2,22,7,0,317870
4052,4,3,6,9,2,671189
3648,1,3,4,2,0,699711
3327,4,1,23,7,1,149673
2705,4,4,19,3,2,340014
4467,5,1,31,6,0,105738
3697,4,2,3,3,1,127537
1480,2,4,28,5,2,301015
1046,4,1,3,2,2,467972
2713,5,3,14,8,0,379851
2383,5,3,18,8,1,201118
1877,5,1,27,7,0,214724
2591,1,1,10,6,2,377173
1667,2,1,15,1,0,359100
3768,1,2,19,8,0,336030
2177,3,2,9,1,1,408425
1611,2,3,4,8,1,426797
2874,4,2,15,2,2,230020
1373,5,2,8,8,1,695993
3326,3,4,1,4,0,175431
4107,2,2,7,7,2,436371
2414,1,4,31,5,1,142293
3248,5,2,18,8,0,721265
3026,1,3,12,6,0,547517
1801,2,1,30,5,2,440959
2050,2,3,33,1,2,710902
3356,3,2,7,3,1,170580
906,4,1,28,9,1,379627
1378,1,1,3,9,1,622745
3151,3,1,6,5,1,669228
2915,5,4,31,3,2,468724
4257,4,3,15,6,0,603964
607,3,4,7,5,0,410940
3155,1,1,30,1,1,656721
1075,2,3,27,2,2,442170
1920,5,3,17,5,1,454780
2811,1,2,18,9,1,567854
1084,4,4,22,4,2,729230
4268,4,4,26,9,0,336363
3743,2,2,27,3,0,273049
3214,2,4,24,1,1,473096
1504,5,1,8,6,2,180082
1158,5,1,21,7,0,463595
2567,2,4,29,4,0,62948
2885,2,2,21,5,2,572377
1727,4,3,3,4,2,620190
1833,2,4,31,3,0,274579
3201,3,3,27,1,1,68969
3475,1,2,27,6,1,647093
1067,2,3,9,5,0,342790
4125,5,2,33,1,1,251638
3939,3,2,33,5,1,115818
3033,5,1,26,6,2,516667
3422,3,1,28,5,2,587966
1447,2,2,31,1,2,580775
3034,1,4,1,5,1,677343
3524,5,1,20,1,2,699974
858,3,2,12,3,2,183439
882,4,3,17,2,0,178189
2249,2,3,15,1,2,720467
2498,1,4,34,4,0,563390
639,2,3,16,2,1,621711
3133,4,3,4,5,2,704303
3576,1,2,8,1,0,182308
2867,4,3,34,1,0,426068
3800,2,3,25,4,0,167416
1614,3,3,15,7,1,427452
3671,2,3,28,2,2,487226
4191,2,2,9,2,1,411079
1212,2,3,2,1,0,317572
3575,5,4,17,5,1,324805
2515,4,1,10,6,1,195870
1287,4,4,9,6,0,475545
4290,4,1,31,2,2,275777
1212,5,4,2,7,2,582845
2907,3,1,24,6,1,309246
3637,2,1,19,8,2,194229
3613,3,1,17,6,0,439075
3013,5,1,10,9,2,546370
2381,4,2,28,2,1,626568
2410,2,4,28,7,0,243217
3191,1,1,1,5,0,173032
3296,1,4,3,1,0,401434
2147,3,3,15,3,1,589497
2530,4,1,10,4,1,645690
3461,1,4,21,2,2,271098
3687,3,2,15,7,1,67645
1752,5,4,23,1,0,360652
1174,3,1,14,3,1,686746
3780,3,3,15,9,1,582349
2510,3,4,10,2,2,423113
1612,2,3,9,5,0,197090
4204,3,2,5,4,2,504124
1269,3,4,25,3,2,217446
868,2,4,26,5,2,171375
3833,2,2,8,6,0,308880
1883,5,2,22,1,2,417752
1523,4,2,25,2,0,311365
1725,1,1,12,1,2,156856
2129,1,1,9,3,2,546315
2358,3,4,10,8,0,435775
2194,5,4,10,8,1,275570
846,3,4,9,4,2,654297
4311,1,3,26,6,1,261275
4466,2,2,27,9,2,675964
2160,4,4,31,7,1,404650
2778,5,2,19,2,1,272549
3000,2,1,6,2,1,154564
2843,4,2,15,3,1,355596
4464,5,3,29,8,1,665017
2539,5,3,5,9,0,153602
1529,1,2,14,3,1,453874
4337,2,3,2,9,0,94064
4053,5,3,23,8,2,749653
3669,5,1,19,5,0,627330
3292,4,4,24,3,1,198864
826,1,3,20,7,0,459820
3348,3,4,27,9,1,238893
4147,1,2,24,6,0,98557
4148,3,2,17,3,2,67420
864,2,3,25,5,1,315023
1995,2,2,31,7,1,709488
4157,5,1,28,8,0,123076
2057,2,3,28,4,0,589396
1245,5,3,22,2,0,676974
2858,1,3,5,2,0,658225
4243,2,2,8,3,0,725357
4048,1,2,28,8,1,327405
2018,1,3,12,1,2,260876
2073,2,4,25,7,0,393664
3590,1,2,15,6,1,571653
1987,2,2,34,2,2,605214
2499,2,3,13,9,2,550614
3104,2,4,8,5,0,256618
3372,3,3,13,2,1,470360
4399,1,2,6,3,1,319831
1849,4,3,32,7,1,716537
1581,2,3,21,7,1,545698
1754,1,3,7,1,1,645240
1187,5,4,26,4,2,462384
1075,2,3,15,6,2,713421
2421,2,2,23,8,2,611321
1585,4,3,15,3,1,108545
3948,3,4,16,3,2,71865
2803,3,1,32,8,2,78936
4431,2,4,18,8,0,662151
1841,1,3,20,8,2,684902
789,5,1,2,1,0,456957
2040,5,3,23,8,1,719199
1580,1,4,30,8,1,341283
2298,2,1,3,2,1,347180
2315,5,1,1,9,1,236344
3193,3,3,22,7,2,275116
640,1,3,29,8,0,118788
2954,4,4,14,2,1,91611
1542,2,3,28,4,1,746469
937,1,1,21,7,0,603769
1937,5,2,32,6,0,560365
1698,2,2,6,7,0,347463
3600,3,4,1,1,0,83728
2926,2,3,21,8,0,483658
3847,2,4,4,7,2,671134
1495,3,2,3,4,0,386921
4333,3,2,30,1,2,203209
2920,2,3,31,8,0,468121
3484,3,1,34,7,0,671597
3267,1,3,19,8,1,518182
2274,3,2,20,1,1,207577
3509,3,1,23,5,1,190225
4454,2,4,25,9,1,305615
1530,1,2,15,5,1,199570
888,4,4,23,3,1,137710
1323,4,1,2,9,0,118456
3540,5,4,15,9,0,286030
2919,3,2,10,4,1,220805
2553,3,3,14,4,1,302254
1689,1,4,27,8,1,688568
1082,4,2,14,7,0,588199
1535,5,2,33,5,1,240177
2895,1,1,1,6,1,133876
755,3,2,34,3,0,227744
1670,4,3,19,6,0,257311
2558,5,3,24,8,2,385948
3101,2,4,4,9,1,646015
2848,4,4,13,3,0,556990
2283,5,4,32,8,2,328584
723,1,4,9,3,0,520776
2648,2,3,16,2,2,203802
1567,5,1,3,5,2,124792
4430,5,4,20,4,1,736740
1454,3,1,10,5,1,705545
1239,4,2,22,6,2,201221
2838,3,2,3,3,1,639302
2202,2,4,11,1,0,98402
3163,5,2,25,4,0,667205
1041,3,1,8,6,2,502773
2544,4,1,9,2,2,420039
2438,2,2,15,2,0,300416
2429,1,4,32,1,0,715603
2790,3,1,3,9,2,706943
3862,2,1,4,3,0,193486
1132,1,3,30,2,0,194928
2874,3,4,13,4,2,656087
1936,2,3,21,6,1,304561
4300,2,2,19,1,0,534551
1548,3,2,22,9,1,706914
3973,2,3,20,9,1,714839
4325,5,4,31,8,0,643237
2619,3,1,10,6,1,625680
1059,2,2,18,4,2,203542
4072,1,4,20,2,0,729132
1150,1,4,18,8,0,742742
992,5,2,11,7,1,552661
2387,3,2,22,4,0,407088
1444,2,4,18,3,0,708340
3878,2,1,34,6,1,533615
2857,1,3,23,1,1,728944
1738,5,2,1,2,0,738751
4408,1,3,10,7,0,407520
1245,1,4,1,3,2,544423
3922,5,3,9,1,2,72097
2866,3,1,31,2,0,439684
3054,2,4,7,9,0,209911
2066,3,1,17,7,2,182202
4274,4,4,18,7,1,563635
1977,4,1,33,8,0,274382
3535,4,4,4,8,2,374132
3205,5,1,23,9,2,109769
3197,1,4,11,2,0,709764
741,3,1,9,8,0,711554
3259,2,4,30,8,2,193541
1100,4,1,8,5,0,465684
1439,3,2,5,5,1,554222
3349,4,3,12,4,0,188237
4218,4,4,1,5,2,456381
2282,2,1,15,2,2,267978
2165,5,2,25,2,0,103251
2646,1,4,18,5,2,369670
2130,5,4,26,3,1,687022
1195,3,4,3,1,0,295368
2504,5,3,22,9,0,613230
880,3,1,26,2,2,629305
1023,3,1,19,2,1,120555
3503,1,4,21,4,0,747569
869,2,4,26,2,2,361509
753,1,4,13,7,0,517297
3261,5,2,24,1,1,85976
2350,3,4,26,2,2,101969
1261,4,3,21,5,0,491541
2567,4,1,18,2,2,509957
682,3,3,15,9,2,599803
4293,1,4,15,4,1,489390
3594,2,2,6,9,1,133663
3546,1,4,31,1,0,349535
2049,3,4,28,1,2,267348
1898,3,4,8,1,2,389225
4384,2,4,29,4,2,379428
2931,5,4,21,9,0,142054
1579,5,1,17,8,1,415734
2820,2,3,24,7,1,138593
3998,5,2,31,1,2,119485
4389,4,4,34,3,0,356176
3734,5,2,2,9,2,602444
3744,5,1,3,9,1,633604
3410,5,3,30,5,2,239859
2259,4,4,8,6,2,153099
1998,5,1,7,6,2,248646
1232,4,1,12,4,1,263333
2131,2,3,19,1,0,706729
1386,1,4,26,5,2,315329
3590,2,3,28,1,1,119235
3659,1,3,15,1,2,375048
997,2,2,14,5,0,489956
1743,1,2,14,5,2,657418
1533,1,3,3,7,0,240626
2060,3,2,29,2,1,722559
2452,1,1,6,6,0,492248
3323,1,3,23,2,0,534626
3583,3,4,28,5,1,745795
3112,5,4,14,4,0,745480
885,5,1,14,5,0,62607
864,3,4,20,2,1,396260
2967,4,4,13,8,0,276396
3320,1,3,27,8,0,475242
4047,1,1,2,6,2,339317
3467,3,3,24,3,0,618550
2736,3,1,29,4,0,631444
2277,4,3,3,1,0,263318
1826,5,3,4,9,1,159124
1420,2,2,2,5,0,704116
2362,5,4,20,8,1,310898
3648,1,1,15,3,1,662052
2981,3,4,32,4,0,450999
2869,4,2,1,4,0,544807
640,5,1,7,8,0,439201
2331,4,2,13,9,0,124314
667,5,4,1,3,0,549904
1587,1,3,14,7,0,473665
2399,2,2,29,9,0,415386
3161,4,2,3,2,1,321270
4308,4,3,24,4,2,90466
4293,2,4,1,3,1,176151
2221,4,2,10,8,0,438739
2255,4,4,13,4,2,410265
3798,5,3,9,9,2,562777
1878,5,1,14,1,0,84279
1294,2,2,10,1,0,333981
3687,1,4,23,4,1,608497
3124,4,3,7,3,2,596508
1685,1,3,2,3,2,719325
3528,2,2,15,2,0,305941
3079,2,1,9,2,0,164304
2293,5,2,17,8,2,218302
2915,4,4,18,1,2,280237
1658,3,3,15,8,0,626208
1378,2,1,18,3,0,383688
4247,4,4,24,2,0,712548
1093,1,2,23,9,1,447678
2185,5,3,12,5,1,153406
2092,1,2,23,5,0,405053
2390,2,1,21,6,1,416835
1260,2,1,26,4,2,561437
1948,1,1,8,7,2,83036
1927,2,1,30,7,0,711283
1899,4,1,34,9,2,387466
2586,2,2,2,6,2,64847
4355,5,1,5,1,2,539466
3660,4,1,31,9,2,635060
2644,3,3,33,9,2,335037
3872,2,1,4,5,1,483787
4116,2,3,6,7,1,595901
2528,5,3,23,1,0,558116
1947,5,3,19,4,2,638121
1658,1,2,8,4,1,122423
1576,1,2,13,5,1,178268
1081,1,4,1,6,1,434386
1327,5,4,6,4,2,583453
3127,1,3,7,6,1,571919
3736,1,2,27,7,0,672357
1631,3,1,15,3,0,244777
3972,1,4,34,9,2,135642
942,2,2,23,8,0,578697
4102,5,1,24,1,1,277002
2047,4,1,15,2,2,531029
2979,3,2,4,2,0,246889
3085,5,4,17,9,2,403128
4259,5,2,31,9,1,400813
2821,2,4,10,9,0,261254
3206,1,3,27,1,1,729068
1126,2,2,6,7,0,721450
2496,1,2,6,3,2,243974
1258,1,4,15,9,0,676458
2673,5,4,4,8,0,676045
1419,1,2,7,3,0,433232
3252,3,1,26,1,2,562799
1005,3,1,31,9,0,140928
2879,3,1,2,1,1,496968
3180,5,3,28,3,2,230719
4490,2,3,13,6,2,288402
2173,4,4,18,6,1,668719
2411,1,3,30,4,2,273559
1104,4,1,11,2,0,328912
4340,2,2,13,6,2,527259
778,2,3,24,5,1,548562
731,5,3,29,6,2,211519
2446,3,1,5,7,1,551973
2078,3,3,19,9,2,603406
2995,2,4,13,7,1,447695
3187,5,2,5,4,2,499815
1371,5,1,14,5,0,70200
2029,1,4,22,6,1,683354
2723,3,1,9,9,1,118704
1178,2,4,26,5,2,375631
3501,4,2,5,5,2,541656
2115,3,2,29,7,2,78435
793,1,4,22,2,0,107897
2607,5,4,3,3,2,181677
1785,2,4,28,2,1,550823
2994,3,4,14,2,2,517092
3598,4,4,14,3,0,240484
1984,1,4,11,6,2,525498
2392,1,2,9,5,2,350628
4255,3,4,6,5,1,491874
1710,4,3,1,2,2,449213
3933,1,2,25,2,0,451692
2861,2,1,16,1,2,508467
4336,1,2,15,3,2,193617
4393,4,1,34,7,1,319249
2536,5,1,17,5,2,155495
3220,5,3,3,7,1,137213
1379,3,4,3,9,1,253447
861,4,4,17,6,2,719022
1329,1,2,1,2,1,436185
882,1,4,7,1,1,636894
4319,5,3,26,1,2,400787
2090,5,2,19,9,2,721880
4051,2,2,30,6,0,476717
961,5,2,14,6,0,506967
4120,2,4,13,4,1,489407
1040,1,4,20,2,1,310565
2740,2,4,26,3,2,719843
2244,2,2,27,3,0,378267
3400,3,2,25,8,0,99887
1466,5,1,9,6,2,274089
2047,2,1,12,7,2,534125
741,1,4,10,9,2,301731
1914,4,2,6,1,2,121055
2055,2,4,34,2,0,284237
3396,5,4,19,9,2,78327
2475,3,1,6,5,2,422167
2447,1,3,2,4,0,524520
2312,3,4,15,1,2,215938
3300,4,3,17,9,0,462382
1300,2,3,16,9,0,156279
1597,2,2,28,4,2,273406
2696,5,2,21,9,2,331186
1925,2,4,8,1,1,575009
1480,1,1,10,5,1,203041
1813,4,1,10,1,0,132739
1759,3,4,10,4,0,385732
1154,4,4,9,5,1,457857
1003,2,1,28,3,0,612824
1491,3,3,24,2,1,336690
3512,5,4,19,6,2,421039
1201,4,3,33,3,2,552269
2430,3,4,4,1,2,422667
940,3,4,3,5,0,301049
4428,3,3,12,2,2,441292
2568,1,3,18,2,0,334798
1303,4,1,23,4,2,640951
917,3,4,20,4,0,250759
3265,4,2,6,4,0,722868
1986,3,2,34,7,1,238931
4493,5,4,2,1,1,291946
3029,5,4,30,8,1,606420
2880,5,4,9,9,0,387944
2400,2,3,27,6,1,571499
1967,3,2,34,4,1,469241
2172,2,2,24,6,1,701010
1416,4,2,17,7,0,440034
1152,2,4,29,6,0,297949
4200,4,3,12,1,1,268096
1455,4,4,31,5,1,562190
2412,4,1,9,8,0,216042
3466,2,1,19,8,0,369880
4242,3,2,17,9,1,399529
782,2,4,2,4,1,505624
3712,3,1,5,6,1,277011
2174,3,1,16,7,0,267039
996,4,4,17,5,1,213514
2327,2,3,27,8,0,197702
3426,3,4,7,3,2,500952
2117,5,4,8,8,1,597296
4330,3,3,8,5,2,390539
1506,5,2,23,1,0,717753
1956,2,2,32,6,2,547896
2774,2,2,18,2,1,509187
4229,2,3,12,7,2,139627
4228,3,1,15,9,2,422498
600,1,3,28,3,2,128657
3839,3,4,31,4,0,392651
4291,3,3,9,4,1,186162
618,4,1,8,4,0,351788
4003,4,1,19,3,2,542831
1183,3,4,8,5,2,547079
1055,5,2,34,9,0,96122
3604,4,1,4,8,0,555994
2636,3,1,31,2,2,245641
1732,1,1,3,9,1,662236
3939,5,4,19,2,0,112133
3092,2,1,29,7,2,108519
3911,3,2,10,5,2,655345
2552,3,4,12,7,1,89151
3972,5,2,30,5,2,456688
3249,4,1,30,6,0,373913
2750,4,1,18,8,2,196553
1587,4,2,24,1,2,492193
3921,2,4,32,1,2,84265
4124,5,4,9,5,2,374888
1119,5,2,24,1,1,429071
3824,4,1,26,3,0,345800
1458,4,3,3,9,2,593592
773,1,2,23,7,0,408760
1966,1,2,11,6,1,105911
4341,3,2,10,8,0,103013
3652,3,1,13,8,1,662269
3078,5,4,29,6,0,624602
1326,5,1,13,4,0,219966
4360,2,2,26,4,2,257152
2310,2,1,20,4,0,99420
2475,1,1,5,6,2,534804
3497,3,2,20,1,2,181015
2281,1,1,14,2,0,612022
1947,1,3,14,6,2,620507
1589,3,1,8,1,0,298105
4344,2,1,13,9,2,126972
3286,3,4,24,6,2,707063
1019,4,4,15,7,1,377957
1193,4,2,1,1,1,464223
3132,4,2,22,8,0,219413
4330,5,4,34,5,2,287622
2374,2,3,3,5,1,554582
3059,2,1,26,6,1,264159
1535,5,3,14,7,1,687003
1707,1,3,8,7,2,556716
1736,4,4,16,5,0,398773
4408,4,2,21,1,2,117804
931,1,1,10,9,2,288407
4049,3,2,25,6,1,636294
4426,3,3,22,9,2,474800
3302,2,3,4,4,2,571971
2688,5,2,4,2,1,446726
2393,2,2,30,3,1,513807
1558,3,4,2,4,2,714616
4468,1,2,29,8,1,304056
704,2,2,21,3,0,598389
801,4,4,21,8,0,73261
3097,4,2,21,6,0,204281
2442,1,3,4,4,0,612935
2466,3,2,1,7,0,199293
2596,4,1,26,5,1,501049
1889,4,3,2,5,1,407557
1509,5,4,9,9,0,609845
809,2,3,18,3,0,460742
1162,3,4,11,4,0,163585
3789,2,1,25,5,1,716611
3360,3,1,26,1,1,616876
4048,4,3,3,7,2,591177
4222,5,2,22,8,2,307723
2163,2,3,8,6,2,112318
1370,4,3,15,9,2,582121
3755,3,1,7,3,1,553298
3101,2,4,19,2,1,526804
3314,2,3,17,5,1,551300
1228,4,2,1,9,1,621926
4185,2,1,29,1,0,61147
2228,5,3,13,1,2,581715
2301,5,3,29,3,1,670058
986,4,2,6,3,1,382479
2535,3,3,5,5,2,124347
4021,4,3,34,4,1,552483
2943,5,3,11,6,0,483968
2905,1,3,9,8,1,513749
1704,1,2,9,8,2,264026
867,2,3,8,4,0,339854
3066,2,3,3,1,0,274174
2882,1,3,13,7,2,172286
2456,5,1,19,6,2,552314
3982,2,2,34,5,0,299192
4484,4,1,32,4,1,604943
2598,4,1,16,6,2,461699
3633,5,2,18,8,0,100094
1980,2,1,14,6,2,232522
1836,4,1,30,3,1,178116
1173,2,1,2,9,1,740569
648,2,2,13,3,0,106316
1750,4,3,27,4,1,602844
822,1,4,17,5,1,743322
3568,4,4,31,2,1,468854
3950,5,2,15,2,2,686499
2031,3,4,20,6,0,277691
2128,4,2,5,2,0,525833
3965,2,2,7,1,0,638664
2419,2,4,18,8,1,524512
2924,4,1,11,1,2,335915
2061,3,3,32,6,0,388170
1730,4,4,27,1,2,449684
2281,3,4,26,8,0,457479
3067,3,4,28,5,1,460985
3258,5,4,2,3,0,740694
4100,2,2,20,5,0,536333
974,2,2,4,1,1,387254
2720,3,3,13,1,1,717264
2621,2,3,24,4,0,130805
4305,1,4,29,9,2,90968
1653,3,4,2,9,1,61650
3859,2,4,18,1,0,334611
4035,1,3,8,3,1,161495
2489,5,4,15,4,2,158331
2423,2,1,17,2,0,237972
2074,1,3,23,7,0,521631
2842,4,1,2,3,2,333009
1779,4,4,6,1,2,174559
3843,1,2,29,1,0,423557
3494,3,1,27,3,2,645327
1664,3,3,34,6,2,299028
3734,2,1,18,4,0,583912
2670,4,3,10,1,1,524510
959,3,4,17,7,2,456137
3746,3,1,13,2,1,421881
3207,4,2,27,5,1,64428
3319,5,1,2,8,1,526863
2641,3,2,34,7,2,309296
4496,1,3,31,8,0,148783
1741,2,4,23,6,0,173823
2235,3,4,7,7,0,418127
2003,3,2,33,9,0,174039
2543,5,3,12,6,0,465582
1278,1,4,12,9,0,745924
3961,2,3,19,2,1,440746
3087,3,2,9,2,1,397655
4339,2,2,10,2,1,702698
3580,4,1,17,6,2,718002
606,3,4,10,2,2,428025
3867,3,4,12,3,2,729209
3068,4,1,15,8,0,472560
2191,5,2,31,8,1,282763
1432,3,2,15,4,2,569523
3864,2,2,28,9,1,213594
3206,1,2,4,8,0,316918
3819,2,3,1,1,1,66680
2410,5,4,34,8,0,177028
4340,1,4,17,1,2,134955
3873,2,2,33,4,0,700704
4115,2,2,21,6,0,633641
1513,4,2,26,7,1,688577
2611,5,4,5,4,0,521912
2042,4,4,33,8,2,628521
2050,1,2,1,8,2,198944
3654,4,3,6,9,0,67839
2102,5,1,2,6,1,206724
4146,3,1,5,4,2,460075
725,3,1,26,2,2,748880
3042,1,4,13,7,0,400984
1416,3,4,12,3,0,240338
3528,4,1,5,3,2,304433
2429,1,1,2,3,0,442173
1175,5,3,4,4,0,391660
2972,1,4,27,2,2,633908
2015,1,4,10,5,1,635015
1529,2,1,13,3,1,241057
4359,2,3,2,5,2,288411
4299,1,3,26,7,0,391786
2063,3,1,15,9,2,669911
3875,2,1,10,2,2,323552
4157,5,4,22,9,0,639625
1432,4,1,25,6,1,623900
1654,2,2,15,6,1,230235
4059,1,3,13,3,0,712236
2248,3,1,8,9,2,252154
2500,4,2,21,4,0,218402
2057,2,3,21,5,2,154747
3484,3,2,22,3,0,632402
3573,3,2,33,5,0,416849
1999,3,1,27,8,1,726620
4015,1,3,22,8,1,158214
1042,5,2,30,8,0,713173
4250,3,4,9,6,0,367325
2722,4,3,18,1,1,448454
1156,2,4,5,6,2,143446
4443,4,1,27,7,1,191912
4337,1,4,6,9,2,334443
1778,1,3,32,8,1,548741
4101,4,2,8,8,1,393239
2637,5,2,21,7,2,295302
962,1,3,18,2,0,485813
3095,1,2,14,1,1,199779
1857,4,4,15,2,1,371087
4234,1,2,26,6,1,694246
2441,5,2,32,2,0,297051
2909,5,4,28,4,1,691931
2450,5,4,32,3,0,148377
2772,2,4,13,6,1,407320
1510,5,1,15,8,2,160898
844,5,4,18,6,1,289234
1141,2,4,6,2,1,659564
3132,3,1,11,5,0,701062
2769,1,2,32,6,0,456371
2772,5,4,20,9,0,574300
2172,1,3,33,6,2,388658
2817,4,4,8,5,2,235915
723,1,4,5,1,0,95357
3706,2,1,14,5,2,603271
3758,1,3,21,5,0,619564
3293,1,2,24,6,2,321728
2331,1,2,17,7,0,498495
1385,3,3,18,4,0,250555
2643,3,4,34,7,2,274185
2848,4,1,12,5,1,393595
3016,2,3,16,6,0,455261
1396,1,3,4,4,0,428887
676,1,2,25,8,1,364488
658,1,1,34,9,0,436213
3078,1,3,28,2,0,604344
3285,3,1,11,4,2,647853
2123,4,4,13,8,1,697385
2536,5,2,31,8,0,107689
2756,2,4,25,9,0,354279
4407,1,1,10,3,1,296557
3655,4,4,24,1,1,354956
1901,5,2,1,9,2,701061
667,4,1,25,1,2,475988
3740,3,3,28,3,2,403101
3836,5,4,18,3,0,414796
4160,4,2,6,9,1,329919
2952,3,3,2,1,2,283554
2532,4,2,3,7,1,376667
3321,4,1,8,2,0,726067
964,5,1,31,7,0,335516
1420,3,4,19,1,1,166252
2002,1,2,6,8,1,113475
2990,2,2,14,2,2,705602
1546,5,2,3,3,1,450958
3546,3,1,1,8,2,183502
2177,4,4,30,3,1,641489
1977,3,2,19,1,1,640531
2039,2,2,19,9,1,562599
3780,2,3,9,8,0,397686
4234,1,2,7,4,0,749353
1361,1,4,7,8,0,584189
4168,2,3,9,5,2,749376
940,5,3,4,3,2,740714
3589,5,3,25,1,0,108637
982,4,1,12,5,0,179714
1603,1,3,6,6,1,710868
2156,4,2,18,4,1,536718
899,1,1,21,7,2,626961
738,2,1,15,3,2,727143
958,5,1,3,7,1,124694
1435,5,1,2,1,2,695980
2122,2,1,4,7,0,638195
4056,4,1,32,1,1,464140
2227,4,1,2,1,1,392322
2582,3,3,29,2,2,130732
1903,1,4,2,2,1,529907
4308,4,2,34,4,1,68072
3130,2,2,27,1,0,665789
1508,4,3,18,4,1,235759
1734,5,3,19,2,1,81942
3513,1,1,27,4,1,565579
2786,3,4,20,4,1,152379
1595,1,1,21,9,0,327634
3082,5,3,23,9,1,737079
3156,5,1,30,1,0,341038
2920,5,2,25,5,0,484053
3770,5,2,31,7,0,431974
4435,2,1,27,4,2,526922
2751,3,4,34,5,2,290009
1837,5,1,8,2,1,269497
2384,5,1,19,3,0,341248
4335,4,4,26,7,2,174863
3409,3,4,28,7,1,468356
3434,1,4,4,4,2,415416
764,3,2,31,1,0,592440
1598,3,1,16,1,1,632774
3167,3,3,10,4,0,424840
1907,5,4,10,4,0,278962
3164,5,4,9,6,2,285011
1256,2,1,19,7,1,299214
3260,1,3,19,9,1,356870
2811,4,1,12,9,1,164983
2509,3,1,13,5,2,501905
4330,1,4,25,3,1,165652
2646,1,4,25,3,2,655708
2711,2,2,28,6,1,137848
3762,4,3,30,1,2,457538
1740,3,3,5,7,1,622523
2489,4,4,17,3,2,170629
866,2,4,18,5,0,644249
2445,5,4,21,7,0,312139
2308,1,3,22,7,0,110356
4230,3,2,6,9,1,689041
3811,5,3,16,1,2,578275
2893,2,4,2,3,0,438035
4332,4,4,1,9,1,672766
4429,1,2,30,8,2,93750
3042,3,1,23,2,0,420013
2110,5,1,1,8,0,560443
1075,5,3,19,8,1,304365
4188,1,1,3,2,2,410592
1576,4,1,2,8,1,312415
1807,2,3,17,3,0,450186
1643,4,4,28,7,1,540826
2560,4,1,18,9,1,565916
1157,4,4,33,4,0,459121
1617,1,3,15,6,0,377627
4195,1,4,22,9,2,522825
2205,2,4,27,5,2,243118
4200,4,3,32,1,0,324378
1482,1,4,19,3,0,264239
2794,2,1,28,9,2,377155
1265,2,1,28,3,1,176135
3975,4,1,10,2,0,203133
3267,3,1,20,4,0,109253
2371,4,4,25,5,1,711222
3467,3,1,21,7,2,673642
1463,2,4,14,7,2,628955
1181,1,2,22,9,1,380940
3670,5,4,26,8,0,172042
1294,2,1,11,2,1,124065
4433,1,2,7,8,0,398530
1851,2,3,17,8,2,614926
3773,4,4,18,5,0,142455
2210,3,1,7,3,0,477100
4088,2,1,20,9,0,221769
1839,1,1,11,7,0,667908
3054,4,3,16,1,0,708631
998,5,2,27,8,2,286909
2546,4,2,11,5,1,591402
1314,3,1,16,6,2,614838
1303,4,4,23,9,0,500987
3408,5,1,12,8,1,328636
3146,1,1,3,3,0,293720
4425,2,4,2,5,2,324115
4136,3,1,24,4,2,237422
2314,5,3,29,1,0,725004
2572,3,1,34,5,0,535848
3621,4,3,20,7,1,203606
4402,3,1,18,1,1,728128
681,5,2,14,4,0,344769
1203,2,4,18,6,1,557992
2570,2,2,2,9,0,80032
2310,3,1,1,8,0,491108
2646,1,1,20,2,0,545341
4422,3,3,34,3,2,259451
3419,4,1,11,5,0,608645
1502,2,1,27,7,0,535728
964,2,1,23,3,0,322641
762,2,2,3,7,1,455350
3719,1,3,12,5,0,209905
3158,1,2,30,6,2,524164
4000,5,3,31,6,2,391972
2463,3,2,23,4,0,415067
715,3,1,1,8,0,191098
3588,4,2,20,9,0,598758
2984,2,2,6,2,2,351929
1480,1,3,11,9,1,455469
3384,4,3,4,4,1,518105
1439,4,2,29,6,0,506023
2794,1,3,10,7,1,235330
4246,3,3,29,4,2,499363
4477,2,3,1,8,0,367561
1946,3,4,8,8,1,566513
3090,4,3,17,1,0,454302
3484,2,4,19,8,0,160319
1636,5,4,33,3,2,671275
1542,4,3,15,5,2,135443
4165,3,2,31,8,1,696526
2324,3,3,21,6,2,151838
2934,3,1,3,4,0,375637
3367,1,2,2,4,2,344949
1737,4,4,16,4,1,383930
3127,2,4,21,6,1,74248
621,3,2,12,7,1,261075
4020,3,2,28,5,2,216456
2349,1,3,12,8,2,193968
1282,2,4,33,7,2,146175
4237,4,1,20,8,2,405398
3553,5,3,21,4,2,631679
2433,1,2,22,8,1,171011
2967,4,4,26,6,1,285151
725,5,2,7,3,2,409711
876,3,2,7,8,0,491912
2599,3,2,8,7,1,507170
1827,2,3,26,5,0,535833
2841,5,1,24,4,0,333370
4352,3,1,24,1,1,76858
4335,3,4,12,3,0,301544
4218,2,2,8,2,0,696781
1295,4,1,9,8,1,740473
1909,3,2,3,8,1,299828
656,1,4,21,5,2,606304
4405,1,2,31,5,1,317826
3974,4,1,24,4,0,524136
3834,5,2,4,1,1,77445
618,2,1,20,1,2,547656
4041,1,4,16,6,1,488291
2911,1,2,10,4,0,338835
3441,4,1,26,4,1,216932
712,5,4,29,3,0,744781
4159,5,2,5,9,1,223062
3998,4,4,11,3,2,387983
1141,1,1,29,8,2,590774
3294,2,2,15,2,1,262174
1178,1,2,6,4,0,522643
1688,5,2,15,1,2,462262
3963,1,4,20,5,0,327868
624,2,4,34,2,1,713567
2172,3,1,2,1,2,130886
2648,1,3,16,1,2,153761
3558,4,2,19,2,0,724524
2172,3,2,34,5,2,698454
740,4,1,14,9,0,617160
2367,4,2,24,6,0,513095
1247,4,4,28,4,1,672879
2835,1,4,32,3,0,380012
3799,5,2,10,8,2,560081
800,3,2,9,3,0,268997
3798,2,4,24,1,2,603635
856,5,2,29,4,0,363767
4347,1,4,29,5,1,76360
1146,4,3,23,5,1,568593
2841,2,3,27,5,0,336358
3350,3,2,31,8,0,394423
3775,5,2,7,8,0,291964
4206,5,2,4,4,1,74698
3936,2,4,14,9,0,553548
1401,1,3,10,1,0,744962
1541,3,3,34,5,2,176544
4055,2,1,26,5,1,337091
3931,4,1,23,5,1,112338
1013,3,2,9,8,0,488753
2614,5,4,8,9,0,82469
1981,2,2,14,3,2,721846
1698,5,3,7,9,0,657065
4026,5,2,7,8,1,79371
4255,5,2,9,3,2,297511
4442,1,3,3,2,1,747884
1509,5,3,14,4,0,303549
787,4,3,17,2,2,712241
4356,4,3,22,4,1,344618
2615,3,1,26,5,1,400347
1913,5,4,28,2,1,270409
2692,5,4,14,8,0,167644
4244,2,3,9,1,0,238213
2730,1,4,26,3,0,175468
1746,3,4,2,7,0,588693
957,5,4,11,1,1,324297
2151,2,4,17,2,2,276305
1689,1,3,34,3,0,244716
3583,3,2,19,2,2,557816
2280,3,2,18,2,1,160887
3022,5,2,13,6,0,481499
761,3,1,5,7,1,161347
4417,2,4,23,6,0,603934
4051,3,3,24,6,0,76036
4327,4,3,29,9,2,591014
4029,2,1,8,8,1,162326
3859,1,3,26,8,1,494376
2969,1,2,15,6,1,278163
1049,5,1,1,5,2,413581
2097,5,3,28,9,2,221639
1636,4,1,14,2,1,710539
2831,1,1,34,7,1,563782
2758,1,3,31,6,0,164968
2550,1,2,6,7,0,345835
3155,1,3,5,4,2,180931
1913,3,4,31,9,0,665690
2942,2,4,15,7,1,140632
4122,2,3,15,2,1,272055
3551,4,2,5,4,0,79854
1838,3,4,28,5,0,371840
1573,1,4,33,2,2,399726
1231,1,3,11,8,0,426874
2190,5,3,6,1,2,257564
1650,5,3,23,3,0,642083
4301,4,1,2,1,0,346704
3380,1,1,15,5,0,673999
3902,4,1,23,8,0,690865
2188,3,3,22,7,1,700212
4478,2,2,9,9,1,402535
2968,1,4,30,2,1,180965
3560,3,1,16,8,0,437278
3904,1,2,30,8,2,274611
2293,5,3,9,6,0,401524
1036,4,1,1,3,1,93146
3428,5,3,8,2,2,493093
2156,2,2,18,8,2,497909
4074,5,1,27,6,1,667348
1676,1,1,18,4,0,211191
4458,5,1,32,5,2,369823
3984,1,1,32,5,2,581128
1904,2,2,21,9,1,545341
3373,5,1,32,9,2,597451
2678,4,4,31,8,2,420835
2984,4,4,16,8,2,615090
782,4,3,14,2,0,112175
3694,5,1,24,3,0,70111
3191,5,4,25,8,1,695275
2069,5,4,17,5,0,649814
3745,1,4,4,7,2,185588
3681,2,2,11,8,0,605407
4155,4,1,15,6,2,252968
2079,1,2,30,5,2,565830
2189,4,2,24,8,0,566729
2187,1,4,2,1,0,711244
1259,5,4,34,1,0,488755
759,4,3,23,1,0,162473
3685,5,1,31,3,1,115387
3849,4,1,13,6,0,283561
3059,3,4,33,6,1,233895
1611,1,4,7,5,2,391699
652,3,1,32,7,1,670478
3055,1,3,7,5,2,107418
3494,2,4,13,2,1,416014
1645,4,3,24,4,1,108695
1653,2,2,28,1,2,712556
3350,2,4,32,7,1,207490
2907,1,2,18,4,2,611030
1828,3,4,34,4,0,270290
3730,5,2,34,4,2,108028
2094,1,4,1,3,1,432279
3423,5,3,31,8,0,137700
2089,2,3,1,4,1,329762
1635,5,3,16,8,0,653204
4302,3,2,15,9,2,376772
2550,1,3,33,1,0,664987
3961,3,2,23,4,0,407240
1449,3,4,34,6,0,336869
4431,1,2,17,8,1,232207
953,3,4,25,6,0,130223
4310,4,1,6,6,2,548714
1698,4,1,31,4,2,330200
3520,4,1,5,9,2,434038
2339,5,2,30,7,0,655246
4232,3,1,5,6,2,286140
4262,1,1,12,1,1,556885
2064,1,1,7,2,2,596809
1590,5,4,13,6,0,595194
1864,1,3,4,1,2,317608
3665,4,2,3,5,0,128514
2484,3,1,12,1,0,303126
3825,1,4,1,3,2,222347
2409,1,3,27,7,1,72343
3767,2,3,13,5,1,268559
4397,2,3,17,1,2,664515
2941,2,4,8,1,0,530272
2856,3,1,32,8,2,177658
4014,4,3,20,9,0,294284
1711,4,4,17,7,0,352665
1417,4,4,34,3,0,294558
2399,3,2,24,6,1,454021
2560,3,4,18,3,1,489084
3037,2,3,33,4,2,749703
2972,1,3,23,4,1,527543
3587,5,4,25,3,0,488599
1488,5,3,27,6,0,75040
2455,1,4,1,5,2,478403
1780,2,3,21,9,0,384822
1267,1,2,10,9,2,680684
4322,1,1,31,3,2,217597
1232,5,2,25,9,0,98394
3224,2,2,20,3,1,150672
2242,3,1,2,4,0,169042
4330,5,3,15,1,0,142546
736,3,1,28,5,2,648277
2546,2,4,13,9,1,623940
2297,1,1,14,2,2,438442
1027,4,2,2,4,0,431902
2075,4,1,34,2,2,661798
