Student_ID,First_Name,Last_Name,Email,Gender,Age,Department,Attendance_(%),Midterm_Score,Final_Score,Assignments_Avg,Quizzes_Avg,Participation_Score,Projects_Score,Total_Score,Grade,Study_Hours_per_Week,Extracurricular_Activities,Internet_Access,Parent_Education,Family_Income,Stress_Level_(1-10)
S1000,Emma,Anderson,student0@univ.edu,Female,25,CS,67.68,51.74,87.72,67.59,99.48,45.0,94.21,80.242,B,8.2,No,Yes,Bachelor's,Low,10
S1001,John,Smith,student1@univ.edu,Female,24,Data Science,76.24,76.63,64.13,60.73,84.55,84.9,73.03,70.518,C,5.2,Yes,Yes,PhD,High,5
S1002,Zainab,Taylor,student2@univ.edu,Male,19,Engineering,79.98,65.21,79.92,77.23,86.99,1.4,56.35,74.0995,C,12.2,No,Yes,Master's,Low,9
S1003,Fatima,Johnson,student3@univ.edu,Female,20,Physics,78.33,93.14,96.06,57.37,51.6,11.9,60.65,77.692,B,20.5,Yes,Yes,Master's,Medium,3
S1004,David,Wilson,student4@univ.edu,Female,21,Data Science,82.71,85.31,41.24,90.87,51.07,68.5,76.99,64.3355,D,26.4,Yes,Yes,Master's,Low,4
S1005,Zainab,Miller,student5@univ.edu,Female,18,Mathematics,65.39,75.82,40.67,61.28,51.81,96.4,66.92,56.4,D,28.8,Yes,Yes,PhD,Medium,10
S1006,Liam,Khan,student6@univ.edu,Male,21,Physics,56.32,40.64,86.22,79.9,99.59,64.3,92.56,79.1125,B,7.1,No,Yes,PhD,Low,8
S1007,Emma,Brown,student7@univ.edu,Female,20,Engineering,88.04,92.79,78.78,56.25,98.98,26.1,74.74,80.6265,B,13.2,Yes,Yes,Master's,Low,2
S1008,Lucas,Jones,student8@univ.edu,Female,22,Mathematics,92.54,66.68,57.58,98.92,66.73,52.0,95.76,72.7005,C,28.1,No,No,Master's,Medium,5
S1009,Ahmed,Williams,student9@univ.edu,Male,24,CS,62.85,95.89,69.66,72.73,64.55,97.5,55.09,72.4145,C,19.4,Yes,Yes,High School,Medium,9
S1010,Emma,Taylor,student10@univ.edu,Male,21,Data Science,70.35,69.73,42.52,91.11,57.3,52.8,83.43,63.604,D,10.5,No,No,PhD,Low,9
S1011,Fatima,Miller,student11@univ.edu,Male,22,Physics,74.93,81.65,51.55,88.43,66.46,37.4,94.29,71.7495,C,16.8,No,No,None,Low,10
S1012,Fatima,Williams,student12@univ.edu,Male,22,Business,76.67,44.16,65.47,85.68,68.51,38.3,64.65,64.5725,D,13.1,No,No,Bachelor's,Low,9
S1013,David,Jones,student13@univ.edu,Female,20,Engineering,82.97,84.71,90.04,91.37,87.41,96.7,56.78,83.79,B,6.5,No,No,Bachelor's,Low,1
S1014,Liam,Smith,student14@univ.edu,Male,20,Physics,52.08,60.28,68.78,55.02,93.31,71.9,72.83,69.303,C,27.9,No,No,Bachelor's,Medium,1
S1015,John,Smith,student15@univ.edu,Female,25,Business,86.07,61.08,75.18,83.92,87.34,68.7,98.07,78.9285,B,13.8,No,No,Master's,High,1
S1016,David,Davis,student16@univ.edu,Female,24,Physics,53.1,47.12,92.43,63.29,82.32,23.2,81.67,75.8665,B,33.4,Yes,No,PhD,Medium,8
S1017,David,Jones,student17@univ.edu,Female,18,Mathematics,73.41,48.81,58.53,89.29,88.3,55.9,82.2,69.216,C,31.6,No,Yes,High School,High,4
S1018,Ahmed,Jones,student18@univ.edu,Female,23,Business,91.38,51.15,82.04,97.84,86.92,35.7,83.58,79.195,B,26.5,Yes,Yes,High School,Medium,9
S1019,Sara,Williams,student19@univ.edu,Female,19,Business,72.56,59.69,91.7,95.07,73.79,24.0,51.99,77.1605,B,14.8,Yes,No,Bachelor's,High,6
S1020,Liam,Miller,student20@univ.edu,Male,21,Physics,57.45,93.52,52.16,55.75,66.79,89.6,72.28,66.183,C,13.4,No,No,None,Medium,3
S1021,Maria,Khan,student21@univ.edu,Female,20,CS,99.25,62.1,61.39,68.48,64.14,38.3,53.88,61.8815,D,19.3,No,No,None,High,8
S1022,David,Anderson,student22@univ.edu,Female,21,CS,94.46,83.46,98.79,68.22,83.97,28.3,65.79,83.9655,B,15.6,Yes,No,None,Low,1
S1023,Ali,Williams,student23@univ.edu,Female,23,Data Science,88.57,44.96,98.99,56.11,97.97,93.2,91.08,80.4125,B,32.0,Yes,No,None,Low,2
S1024,Hassan,Brown,student24@univ.edu,Male,23,Mathematics,70.58,75.47,53.39,54.91,79.05,19.7,82.81,66.296,C,8.7,No,Yes,High School,High,8
S1025,Sara,Smith,student25@univ.edu,Female,24,CS,59.19,68.91,43.99,69.24,95.63,74.6,99.78,68.876,C,26.7,Yes,No,High School,Low,1
S1026,Maria,Smith,student26@univ.edu,Female,22,Physics,97.07,98.68,56.26,99.6,50.71,65.3,58.61,70.765,C,23.3,Yes,No,PhD,High,5
S1027,Ali,Davis,student27@univ.edu,Male,24,CS,76.62,90.77,63.86,78.45,89.72,92.0,69.85,76.208,B,29.2,No,Yes,High School,High,3
S1028,Liam,Khan,student28@univ.edu,Female,19,Data Science,92.62,67.29,66.46,81.09,92.68,83.2,90.48,76.3565,B,21.3,Yes,No,PhD,Low,2
S1029,Omar,Brown,student29@univ.edu,Female,18,Engineering,67.1,86.51,77.13,73.55,81.55,70.5,60.78,76.6795,B,23.9,No,No,PhD,Low,4
S1030,Ali,Smith,student30@univ.edu,Male,21,Data Science,66.76,51.58,93.97,83.12,96.7,31.5,57.69,78.832,B,33.9,No,No,Master's,Medium,2
S1031,Lucas,Williams,student31@univ.edu,Female,19,Business,99.28,73.74,59.82,97.83,79.5,49.6,71.38,72.9915,C,7.8,Yes,Yes,High School,High,5
S1032,Sara,Brown,student32@univ.edu,Female,25,Business,76.09,44.48,91.0,79.43,62.03,94.4,69.19,72.3435,C,8.1,Yes,No,None,Medium,8
S1033,Zainab,Williams,student33@univ.edu,Female,18,CS,57.03,60.89,45.61,53.25,60.79,2.3,99.01,60.099,D,16.8,Yes,Yes,Bachelor's,High,4
S1034,Ali,Anderson,student34@univ.edu,Female,21,CS,60.98,53.55,42.51,74.64,77.79,79.4,72.81,59.3745,D,19.2,No,Yes,PhD,High,7
S1035,Sophia,Anderson,student35@univ.edu,Female,19,Data Science,74.1,83.13,70.24,99.64,95.32,25.2,93.05,84.4115,B,11.0,Yes,Yes,Bachelor's,Medium,5
S1036,Omar,Smith,student36@univ.edu,Male,20,Data Science,52.12,69.41,43.58,69.37,53.62,18.5,94.4,61.7435,D,7.5,Yes,No,None,Low,9
S1037,Fatima,Smith,student37@univ.edu,Male,21,Physics,73.13,85.06,63.55,79.69,80.22,23.2,57.89,71.9245,C,5.7,No,No,PhD,Medium,2
S1038,Fatima,Miller,student38@univ.edu,Male,19,Mathematics,70.95,70.92,93.81,55.33,88.49,6.0,85.77,81.456,B,27.9,Yes,No,PhD,Low,2
S1039,Lucas,Anderson,student39@univ.edu,Female,23,Physics,88.97,45.19,54.49,57.06,55.77,99.2,63.88,54.616,F,19.6,Yes,No,High School,Low,1
S1040,Ali,Khan,student40@univ.edu,Female,18,Business,67.75,84.12,82.36,93.73,55.84,87.0,54.74,76.2965,B,30.3,No,Yes,Master's,High,4
S1041,Ali,Khan,student41@univ.edu,Female,19,Physics,99.13,89.99,58.14,65.02,68.31,52.1,93.74,72.4075,C,15.8,No,Yes,Bachelor's,Medium,8
S1042,Hassan,Taylor,student42@univ.edu,Male,20,Data Science,59.04,94.21,42.7,65.27,63.69,71.5,64.62,62.824,D,26.1,Yes,No,None,Medium,5
S1043,Hassan,Taylor,student43@univ.edu,Female,24,Physics,79.55,74.32,73.4,69.36,59.92,55.7,67.27,70.0365,C,19.7,No,No,Master's,Low,5
S1044,Hassan,Davis,student44@univ.edu,Female,21,Engineering,54.48,85.22,90.09,98.32,59.93,81.2,66.2,82.243,B,23.4,Yes,No,Master's,Low,4
S1045,Ahmed,Anderson,student45@univ.edu,Female,25,Mathematics,86.69,85.12,64.57,54.22,56.53,84.5,60.01,65.2375,C,16.1,No,Yes,High School,High,7
S1046,Ali,Williams,student46@univ.edu,Male,21,Data Science,99.74,49.34,77.04,90.94,80.54,23.3,71.73,73.3135,C,7.4,No,No,PhD,High,10
S1047,Emma,Williams,student47@univ.edu,Male,21,CS,90.96,49.85,94.0,67.08,84.41,46.0,71.41,76.305,B,33.4,No,Yes,None,Low,8
S1048,John,Johnson,student48@univ.edu,Female,20,Physics,77.79,44.25,87.38,92.47,85.15,63.5,70.44,76.642,B,30.1,Yes,No,Master's,High,9
S1049,Sophia,Brown,student49@univ.edu,Female,18,Data Science,74.24,59.19,51.63,99.59,76.62,97.8,95.81,70.7115,C,14.4,No,No,Master's,Low,6
S1050,Ahmed,Wilson,student50@univ.edu,Female,21,CS,91.75,68.41,84.0,67.43,97.65,68.3,66.99,77.8925,B,33.8,No,Yes,Bachelor's,Medium,9
S1051,Liam,Taylor,student51@univ.edu,Male,18,CS,96.8,99.87,70.11,56.47,94.03,89.8,51.52,74.8155,C,14.0,No,Yes,None,High,1
S1052,Ahmed,Smith,student52@univ.edu,Male,19,Business,99.46,65.86,84.76,57.22,97.88,84.6,58.92,74.941,C,18.3,No,Yes,None,Medium,3
S1053,Emma,Davis,student53@univ.edu,Male,23,Business,69.83,83.57,69.67,87.94,69.44,58.2,86.07,77.616,B,27.7,Yes,Yes,Master's,Low,1
S1054,Liam,Khan,student54@univ.edu,Female,25,Data Science,99.55,81.6,47.68,57.25,93.89,89.4,79.54,67.61,C,14.3,No,Yes,PhD,High,5
S1055,Sophia,Wilson,student55@univ.edu,Male,23,Data Science,57.8,52.27,74.19,63.02,88.14,37.7,97.59,73.733,C,14.7,Yes,No,None,Low,8
S1056,Emma,Jones,student56@univ.edu,Female,18,Engineering,62.68,43.51,69.53,60.22,67.0,37.9,84.72,64.8285,D,17.3,Yes,No,None,Medium,6
S1057,Maria,Davis,student57@univ.edu,Female,18,Mathematics,54.45,72.76,71.08,67.78,55.33,78.1,59.71,66.853,C,19.1,No,Yes,Bachelor's,High,10
S1058,John,Jones,student58@univ.edu,Male,23,Mathematics,63.59,82.02,92.73,53.72,84.13,13.5,56.03,77.9415,B,8.7,Yes,No,Bachelor's,Medium,5
S1059,Sophia,Ahmed,student59@univ.edu,Female,21,Data Science,88.4,99.9,93.69,92.84,56.82,30.6,76.04,86.6265,A,5.5,No,Yes,Bachelor's,Medium,1
S1060,Ali,Anderson,student60@univ.edu,Male,22,Business,92.65,61.52,67.21,93.01,64.69,60.9,83.26,71.9715,C,32.6,Yes,Yes,PhD,Low,1
S1061,Hassan,Jones,student61@univ.edu,Female,22,Physics,88.94,93.78,67.34,70.65,75.02,42.0,58.28,72.9175,C,15.6,No,No,PhD,Medium,5
S1062,Maria,Jones,student62@univ.edu,Female,20,Engineering,81.55,62.92,70.91,80.6,83.99,94.1,80.08,74.103,C,8.1,Yes,No,None,Medium,5
S1063,Lucas,Ahmed,student63@univ.edu,Male,25,Mathematics,75.7,81.36,71.18,82.1,96.31,95.9,93.25,81.934,B,27.8,Yes,Yes,PhD,Medium,8
S1064,Sophia,Miller,student64@univ.edu,Female,24,Data Science,85.44,75.9,97.02,87.46,79.66,50.3,86.38,87.162,A,13.9,No,Yes,Bachelor's,Low,2
S1065,Lucas,Miller,student65@univ.edu,Female,23,Business,69.54,43.18,78.96,76.03,83.57,53.9,83.21,72.6935,C,10.4,No,No,PhD,Medium,7
S1066,Liam,Miller,student66@univ.edu,Female,23,Business,92.07,44.7,56.65,75.52,65.5,72.5,89.47,63.341,D,33.9,Yes,No,None,Low,5
S1067,Maria,Anderson,student67@univ.edu,Female,20,Business,83.86,41.25,71.89,81.57,84.36,45.7,55.2,66.581,C,32.6,Yes,No,Master's,High,2
S1068,John,Wilson,student68@univ.edu,Female,25,Physics,84.89,62.25,77.63,85.15,71.89,19.0,60.19,72.205,C,8.2,No,Yes,High School,High,5
S1069,Ali,Davis,student69@univ.edu,Female,22,CS,76.8,84.75,78.39,67.33,92.85,74.7,51.9,76.1985,B,32.0,Yes,Yes,PhD,Low,9
S1070,Ali,Davis,student70@univ.edu,Female,19,Physics,94.26,50.37,75.12,66.52,69.62,73.8,57.25,65.3745,C,31.7,Yes,Yes,Master's,High,5
S1071,Emma,Smith,student71@univ.edu,Female,21,Business,62.6,76.35,50.66,63.49,73.41,24.5,95.66,67.885,C,24.0,Yes,Yes,None,Medium,5
S1072,Ali,Miller,student72@univ.edu,Male,21,Data Science,69.06,57.33,42.02,77.44,71.63,83.3,61.11,57.7,D,20.9,No,Yes,Master's,Medium,2
S1073,Zainab,Anderson,student73@univ.edu,Male,19,Engineering,88.88,87.82,60.27,68.01,90.56,61.4,83.1,74.909,C,11.5,Yes,Yes,Master's,Low,9
S1074,David,Smith,student74@univ.edu,Female,19,Physics,74.64,87.9,65.65,77.02,97.68,23.6,84.58,79.4495,B,8.6,No,No,Master's,Medium,2
S1075,Ahmed,Brown,student75@univ.edu,Female,25,Data Science,94.46,86.52,43.71,70.3,66.36,65.2,82.27,65.442,C,23.2,No,No,Bachelor's,High,5
S1076,Hassan,Smith,student76@univ.edu,Male,22,Business,67.32,71.49,88.9,91.84,73.75,23.4,77.7,81.9065,B,29.7,Yes,No,PhD,High,2
S1077,Omar,Wilson,student77@univ.edu,Female,20,Engineering,68.47,57.07,60.64,53.66,85.3,26.5,74.31,64.6285,D,25.7,No,No,Master's,Low,2
S1078,John,Taylor,student78@univ.edu,Male,19,Mathematics,94.44,88.57,94.82,78.61,94.77,84.8,71.0,87.558,A,10.4,No,Yes,None,High,6
S1079,Maria,Jones,student79@univ.edu,Male,20,Mathematics,73.22,51.17,49.26,78.78,74.69,92.9,95.84,64.8715,D,13.7,No,No,High School,High,10
S1080,David,Miller,student80@univ.edu,Male,25,Data Science,75.81,57.39,43.42,69.19,55.44,25.7,50.48,52.9415,F,21.4,No,Yes,High School,High,3
S1081,John,Ahmed,student81@univ.edu,Female,24,Engineering,66.64,51.04,68.94,71.05,68.43,92.8,52.67,63.1595,D,23.7,No,Yes,High School,Low,10
S1082,Maria,Taylor,student82@univ.edu,Female,18,Data Science,63.83,80.45,51.35,90.01,77.52,23.9,74.63,70.3865,C,7.2,No,No,Bachelor's,Low,9
S1083,Hassan,Khan,student83@univ.edu,Female,21,Engineering,82.8,81.17,96.24,64.03,70.88,11.7,66.53,80.134,B,23.4,No,No,PhD,Medium,6
S1084,Sara,Smith,student84@univ.edu,Male,22,Engineering,55.99,79.15,40.62,93.57,59.33,5.8,70.41,63.5435,D,27.1,No,Yes,High School,High,10
S1085,Sara,Anderson,student85@univ.edu,Male,21,Data Science,93.96,64.94,64.76,94.82,51.85,24.2,99.89,72.638,C,10.4,Yes,No,Bachelor's,High,10
S1086,Lucas,Jones,student86@univ.edu,Male,22,Engineering,88.96,46.01,95.6,82.53,84.37,38.5,88.76,81.011,B,12.4,No,Yes,None,Low,2
S1087,John,Davis,student87@univ.edu,Female,25,Physics,59.54,94.67,63.07,88.64,99.64,92.8,93.87,83.331,B,12.8,Yes,No,None,High,1
S1088,Sara,Williams,student88@univ.edu,Male,18,Business,84.7,70.46,45.59,80.65,95.96,24.2,68.43,66.8045,C,33.2,No,No,Bachelor's,Medium,2
S1089,Zainab,Jones,student89@univ.edu,Male,21,Engineering,80.13,64.42,58.17,76.26,84.16,36.5,61.98,66.6035,C,17.2,No,Yes,PhD,High,10
S1090,Maria,Wilson,student90@univ.edu,Female,18,Physics,59.23,75.33,69.88,98.33,92.08,73.4,88.4,81.3455,B,20.9,Yes,No,None,Low,6
S1091,Lucas,Khan,student91@univ.edu,Male,25,Engineering,63.66,51.57,51.11,64.13,62.79,30.2,90.38,60.7975,D,26.7,Yes,Yes,PhD,High,2
S1092,Ali,Wilson,student92@univ.edu,Male,22,Physics,70.45,47.95,67.99,57.71,81.12,68.4,77.49,65.8345,C,16.1,Yes,Yes,Bachelor's,Medium,7
S1093,Maria,Smith,student93@univ.edu,Female,19,Data Science,84.96,64.33,90.18,64.37,53.03,43.2,94.8,76.259,B,8.2,Yes,No,None,Medium,7
S1094,Lucas,Brown,student94@univ.edu,Female,24,Mathematics,81.94,53.63,92.36,80.73,85.36,19.6,98.37,82.721,B,24.6,Yes,Yes,None,Low,1
S1095,Hassan,Wilson,student95@univ.edu,Male,21,CS,76.61,54.66,42.96,59.26,98.49,73.4,73.55,60.663,D,25.0,Yes,No,Master's,Medium,6
S1096,John,Wilson,student96@univ.edu,Female,18,Engineering,88.42,93.55,49.65,95.44,93.04,2.7,61.13,73.529,C,12.8,No,No,None,High,5
S1097,Hassan,Anderson,student97@univ.edu,Male,23,CS,87.9,71.85,56.52,70.55,76.72,29.2,75.86,67.6215,C,6.1,Yes,No,High School,Medium,8
S1098,David,Smith,student98@univ.edu,Female,21,Engineering,80.89,69.01,75.69,92.5,89.44,35.6,99.48,82.5065,B,25.0,No,No,Master's,Medium,8
S1099,Hassan,Jones,student99@univ.edu,Male,21,Data Science,89.35,81.37,61.66,62.46,97.19,45.8,64.65,71.5,C,26.1,Yes,Yes,Bachelor's,Low,9
S1100,Emma,Brown,student100@univ.edu,Female,21,Data Science,66.71,97.09,90.64,65.66,60.8,68.0,80.88,82.243,B,5.8,Yes,Yes,High School,Medium,2
S1101,Ali,Taylor,student101@univ.edu,Male,20,Physics,94.06,46.73,83.0,52.96,89.66,45.9,84.7,72.494,C,25.8,No,No,High School,Low,1
S1102,Sophia,Williams,student102@univ.edu,Female,18,Engineering,80.75,90.01,46.03,62.89,63.49,59.4,60.7,62.1745,D,33.2,No,No,PhD,High,10
S1103,Hassan,Miller,student103@univ.edu,Female,18,Data Science,91.12,75.04,77.47,74.52,93.85,59.6,79.42,79.291,B,10.4,Yes,Yes,Master's,Medium,6
S1104,David,Davis,student104@univ.edu,Female,21,Data Science,77.31,48.77,46.78,97.31,54.92,37.3,65.73,58.821,D,20.6,No,Yes,PhD,High,2
S1105,Liam,Wilson,student105@univ.edu,Female,25,Engineering,60.92,57.83,55.3,69.45,58.91,93.4,92.71,64.0815,D,25.9,Yes,No,Master's,High,5
S1106,Zainab,Smith,student106@univ.edu,Female,25,Physics,77.12,68.94,50.67,81.99,86.03,95.6,85.74,69.5865,C,11.9,Yes,No,Master's,Medium,1
S1107,Maria,Miller,student107@univ.edu,Female,19,Physics,68.56,81.47,50.38,71.39,58.74,58.2,91.31,67.143,C,27.5,No,No,High School,Medium,1
S1108,Liam,Davis,student108@univ.edu,Female,21,Physics,84.87,54.56,76.98,52.34,57.9,7.2,59.98,63.388,D,31.0,Yes,No,None,Low,5
S1109,David,Davis,student109@univ.edu,Male,20,Physics,73.79,72.09,73.82,75.18,77.77,49.1,51.73,70.957,C,29.4,No,Yes,PhD,Medium,6
S1110,Lucas,Taylor,student110@univ.edu,Male,22,Mathematics,91.81,81.08,50.56,53.3,91.75,18.4,92.53,69.549,C,12.8,No,No,PhD,Low,7
S1111,Sophia,Taylor,student111@univ.edu,Female,20,Engineering,83.9,66.92,99.41,94.18,63.42,48.3,69.34,82.2185,B,29.1,No,No,High School,Medium,4
S1112,Ali,Taylor,student112@univ.edu,Female,25,Mathematics,84.23,91.78,65.31,87.65,92.06,18.8,58.99,77.0195,B,17.4,Yes,No,None,Medium,4
S1113,Ali,Ahmed,student113@univ.edu,Male,19,Data Science,60.86,92.17,45.82,68.93,90.4,70.4,54.59,66.559,C,13.0,Yes,Yes,Master's,Medium,5
S1114,Ali,Johnson,student114@univ.edu,Male,25,Mathematics,99.21,68.24,47.23,82.01,78.96,8.0,75.83,65.6985,C,10.0,No,No,Master's,Medium,6
S1115,Zainab,Johnson,student115@univ.edu,Female,25,Physics,92.08,98.38,75.03,55.6,82.33,95.3,57.51,75.2525,B,32.3,Yes,Yes,None,Medium,8
S1116,Sophia,Davis,student116@univ.edu,Male,25,Data Science,89.45,44.54,98.74,85.13,52.02,19.5,78.33,75.789,B,17.8,Yes,No,Master's,Low,9
S1117,Zainab,Taylor,student117@univ.edu,Male,21,Mathematics,66.51,40.2,74.32,91.14,68.36,66.1,86.37,70.9325,C,31.0,No,No,PhD,Medium,7
S1118,Zainab,Anderson,student118@univ.edu,Female,25,Mathematics,76.78,62.84,96.94,91.09,63.17,91.7,76.75,81.1485,B,9.8,No,Yes,PhD,Low,10
S1119,Omar,Wilson,student119@univ.edu,Female,18,Engineering,56.86,76.07,66.65,64.21,57.5,24.8,95.18,71.075,C,28.0,Yes,No,PhD,Low,3
S1120,Sophia,Miller,student120@univ.edu,Female,24,Mathematics,76.92,77.75,66.15,63.19,69.48,93.4,57.78,67.27,C,8.3,No,No,High School,Medium,6
S1121,Emma,Miller,student121@univ.edu,Male,23,Data Science,57.29,68.59,70.0,76.07,67.75,38.9,74.7,70.996,C,5.5,Yes,Yes,Master's,Medium,9
S1122,Sophia,Johnson,student122@univ.edu,Female,21,Physics,77.65,47.49,81.85,98.39,86.44,96.1,58.16,74.594,C,34.9,Yes,Yes,High School,Medium,6
S1123,David,Davis,student123@univ.edu,Female,19,Engineering,82.44,50.23,62.06,96.03,79.9,97.1,93.8,72.2265,C,7.2,No,Yes,Master's,Low,10
S1124,Omar,Smith,student124@univ.edu,Male,18,Mathematics,69.51,91.13,91.83,67.98,95.66,18.8,96.61,89.404,A,18.8,No,Yes,PhD,High,8
S1125,Ali,Jones,student125@univ.edu,Female,20,Engineering,74.93,92.07,41.76,88.99,57.27,83.1,70.0,65.469,C,31.4,Yes,No,PhD,High,8
S1126,David,Jones,student126@univ.edu,Male,25,CS,93.78,80.43,66.39,96.07,52.99,19.3,65.29,71.475,C,29.6,Yes,No,None,Low,4
S1127,David,Johnson,student127@univ.edu,Male,22,Engineering,55.43,79.85,70.66,63.05,76.73,22.6,63.97,71.2635,C,19.1,Yes,Yes,Master's,Medium,7
S1128,Fatima,Smith,student128@univ.edu,Male,22,Physics,89.59,75.86,76.42,91.51,50.05,8.4,92.99,77.1015,B,23.3,No,No,Bachelor's,Medium,7
S1129,Ahmed,Ahmed,student129@univ.edu,Male,24,CS,58.54,52.18,56.56,63.39,89.39,15.7,84.12,65.767,C,23.9,No,No,High School,Low,7
S1130,Omar,Ahmed,student130@univ.edu,Male,21,CS,51.84,65.7,65.65,67.16,75.3,63.2,94.03,71.591,C,8.3,No,No,PhD,Medium,8
S1131,David,Johnson,student131@univ.edu,Male,20,Engineering,59.28,81.75,69.07,59.94,74.4,44.9,55.88,69.0575,C,13.5,No,No,None,Low,2
S1132,Ahmed,Jones,student132@univ.edu,Female,24,Data Science,88.25,72.24,81.21,75.35,68.12,79.1,73.8,75.462,B,14.0,Yes,No,None,Medium,2
S1133,Ahmed,Smith,student133@univ.edu,Female,23,Physics,70.26,41.11,86.41,92.17,68.75,33.2,83.81,75.175,B,16.3,Yes,No,PhD,Medium,6
S1134,Omar,Taylor,student134@univ.edu,Female,23,Data Science,93.63,97.21,84.27,76.4,71.56,96.9,94.85,85.358,A,13.2,Yes,No,Master's,Low,6
S1135,Fatima,Davis,student135@univ.edu,Male,24,Physics,76.24,90.69,60.49,56.17,50.8,5.0,69.1,65.72,C,12.5,Yes,Yes,None,High,5
S1136,Liam,Miller,student136@univ.edu,Female,19,Physics,51.11,55.63,99.97,62.59,54.18,6.3,65.65,73.4785,C,15.6,No,No,Master's,High,2
S1137,Lucas,Anderson,student137@univ.edu,Male,22,Data Science,85.84,76.99,90.92,78.14,75.25,70.1,95.65,84.576,B,16.4,No,Yes,None,High,8
S1138,Emma,Brown,student138@univ.edu,Female,20,Business,55.51,95.39,55.6,79.16,57.51,88.8,52.38,66.8955,C,19.6,No,No,High School,Medium,3
S1139,Lucas,Davis,student139@univ.edu,Male,21,CS,89.47,45.76,51.71,78.85,88.94,79.6,73.98,63.516,D,10.2,Yes,No,Master's,High,1
S1140,Sophia,Taylor,student140@univ.edu,Female,25,Engineering,58.41,70.18,58.84,53.85,63.72,49.0,72.93,63.205,D,28.7,Yes,Yes,None,High,1
S1141,Ali,Khan,student141@univ.edu,Male,18,Data Science,67.27,67.37,67.14,87.68,54.89,27.0,57.3,66.9535,C,30.8,No,Yes,PhD,High,7
S1142,Emma,Jones,student142@univ.edu,Female,21,Data Science,88.06,64.61,91.05,95.47,61.76,1.3,69.75,78.8365,B,12.4,Yes,Yes,Bachelor's,High,7
S1143,Sophia,Taylor,student143@univ.edu,Male,21,Engineering,97.71,90.14,86.7,75.53,67.85,50.9,86.13,82.7995,B,8.7,Yes,Yes,PhD,High,6
S1144,David,Khan,student144@univ.edu,Female,20,CS,68.57,62.84,91.07,85.94,51.77,47.6,68.34,75.35,B,26.7,Yes,Yes,Master's,High,6
S1145,Ali,Johnson,student145@univ.edu,Male,22,Engineering,91.47,43.82,56.32,95.7,57.08,34.4,65.48,61.215,D,32.7,Yes,Yes,PhD,Low,5
S1146,Maria,Smith,student146@univ.edu,Female,20,Physics,59.54,43.95,75.61,82.13,66.19,57.8,89.09,70.865,C,6.1,Yes,No,PhD,High,6
S1147,Omar,Miller,student147@univ.edu,Female,18,Business,90.36,42.56,56.99,83.72,65.52,72.9,99.44,65.7605,C,5.4,No,No,Bachelor's,Medium,2
S1148,Emma,Wilson,student148@univ.edu,Female,24,Physics,82.87,64.55,46.54,86.07,90.02,70.1,88.97,68.958,C,10.5,No,Yes,PhD,Low,5
S1149,Emma,Johnson,student149@univ.edu,Male,20,Business,59.64,83.1,81.05,63.03,92.16,26.3,92.32,82.114,B,25.5,Yes,No,None,Medium,2
S1150,Hassan,Davis,student150@univ.edu,Male,19,Engineering,65.13,52.22,48.58,79.13,59.67,58.5,96.98,62.814,D,33.9,Yes,Yes,High School,High,3
S1151,David,Johnson,student151@univ.edu,Male,21,Physics,56.59,78.79,80.06,92.11,56.2,14.9,90.09,79.539,B,27.5,Yes,Yes,Bachelor's,High,5
S1152,Liam,Davis,student152@univ.edu,Male,22,CS,69.15,81.23,78.88,64.81,81.71,12.2,99.02,80.685,B,22.2,No,Yes,Master's,High,1
S1153,Ahmed,Wilson,student153@univ.edu,Male,25,Physics,60.18,55.31,88.61,94.86,90.23,78.6,87.36,82.943,B,26.0,Yes,Yes,None,Medium,3
S1154,Ali,Williams,student154@univ.edu,Female,23,Data Science,82.2,76.03,48.37,81.02,98.19,69.4,83.08,71.479,C,11.9,Yes,No,Master's,High,10
S1155,David,Khan,student155@univ.edu,Male,18,Business,99.73,81.09,87.01,71.16,50.34,76.8,84.67,77.597,B,25.7,Yes,Yes,Bachelor's,High,6
S1156,Sara,Miller,student156@univ.edu,Female,23,Business,50.6,68.0,99.96,81.16,70.68,15.2,95.0,85.612,A,14.6,Yes,No,Bachelor's,High,2
S1157,Fatima,Anderson,student157@univ.edu,Female,21,CS,77.05,60.2,91.06,70.09,86.7,91.5,84.15,80.052,B,11.7,No,No,PhD,High,3
S1158,Ahmed,Anderson,student158@univ.edu,Male,20,Business,78.68,77.15,85.11,91.9,91.43,13.3,88.06,85.927,A,12.1,Yes,No,Bachelor's,High,9
S1159,Omar,Khan,student159@univ.edu,Female,23,Business,95.71,98.67,79.73,74.12,53.11,87.0,60.8,75.844,B,25.0,No,No,Master's,High,8
S1160,Ahmed,Brown,student160@univ.edu,Male,19,CS,75.3,65.61,65.31,95.06,84.03,35.2,95.63,77.1885,B,28.0,Yes,Yes,Bachelor's,Low,3
S1161,Liam,Taylor,student161@univ.edu,Male,20,Physics,77.19,63.5,83.83,75.49,64.45,10.5,72.36,73.8855,C,22.5,Yes,Yes,High School,High,7
S1162,Hassan,Williams,student162@univ.edu,Male,21,Engineering,73.58,67.86,83.45,83.02,53.73,28.7,58.05,71.9995,C,6.9,Yes,Yes,PhD,Low,4
S1163,Ahmed,Khan,student163@univ.edu,Female,23,Physics,63.45,44.57,77.89,99.89,74.46,18.1,89.99,75.8265,B,6.1,Yes,No,Bachelor's,High,7
S1164,Omar,Anderson,student164@univ.edu,Male,25,Data Science,52.8,73.19,87.78,57.35,57.91,49.1,67.82,72.823,C,11.5,Yes,Yes,High School,Low,5
S1165,Liam,Johnson,student165@univ.edu,Male,24,Data Science,70.43,59.72,66.93,86.84,86.85,95.0,59.21,70.3045,C,13.6,Yes,Yes,Master's,Medium,2
S1166,Lucas,Taylor,student166@univ.edu,Male,18,Business,52.63,47.29,47.28,56.94,87.06,32.8,62.81,57.0275,D,17.1,No,Yes,Master's,Medium,6
S1167,Emma,Williams,student167@univ.edu,Female,23,Data Science,77.52,67.98,73.54,91.94,92.1,61.2,51.75,74.7035,C,7.3,Yes,Yes,High School,Low,1
S1168,Hassan,Smith,student168@univ.edu,Male,25,Engineering,65.36,40.2,55.9,79.82,68.88,89.2,54.53,58.0895,D,26.8,No,Yes,High School,High,6
S1169,Emma,Smith,student169@univ.edu,Female,24,Business,76.68,64.11,63.07,96.91,50.67,63.0,79.63,68.978,C,26.3,No,No,Bachelor's,Medium,1
S1170,Fatima,Taylor,student170@univ.edu,Female,24,Data Science,56.71,46.34,41.04,93.3,62.99,36.2,93.31,61.072,D,15.4,Yes,No,PhD,Medium,3
S1171,Sophia,Khan,student171@univ.edu,Male,23,Mathematics,96.63,41.46,62.97,53.74,73.39,99.1,72.43,60.2655,D,21.9,No,Yes,PhD,High,10
S1172,Lucas,Davis,student172@univ.edu,Female,22,Mathematics,94.73,89.47,88.53,56.87,84.7,18.7,81.3,82.31,B,8.0,Yes,No,None,Medium,7
S1173,Lucas,Davis,student173@univ.edu,Female,23,Mathematics,59.5,94.97,72.56,80.06,69.1,52.3,90.49,80.3375,B,17.5,Yes,No,High School,Low,2
S1174,Ali,Johnson,student174@univ.edu,Male,21,Mathematics,67.17,52.46,40.59,75.92,76.8,79.7,67.84,57.7825,D,30.7,Yes,No,Master's,High,9
S1175,Zainab,Williams,student175@univ.edu,Male,24,Physics,80.67,72.36,68.19,58.43,76.21,0.1,82.72,70.9425,C,24.8,Yes,No,None,Low,3
S1176,Ahmed,Williams,student176@univ.edu,Male,18,Mathematics,54.78,56.68,57.49,56.47,58.25,70.2,67.52,58.7935,D,8.1,No,Yes,High School,Low,3
S1177,Emma,Taylor,student177@univ.edu,Female,21,Business,67.73,69.61,68.65,78.2,81.15,26.6,82.14,74.173,C,30.4,No,No,High School,High,7
S1178,Omar,Jones,student178@univ.edu,Male,19,CS,62.56,66.2,64.28,52.45,71.96,17.0,60.88,63.5315,D,25.4,Yes,No,None,Medium,1
S1179,John,Smith,student179@univ.edu,Female,20,Physics,95.78,56.14,95.92,93.69,90.4,27.4,98.89,87.247,A,18.6,No,No,PhD,Low,5
S1180,Zainab,Williams,student180@univ.edu,Female,23,CS,92.63,82.02,42.47,90.35,84.53,96.7,53.81,65.572,C,25.8,Yes,No,High School,Medium,10
S1181,John,Taylor,student181@univ.edu,Female,22,Business,78.99,47.59,81.02,89.27,55.57,89.2,75.26,70.89,C,10.2,Yes,Yes,None,Low,3
S1182,Hassan,Wilson,student182@univ.edu,Female,18,Business,76.02,43.18,91.06,50.8,74.44,21.4,64.31,68.9395,C,21.5,No,No,Bachelor's,High,1
S1183,Liam,Brown,student183@univ.edu,Female,22,Engineering,96.54,86.06,97.55,52.38,85.12,11.7,80.04,83.9855,B,23.5,Yes,Yes,Bachelor's,High,7
S1184,Emma,Wilson,student184@univ.edu,Male,22,Physics,96.62,79.96,50.66,77.49,54.35,36.4,71.42,64.212,D,32.8,No,Yes,Master's,High,10
S1185,Emma,Miller,student185@univ.edu,Male,22,CS,98.47,69.91,71.88,99.72,89.62,59.2,65.33,77.3405,B,7.0,No,No,PhD,Medium,7
S1186,Zainab,Khan,student186@univ.edu,Female,23,Mathematics,56.27,68.07,42.62,67.12,61.1,86.7,62.5,57.139,D,16.2,Yes,Yes,None,Low,9
S1187,Fatima,Johnson,student187@univ.edu,Female,18,Business,58.03,69.84,69.95,67.22,75.15,96.6,59.12,68.674,C,33.1,No,Yes,PhD,High,7
S1188,Zainab,Williams,student188@univ.edu,Male,18,Mathematics,83.84,66.22,47.53,56.71,97.03,75.1,89.14,66.3115,C,11.5,No,Yes,PhD,Low,4
S1189,John,Miller,student189@univ.edu,Male,24,CS,77.07,63.57,90.27,83.72,78.57,59.9,61.11,77.8185,B,29.4,Yes,Yes,None,Low,3
S1190,Zainab,Anderson,student190@univ.edu,Female,22,Physics,50.92,69.98,46.83,82.33,71.2,14.2,88.68,66.718,C,5.0,No,Yes,High School,High,6
S1191,Emma,Miller,student191@univ.edu,Female,24,Data Science,53.1,71.71,70.8,55.07,50.34,7.4,74.25,66.071,C,5.8,No,No,Bachelor's,Low,6
S1192,Fatima,Taylor,student192@univ.edu,Male,24,Data Science,94.4,81.51,71.27,73.37,56.67,59.6,53.61,68.794,C,14.8,No,Yes,Master's,Low,2
S1193,Ahmed,Williams,student193@univ.edu,Male,20,Business,93.44,82.67,98.3,83.35,78.93,53.9,58.27,84.0215,B,28.1,No,No,High School,High,7
S1194,Sara,Brown,student194@univ.edu,Female,23,Engineering,67.86,62.66,79.3,74.68,74.69,84.6,94.65,76.89,B,8.1,Yes,No,PhD,Low,1
S1195,Ali,Khan,student195@univ.edu,Male,23,Mathematics,94.55,64.81,57.27,83.72,68.19,32.3,80.14,67.814,C,16.5,Yes,No,PhD,High,9
S1196,Maria,Taylor,student196@univ.edu,Male,21,Business,79.68,62.42,54.45,90.81,96.16,4.0,59.22,68.47,C,8.9,No,No,None,Medium,2
S1197,Lucas,Taylor,student197@univ.edu,Female,25,Engineering,90.3,72.19,47.69,84.29,66.62,42.4,85.19,66.5445,C,11.7,No,No,Bachelor's,Low,3
S1198,Zainab,Johnson,student198@univ.edu,Female,24,Mathematics,71.37,67.2,85.39,80.81,76.86,96.9,91.16,80.651,B,20.1,Yes,No,Bachelor's,High,6
S1199,Hassan,Johnson,student199@univ.edu,Female,23,CS,55.67,93.38,81.45,92.68,78.44,79.6,66.53,82.831,B,14.6,Yes,No,Master's,Medium,7
S1200,Sophia,Smith,student200@univ.edu,Male,22,Data Science,71.69,81.78,76.59,95.03,76.37,3.4,77.83,80.547,B,11.4,No,No,High School,Low,1
S1201,Liam,Smith,student201@univ.edu,Female,25,Engineering,72.86,93.92,42.45,69.44,73.88,87.5,64.67,64.84,D,16.8,No,No,Master's,High,3
S1202,Sara,Davis,student202@univ.edu,Male,19,Mathematics,77.55,82.55,85.77,58.66,66.85,47.2,54.0,73.456,C,26.0,Yes,Yes,PhD,Low,6
S1203,Ali,Jones,student203@univ.edu,Female,22,Business,55.28,98.26,78.51,90.89,95.44,36.5,69.98,85.577,A,8.6,No,Yes,PhD,Medium,4
S1204,Ali,Williams,student204@univ.edu,Female,18,Mathematics,99.57,78.14,97.83,60.69,72.54,34.7,87.57,82.9885,B,19.4,No,No,Bachelor's,Low,5
S1205,Ali,Williams,student205@univ.edu,Male,23,Business,62.21,97.81,75.23,96.45,76.42,59.5,72.93,82.7625,B,13.2,No,No,PhD,High,3
S1206,Ali,Ahmed,student206@univ.edu,Male,25,Data Science,59.93,49.49,58.24,51.14,82.82,53.1,70.26,60.915,D,16.4,No,Yes,High School,Low,8
S1207,John,Miller,student207@univ.edu,Female,23,Data Science,76.34,43.15,62.89,96.06,53.38,65.7,68.3,63.3025,D,29.6,Yes,No,High School,Low,1
S1208,Hassan,Williams,student208@univ.edu,Female,21,Mathematics,76.86,74.75,50.55,79.46,89.06,57.4,72.95,68.863,C,32.9,Yes,No,Master's,Low,10
S1209,Hassan,Williams,student209@univ.edu,Male,24,Mathematics,71.99,99.01,83.37,88.74,75.63,14.4,65.91,83.5235,B,12.3,Yes,Yes,High School,Medium,7
S1210,Fatima,Jones,student210@univ.edu,Female,19,Business,88.59,65.06,82.46,69.92,82.86,25.7,80.61,76.8815,B,23.9,Yes,No,PhD,Medium,2
S1211,Lucas,Anderson,student211@univ.edu,Male,23,Business,75.83,52.72,52.04,99.59,88.6,84.1,53.18,64.9635,D,25.3,Yes,Yes,None,Low,8
S1212,Emma,Smith,student212@univ.edu,Male,21,Engineering,80.48,71.29,49.51,61.38,93.7,66.3,90.37,68.404,C,30.3,Yes,No,Bachelor's,Medium,3
S1213,Ali,Smith,student213@univ.edu,Female,21,Engineering,86.19,78.93,44.62,63.22,69.61,44.8,58.66,60.1265,D,32.0,Yes,No,Bachelor's,Medium,4
S1214,Sophia,Brown,student214@univ.edu,Male,19,Engineering,51.25,58.91,94.72,52.57,90.57,18.3,81.67,78.6555,B,19.0,Yes,No,Bachelor's,High,2
S1215,Emma,Williams,student215@univ.edu,Male,22,Mathematics,78.53,82.89,53.98,97.02,62.94,0.8,72.49,70.3385,C,34.5,Yes,No,None,Medium,5
S1216,Hassan,Jones,student216@univ.edu,Male,22,Physics,94.21,98.51,60.65,72.8,83.02,31.2,88.67,77.603,B,34.1,No,No,PhD,Medium,9
S1217,Omar,Khan,student217@univ.edu,Female,22,Physics,50.87,93.82,56.83,83.74,55.14,5.5,91.31,73.183,C,20.2,Yes,Yes,High School,Medium,4
S1218,Omar,Smith,student218@univ.edu,Male,20,Physics,70.26,57.5,64.82,84.37,51.0,48.2,60.21,63.524,D,21.3,No,No,PhD,Low,7
S1219,Sophia,Jones,student219@univ.edu,Female,24,Physics,96.31,59.6,82.84,93.73,54.79,82.2,83.86,75.771,B,25.0,No,No,Master's,Low,8
S1220,Fatima,Wilson,student220@univ.edu,Female,25,Engineering,67.66,62.29,92.24,83.25,65.97,28.5,59.5,76.05,B,16.2,No,Yes,PhD,Medium,10
S1221,Hassan,Anderson,student221@univ.edu,Female,24,Mathematics,72.94,63.67,50.96,78.1,51.55,84.8,56.2,58.4475,D,24.9,Yes,No,PhD,High,1
S1222,Sophia,Williams,student222@univ.edu,Male,22,Physics,99.08,46.02,81.18,85.52,81.52,70.5,96.51,77.1495,B,20.4,No,No,Bachelor's,Medium,6
S1223,John,Brown,student223@univ.edu,Male,19,Data Science,59.97,85.72,61.15,87.55,65.83,12.5,58.22,70.2865,C,6.1,Yes,No,PhD,High,5
S1224,Zainab,Miller,student224@univ.edu,Female,20,CS,53.26,61.92,98.83,59.3,86.82,64.5,61.41,78.104,B,30.6,Yes,Yes,None,High,10
S1225,Sophia,Smith,student225@univ.edu,Female,24,Data Science,92.97,92.79,57.94,55.48,52.3,15.2,56.52,63.482,D,33.2,Yes,Yes,Bachelor's,Medium,10
S1226,Ahmed,Wilson,student226@univ.edu,Male,22,Mathematics,93.42,95.62,40.43,53.74,60.84,65.5,73.51,61.488,D,5.8,No,No,Master's,High,1
S1227,Emma,Khan,student227@univ.edu,Female,20,Mathematics,73.6,41.47,70.94,68.7,70.4,14.3,95.98,68.385,C,28.7,No,No,None,High,9
S1228,Sara,Jones,student228@univ.edu,Female,25,CS,75.71,99.31,49.04,74.9,69.13,39.3,63.2,68.1105,C,16.6,Yes,Yes,None,High,10
S1229,David,Johnson,student229@univ.edu,Male,19,Business,91.79,82.6,42.67,80.78,56.55,56.7,77.09,63.6175,D,22.6,No,No,Master's,Medium,7
S1230,Fatima,Taylor,student230@univ.edu,Female,22,Business,86.93,71.22,81.9,97.9,99.71,5.0,70.57,83.136,B,20.0,Yes,Yes,High School,High,1
S1231,Sophia,Williams,student231@univ.edu,Male,25,Business,63.26,63.37,83.94,66.54,64.22,15.3,66.8,71.687,C,21.5,No,No,PhD,Medium,2
S1232,Hassan,Williams,student232@univ.edu,Male,18,Engineering,50.84,71.11,67.64,88.04,86.05,32.0,78.61,75.801,B,19.9,No,Yes,PhD,Low,4
S1233,Liam,Wilson,student233@univ.edu,Female,25,Business,73.99,59.48,80.61,76.57,61.0,46.2,77.94,72.436,C,30.6,No,Yes,High School,Medium,10
S1234,Omar,Jones,student234@univ.edu,Male,23,Engineering,92.95,77.36,72.29,61.0,93.89,85.8,67.97,74.2025,C,25.5,Yes,No,Master's,Low,9
S1235,Ahmed,Davis,student235@univ.edu,Male,19,Engineering,94.79,45.58,77.79,80.77,69.39,18.7,92.53,72.746,C,17.4,No,Yes,High School,Low,2
S1236,Lucas,Williams,student236@univ.edu,Male,25,Business,97.81,77.27,75.8,98.36,95.05,34.7,52.66,78.8945,B,25.7,Yes,No,Bachelor's,Medium,1
S1237,Ali,Davis,student237@univ.edu,Female,25,Business,93.98,56.52,79.95,56.22,67.09,47.6,54.26,65.922,C,34.0,No,Yes,Bachelor's,Low,1
S1238,David,Khan,student238@univ.edu,Female,21,CS,79.0,41.06,51.98,75.36,50.43,29.6,99.54,60.2045,D,7.4,No,No,Bachelor's,Medium,9
S1239,Fatima,Johnson,student239@univ.edu,Female,21,Physics,72.23,73.16,56.12,52.58,75.85,62.6,87.38,66.6455,C,16.6,Yes,Yes,High School,Medium,1
S1240,Sara,Wilson,student240@univ.edu,Male,25,CS,88.74,74.71,66.4,66.06,76.24,25.7,90.2,73.057,C,31.1,No,No,None,High,4
S1241,David,Jones,student241@univ.edu,Male,25,Engineering,86.99,65.59,66.77,81.03,55.99,77.2,80.14,69.0615,C,27.2,Yes,Yes,Bachelor's,Low,5
S1242,Sophia,Jones,student242@univ.edu,Female,19,CS,76.91,44.34,86.46,92.05,61.75,50.5,70.99,72.8475,C,33.0,Yes,Yes,High School,Medium,6
S1243,John,Ahmed,student243@univ.edu,Female,21,Engineering,54.37,93.6,62.04,86.52,89.17,8.6,81.46,79.0065,B,6.2,No,No,Bachelor's,Medium,6
S1244,Omar,Khan,student244@univ.edu,Male,24,Mathematics,96.3,76.69,49.75,73.14,51.84,62.7,54.63,59.692,D,30.9,Yes,No,Bachelor's,Low,3
S1245,Hassan,Khan,student245@univ.edu,Female,19,Engineering,72.78,46.94,55.09,95.46,74.48,56.9,87.89,67.344,C,28.8,No,Yes,PhD,Low,7
S1246,Omar,Anderson,student246@univ.edu,Female,18,Engineering,68.17,70.66,52.88,65.14,76.52,33.9,77.04,65.445,C,29.5,Yes,Yes,High School,Low,8
S1247,Lucas,Taylor,student247@univ.edu,Female,19,CS,81.48,69.84,83.9,87.7,84.44,1.1,97.84,83.83,B,22.9,Yes,No,PhD,Low,1
S1248,John,Smith,student248@univ.edu,Female,22,Physics,83.69,43.62,68.22,73.7,51.87,20.1,81.87,63.717,D,6.6,No,Yes,Master's,Medium,9
S1249,Ali,Smith,student249@univ.edu,Female,22,Mathematics,60.53,76.41,82.52,94.93,79.28,40.6,57.58,78.9325,B,21.2,Yes,No,Bachelor's,Low,6
S1250,Hassan,Ahmed,student250@univ.edu,Male,20,Data Science,91.85,88.5,64.97,89.87,50.15,20.0,73.88,72.5245,C,17.2,Yes,No,Bachelor's,Medium,1
S1251,Emma,Miller,student251@univ.edu,Female,21,Data Science,64.5,84.94,93.38,95.07,63.26,57.7,52.89,81.354,B,20.8,Yes,No,PhD,Low,9
S1252,Maria,Brown,student252@univ.edu,Female,25,Physics,59.33,52.18,99.01,60.71,74.98,71.2,87.27,78.5335,B,27.2,Yes,No,High School,High,4
S1253,Ahmed,Wilson,student253@univ.edu,Male,23,Data Science,70.32,91.74,80.19,83.41,95.56,85.6,75.09,84.5235,B,22.9,No,No,None,Low,9
S1254,Omar,Johnson,student254@univ.edu,Male,21,Mathematics,86.53,60.55,91.83,86.92,56.33,64.7,68.48,76.01,B,13.8,No,No,None,Low,10
S1255,Liam,Jones,student255@univ.edu,Male,24,Business,98.27,96.79,70.48,87.12,58.46,68.9,98.43,80.6275,B,23.0,No,Yes,Master's,Medium,5
S1256,Omar,Taylor,student256@univ.edu,Male,19,Mathematics,90.46,44.3,96.08,75.2,83.46,60.8,97.03,80.8415,B,7.5,Yes,No,High School,Medium,6
S1257,David,Davis,student257@univ.edu,Female,23,CS,97.02,69.17,89.9,50.56,68.74,98.5,97.64,77.84,B,5.2,Yes,Yes,High School,High,9
S1258,Omar,Wilson,student258@univ.edu,Female,23,Engineering,57.03,75.83,99.51,63.07,81.17,26.1,61.05,80.788,B,17.0,No,No,PhD,High,6
S1259,Fatima,Miller,student259@univ.edu,Female,25,Engineering,53.56,54.86,77.39,66.17,99.87,26.6,86.43,75.929,B,27.7,No,No,Bachelor's,Low,1
S1260,Omar,Wilson,student260@univ.edu,Female,25,CS,77.89,86.28,86.75,92.6,99.34,12.6,97.27,91.0,A,29.7,No,Yes,Bachelor's,Medium,1
S1261,Maria,Miller,student261@univ.edu,Male,21,CS,64.51,77.61,72.57,92.04,67.69,48.6,78.54,76.662,B,21.5,Yes,No,High School,Low,2
S1262,Maria,Jones,student262@univ.edu,Male,23,Engineering,91.4,41.09,55.55,55.23,75.2,9.6,60.71,56.3315,D,31.0,No,No,None,Medium,2
S1263,Ali,Brown,student263@univ.edu,Female,23,Physics,83.6,76.5,61.29,97.49,95.23,27.0,90.89,79.293,B,8.8,Yes,No,Master's,Medium,6
S1264,Sara,Miller,student264@univ.edu,Female,22,Business,98.54,69.49,93.64,59.12,54.61,48.3,94.0,77.8315,B,33.9,Yes,No,PhD,Medium,10
S1265,Emma,Jones,student265@univ.edu,Female,18,Business,62.74,51.76,43.36,70.72,72.62,95.8,85.16,59.803,D,32.7,No,Yes,High School,Medium,10
S1266,Liam,Jones,student266@univ.edu,Female,25,Business,74.29,99.74,75.49,60.76,68.88,96.4,64.68,75.5175,B,23.0,Yes,Yes,Master's,High,5
S1267,Omar,Brown,student267@univ.edu,Male,19,CS,75.06,93.83,62.35,93.02,64.74,74.4,59.53,73.182,C,6.8,No,Yes,High School,Medium,7
S1268,Omar,Smith,student268@univ.edu,Female,21,Engineering,61.96,57.55,63.2,87.47,99.71,38.9,81.21,73.8885,C,18.6,No,Yes,Master's,High,8
S1269,Ahmed,Wilson,student269@univ.edu,Male,25,Physics,79.5,72.46,93.07,67.68,86.68,86.5,74.14,81.3415,B,10.4,Yes,Yes,Master's,High,10
S1270,Hassan,Ahmed,student270@univ.edu,Male,22,Engineering,72.16,58.99,91.23,84.09,69.44,87.5,83.44,79.274,B,23.9,Yes,No,Bachelor's,Low,10
S1271,Maria,Williams,student271@univ.edu,Male,24,Engineering,72.34,86.53,75.93,59.22,91.45,91.0,55.58,74.819,C,10.7,No,No,PhD,Low,10
S1272,Liam,Williams,student272@univ.edu,Male,25,Physics,68.14,95.82,56.38,69.11,74.48,64.0,56.8,68.9555,C,19.5,No,No,PhD,High,10
S1273,Ali,Ahmed,student273@univ.edu,Female,24,Mathematics,50.85,61.53,68.53,68.86,93.64,20.2,68.14,70.8875,C,11.2,No,Yes,Bachelor's,High,3
S1274,Lucas,Davis,student274@univ.edu,Female,20,Physics,76.1,88.34,64.5,61.9,63.32,9.1,62.94,68.467,C,10.5,No,Yes,None,High,9
S1275,Sara,Khan,student275@univ.edu,Female,23,Mathematics,66.76,69.9,61.22,93.82,61.18,91.5,80.97,70.8025,C,12.4,No,Yes,PhD,Medium,1
S1276,Emma,Davis,student276@univ.edu,Female,23,Data Science,50.07,63.79,46.17,83.94,62.36,5.6,68.38,61.1195,D,5.9,No,Yes,Bachelor's,Medium,3
S1277,John,Khan,student277@univ.edu,Male,21,Mathematics,65.4,96.31,72.59,64.0,76.92,29.6,84.2,78.4365,B,26.5,Yes,No,Master's,High,2
S1278,Emma,Ahmed,student278@univ.edu,Male,18,Business,63.93,70.62,58.11,62.11,64.57,48.7,88.44,66.7305,C,14.2,Yes,Yes,Master's,High,6
S1279,Fatima,Williams,student279@univ.edu,Male,18,Business,69.67,68.04,79.65,50.9,57.36,2.2,59.36,66.6285,C,25.9,Yes,Yes,PhD,High,1
S1280,David,Johnson,student280@univ.edu,Female,21,Physics,56.59,80.35,59.15,67.33,99.73,90.7,95.99,76.23,B,24.6,No,No,Master's,Low,8
S1281,Fatima,Williams,student281@univ.edu,Male,21,Business,75.38,55.67,65.87,76.34,95.02,28.7,89.36,73.2965,C,7.0,Yes,Yes,PhD,Low,10
S1282,Omar,Davis,student282@univ.edu,Male,22,Business,84.62,59.49,43.14,63.89,81.75,2.9,81.34,61.044,D,14.4,No,Yes,High School,Medium,10
S1283,Sara,Taylor,student283@univ.edu,Male,24,Data Science,81.51,95.92,99.55,85.02,94.58,99.4,95.45,95.284,A,22.0,No,Yes,Bachelor's,Medium,3
S1284,David,Ahmed,student284@univ.edu,Male,21,Business,90.19,80.71,70.46,70.59,96.77,31.1,63.29,75.4005,B,32.6,Yes,Yes,None,Low,6
S1285,Liam,Davis,student285@univ.edu,Female,24,CS,72.6,89.6,41.45,65.82,83.81,87.7,71.09,65.5355,C,17.0,Yes,No,PhD,Medium,2
S1286,John,Johnson,student286@univ.edu,Male,25,CS,75.95,56.27,72.47,96.95,75.93,45.3,54.29,70.694,C,20.1,No,Yes,None,Medium,5
S1287,Maria,Wilson,student287@univ.edu,Male,25,CS,90.52,72.63,92.22,63.14,94.1,66.3,72.81,81.3105,B,27.5,Yes,No,Bachelor's,High,2
S1288,Sara,Khan,student288@univ.edu,Female,20,Mathematics,71.39,98.28,86.35,69.91,78.39,24.1,75.32,83.4215,B,29.1,No,No,Bachelor's,High,7
S1289,Sara,Williams,student289@univ.edu,Female,24,Physics,85.08,59.12,82.05,69.11,56.34,50.3,80.8,71.479,C,32.7,Yes,Yes,High School,Low,5
S1290,Fatima,Brown,student290@univ.edu,Female,22,Physics,71.73,49.63,48.37,62.06,68.34,25.8,53.2,54.3955,F,19.9,Yes,Yes,Bachelor's,High,8
S1291,Omar,Taylor,student291@univ.edu,Male,25,Engineering,70.89,70.65,79.46,60.87,72.3,95.1,51.62,69.6595,C,10.8,Yes,No,Master's,Medium,6
S1292,Sophia,Jones,student292@univ.edu,Male,23,Data Science,88.01,63.27,85.98,65.12,96.77,6.1,70.99,77.679,B,27.9,Yes,Yes,None,High,8
S1293,Ali,Johnson,student293@univ.edu,Male,23,CS,58.74,49.57,74.35,93.21,82.96,27.5,59.46,71.281,C,8.8,Yes,Yes,Bachelor's,Medium,9
S1294,Fatima,Davis,student294@univ.edu,Male,25,CS,66.93,93.31,93.56,88.35,93.76,89.3,87.94,91.9155,A,17.6,Yes,Yes,Bachelor's,Low,7
S1295,Sara,Khan,student295@univ.edu,Female,25,Business,61.21,99.44,56.62,84.05,87.88,48.0,83.44,78.0105,B,23.8,Yes,Yes,None,High,1
S1296,Zainab,Brown,student296@univ.edu,Male,25,CS,67.96,74.11,54.53,72.86,65.49,60.0,66.29,64.6035,D,25.8,No,Yes,None,Low,9
S1297,Ahmed,Miller,student297@univ.edu,Male,24,Business,61.52,86.48,92.17,75.39,85.94,65.2,52.29,81.5985,B,27.0,Yes,Yes,High School,High,9
S1298,John,Smith,student298@univ.edu,Female,23,Business,78.97,91.54,77.52,63.36,59.76,7.1,59.12,72.776,C,10.8,No,No,Bachelor's,High,10
S1299,Ali,Williams,student299@univ.edu,Female,23,Engineering,89.91,82.06,40.09,53.72,70.41,1.8,84.58,61.75,D,34.4,No,Yes,Master's,High,2
S1300,Fatima,Smith,student300@univ.edu,Female,19,Mathematics,89.33,42.65,61.19,66.55,90.3,93.8,99.51,68.4005,C,10.4,Yes,No,Master's,Low,2
S1301,John,Johnson,student301@univ.edu,Male,25,Business,68.23,49.46,91.47,74.78,80.6,27.2,66.32,75.1615,B,7.9,No,No,High School,High,7
S1302,Ahmed,Miller,student302@univ.edu,Male,20,Business,99.44,44.26,41.64,52.87,91.27,38.0,90.1,58.562,D,24.9,Yes,No,Bachelor's,Medium,5
S1303,Lucas,Miller,student303@univ.edu,Male,25,Physics,79.69,40.59,40.19,54.41,62.74,68.2,93.35,53.7595,F,32.3,Yes,Yes,None,High,5
S1304,Ahmed,Miller,student304@univ.edu,Male,22,Engineering,69.97,58.36,56.88,63.15,87.49,23.6,52.41,62.0375,D,21.8,Yes,No,Master's,High,1
S1305,Ahmed,Jones,student305@univ.edu,Male,22,Business,91.78,63.54,94.84,68.35,60.12,73.3,95.81,79.544,B,22.9,No,No,Bachelor's,Medium,6
S1306,John,Johnson,student306@univ.edu,Female,23,Data Science,86.49,54.46,94.09,69.67,77.27,45.8,73.31,76.861,B,21.2,Yes,No,High School,Low,8
S1307,Emma,Wilson,student307@univ.edu,Female,25,Mathematics,87.46,43.88,71.13,55.89,71.68,85.7,98.21,67.5385,C,6.3,No,Yes,High School,Low,4
S1308,John,Smith,student308@univ.edu,Male,18,Data Science,59.81,71.79,73.19,61.29,77.82,27.9,76.93,72.3805,C,25.4,No,No,None,Medium,3
S1309,Sophia,Wilson,student309@univ.edu,Male,22,CS,73.42,56.4,59.92,63.08,56.78,20.4,61.76,59.495,D,15.7,Yes,No,High School,High,10
S1310,Omar,Brown,student310@univ.edu,Male,25,Mathematics,93.09,87.76,54.62,53.38,68.06,83.2,98.73,69.6945,C,33.1,Yes,Yes,High School,Medium,10
S1311,David,Anderson,student311@univ.edu,Male,20,CS,75.2,40.48,88.91,66.3,83.35,32.6,62.17,70.9875,C,10.6,Yes,Yes,High School,Medium,1
S1312,Emma,Taylor,student312@univ.edu,Male,21,Physics,84.17,90.55,46.38,53.61,77.93,41.2,94.12,68.192,C,14.1,No,No,Master's,High,4
S1313,Maria,Taylor,student313@univ.edu,Female,25,Business,79.4,97.29,69.24,85.17,77.45,79.4,58.66,76.884,B,20.1,No,No,None,Medium,2
S1314,David,Wilson,student314@univ.edu,Female,20,Engineering,92.12,82.97,78.06,69.3,75.54,63.6,83.74,78.202,B,19.3,Yes,Yes,None,Low,5
S1315,Omar,Anderson,student315@univ.edu,Female,23,Data Science,64.23,84.02,46.22,66.34,97.19,44.2,70.56,68.0945,C,17.0,No,Yes,None,Low,10
S1316,Fatima,Anderson,student316@univ.edu,Male,23,CS,78.77,96.01,71.18,56.33,96.73,25.0,98.6,81.864,B,14.4,Yes,Yes,High School,Low,1
S1317,Ali,Williams,student317@univ.edu,Male,19,Business,56.16,52.54,74.65,61.33,68.01,76.4,59.24,64.9225,D,9.4,Yes,No,High School,Medium,9
S1318,Sophia,Brown,student318@univ.edu,Female,24,Data Science,84.51,99.67,84.55,61.64,67.59,18.0,70.44,79.477,B,29.6,No,Yes,Master's,High,9
S1319,Sophia,Johnson,student319@univ.edu,Female,22,Data Science,86.6,86.41,54.09,99.26,77.74,92.8,81.99,75.062,B,18.5,No,No,High School,Low,5
S1320,Maria,Anderson,student320@univ.edu,Male,24,Physics,52.14,83.59,57.6,91.77,54.78,15.0,98.88,73.6925,C,22.2,No,No,Master's,High,1
S1321,Emma,Davis,student321@univ.edu,Female,25,Physics,83.79,61.67,74.17,50.76,65.15,80.5,65.19,65.4585,C,21.4,Yes,Yes,None,High,3
S1322,Hassan,Ahmed,student322@univ.edu,Female,24,CS,70.73,72.75,98.99,80.84,61.54,42.4,69.84,81.0295,B,22.3,No,No,Master's,Low,7
S1323,Lucas,Taylor,student323@univ.edu,Male,22,Business,56.2,79.24,53.05,62.8,61.17,18.6,73.09,63.9745,D,26.1,No,No,Bachelor's,Medium,5
S1324,Ahmed,Davis,student324@univ.edu,Female,22,Engineering,71.0,77.22,99.15,55.22,81.93,40.2,62.64,80.115,B,23.9,Yes,No,PhD,Low,9
S1325,Emma,Brown,student325@univ.edu,Female,25,CS,59.71,82.3,82.86,85.28,69.22,22.2,90.87,82.2665,B,13.2,No,Yes,High School,Medium,4
S1326,Ali,Anderson,student326@univ.edu,Female,23,Data Science,70.78,44.94,89.56,56.58,58.56,13.6,54.6,65.795,C,21.6,No,Yes,None,High,5
S1327,Lucas,Smith,student327@univ.edu,Male,22,Data Science,69.22,61.34,45.38,72.19,94.38,23.9,85.24,65.9225,C,12.3,No,No,PhD,Low,3
S1328,Sophia,Taylor,student328@univ.edu,Female,18,Mathematics,86.92,66.04,58.03,81.61,93.71,86.7,76.7,71.3215,C,22.7,No,Yes,PhD,Low,8
S1329,John,Williams,student329@univ.edu,Female,18,Business,88.71,55.64,43.46,77.72,93.12,10.6,62.1,61.28,D,18.0,No,Yes,None,Medium,3
S1330,Ali,Khan,student330@univ.edu,Female,21,Mathematics,80.35,50.36,62.29,98.88,69.54,97.3,74.64,68.3325,C,6.2,Yes,Yes,PhD,Medium,6
S1331,Omar,Williams,student331@univ.edu,Male,22,Physics,51.13,48.34,98.88,89.29,52.85,0.5,91.5,79.322,B,27.0,Yes,Yes,Master's,High,7
S1332,Maria,Ahmed,student332@univ.edu,Male,19,Engineering,96.55,61.98,46.32,88.71,55.34,65.8,72.27,61.056,D,13.2,Yes,Yes,None,Low,2
S1333,Omar,Miller,student333@univ.edu,Female,21,CS,84.31,69.61,73.74,67.78,63.8,85.7,56.09,67.8815,C,32.6,Yes,Yes,None,Low,7
S1334,Hassan,Khan,student334@univ.edu,Male,23,Data Science,51.71,43.78,40.36,50.42,61.0,93.4,52.04,47.401,F,13.4,Yes,Yes,Master's,Low,3
S1335,Ali,Jones,student335@univ.edu,Female,22,Business,90.94,96.79,82.76,86.72,93.7,14.4,88.89,88.7205,A,34.9,No,No,Bachelor's,Medium,3
S1336,Liam,Anderson,student336@univ.edu,Male,18,Data Science,60.01,85.91,51.83,99.99,99.32,69.8,66.52,75.197,B,18.9,No,Yes,Bachelor's,Medium,5
S1337,Liam,Brown,student337@univ.edu,Male,19,Physics,78.96,83.85,47.78,70.29,90.83,10.7,96.56,72.145,C,5.8,Yes,Yes,PhD,Low,4
S1338,Fatima,Taylor,student338@univ.edu,Female,25,Mathematics,73.33,50.37,60.22,99.28,86.49,35.3,80.86,71.1455,C,7.3,No,Yes,None,Medium,10
S1339,Emma,Jones,student339@univ.edu,Female,21,Mathematics,70.99,76.23,86.26,57.09,79.43,73.2,71.81,76.6865,B,7.5,No,Yes,Master's,High,7
S1340,Sophia,Brown,student340@univ.edu,Female,19,CS,94.49,71.78,46.4,64.83,88.5,34.6,78.22,65.3285,C,6.7,No,No,None,Low,3
S1341,Sophia,Ahmed,student341@univ.edu,Male,22,Business,71.87,98.95,53.79,58.54,97.35,31.3,72.86,72.929,C,13.0,Yes,Yes,Master's,Low,9
S1342,Ahmed,Wilson,student342@univ.edu,Female,20,Physics,53.77,84.86,40.51,73.76,80.07,11.6,95.29,68.5185,C,14.7,Yes,No,Bachelor's,High,1
S1343,Ahmed,Anderson,student343@univ.edu,Male,19,Business,97.33,74.55,98.1,89.85,57.73,6.6,72.9,82.317,B,8.3,No,Yes,Bachelor's,Low,2
S1344,Ahmed,Johnson,student344@univ.edu,Male,19,CS,96.03,91.05,75.53,67.03,58.19,11.5,55.2,71.7085,C,18.1,Yes,Yes,PhD,Low,9
S1345,John,Johnson,student345@univ.edu,Female,23,Physics,84.22,49.31,83.19,95.31,79.19,87.5,79.85,77.131,B,16.0,Yes,Yes,Master's,Low,8
S1346,David,Anderson,student346@univ.edu,Male,18,Physics,73.39,40.91,79.08,77.24,66.67,1.1,81.15,69.619,C,24.1,No,Yes,Bachelor's,Low,7
S1347,Sara,Khan,student347@univ.edu,Female,25,Mathematics,54.64,81.41,48.66,73.27,95.51,69.3,88.27,71.8705,C,10.9,Yes,No,High School,Medium,9
S1348,David,Miller,student348@univ.edu,Male,22,Mathematics,89.54,45.9,75.7,89.35,80.58,76.9,96.66,75.6635,B,32.4,No,Yes,Bachelor's,High,5
S1349,Omar,Miller,student349@univ.edu,Female,19,Mathematics,53.77,46.93,47.88,55.07,83.82,56.8,72.15,57.8,D,20.5,Yes,Yes,None,Low,3
S1350,David,Khan,student350@univ.edu,Male,22,Data Science,53.43,84.68,64.07,88.69,50.29,73.1,67.6,70.3475,C,23.7,No,No,Master's,Medium,2
S1351,John,Johnson,student351@univ.edu,Male,18,Engineering,76.87,56.23,74.14,62.15,74.94,65.2,74.54,68.9395,C,6.2,No,No,High School,Low,6
S1352,Fatima,Smith,student352@univ.edu,Female,23,Mathematics,58.01,77.72,73.53,64.04,71.56,45.6,95.01,75.871,B,21.8,Yes,No,Bachelor's,Medium,2
S1353,Omar,Khan,student353@univ.edu,Male,22,Engineering,50.39,95.04,47.14,79.97,85.29,38.3,99.0,75.146,B,16.0,No,No,Bachelor's,Medium,8
S1354,David,Taylor,student354@univ.edu,Female,24,Engineering,71.16,58.99,42.07,95.1,69.13,94.1,98.56,65.941,C,32.7,No,No,Master's,High,5
S1355,John,Johnson,student355@univ.edu,Male,18,Business,56.86,53.03,87.89,78.92,98.83,97.2,61.48,77.252,B,31.6,Yes,No,High School,Medium,2
S1356,Sara,Smith,student356@univ.edu,Male,18,CS,58.03,46.39,83.56,82.45,83.51,65.1,74.84,74.644,C,24.1,No,Yes,Master's,Low,6
S1357,David,Ahmed,student357@univ.edu,Male,25,Data Science,53.85,47.83,44.91,88.83,83.0,19.7,62.97,60.5045,D,28.0,Yes,Yes,Bachelor's,High,6
S1358,John,Jones,student358@univ.edu,Female,21,Engineering,60.25,43.73,47.64,62.97,95.97,44.8,68.4,59.521,D,24.3,Yes,Yes,PhD,High,8
S1359,Hassan,Smith,student359@univ.edu,Female,23,Data Science,85.77,45.26,93.56,91.36,99.76,49.7,51.58,78.203,B,5.5,Yes,No,Master's,Low,6
S1360,Ahmed,Jones,student360@univ.edu,Female,23,Business,90.45,65.92,86.15,70.9,59.89,75.8,58.03,71.6595,C,26.1,Yes,Yes,Bachelor's,Low,3
S1361,Hassan,Brown,student361@univ.edu,Female,25,Mathematics,72.63,59.25,99.77,58.78,90.53,66.8,69.85,79.6435,B,10.3,Yes,No,Master's,High,8
S1362,Sophia,Davis,student362@univ.edu,Female,24,Physics,75.33,82.39,55.24,67.51,58.12,51.5,68.24,64.8925,D,25.5,No,Yes,Bachelor's,Medium,2
S1363,Ahmed,Brown,student363@univ.edu,Male,22,Engineering,51.63,92.21,69.27,62.31,72.85,68.0,63.94,72.5515,C,5.3,No,Yes,Master's,High,9
S1364,Sophia,Johnson,student364@univ.edu,Male,20,CS,53.47,87.09,54.19,61.44,55.01,2.4,61.52,63.08,D,14.3,Yes,Yes,Bachelor's,High,6
S1365,Zainab,Jones,student365@univ.edu,Female,24,Physics,62.88,71.84,77.37,64.13,81.17,77.7,87.45,76.36,B,20.5,No,Yes,High School,Low,1
S1366,Maria,Johnson,student366@univ.edu,Male,21,Business,77.19,46.15,46.92,59.05,73.43,21.2,64.73,55.2335,D,15.0,Yes,Yes,None,Low,4
S1367,Hassan,Khan,student367@univ.edu,Male,23,Data Science,86.98,82.59,47.63,83.39,81.43,65.6,85.33,70.711,C,25.8,No,No,None,Low,1
S1368,Maria,Anderson,student368@univ.edu,Male,18,Mathematics,80.25,61.77,44.31,79.0,83.9,11.4,68.43,62.562,D,20.7,Yes,No,Master's,High,3
S1369,Maria,Taylor,student369@univ.edu,Male,23,Data Science,69.61,45.14,81.62,82.42,80.97,11.4,90.1,75.6185,B,33.8,No,Yes,Bachelor's,High,10
S1370,Sara,Williams,student370@univ.edu,Female,24,CS,55.92,90.55,69.64,67.19,64.7,3.6,58.36,71.0215,C,15.7,No,No,None,Low,6
S1371,Ahmed,Johnson,student371@univ.edu,Male,20,Engineering,89.04,60.29,77.06,88.49,91.85,91.0,57.88,74.762,C,26.7,No,Yes,None,High,3
S1372,Zainab,Taylor,student372@univ.edu,Female,19,CS,68.19,53.09,92.76,56.48,77.58,60.5,83.98,75.79,B,30.1,No,Yes,Master's,Low,5
S1373,Sophia,Khan,student373@univ.edu,Female,19,Data Science,86.8,92.29,84.42,78.56,74.49,36.2,95.75,85.325,A,12.6,No,Yes,Master's,High,8
S1374,John,Smith,student374@univ.edu,Male,25,Data Science,75.65,94.13,67.7,63.77,99.35,78.8,57.15,75.5615,B,27.6,Yes,No,Master's,Medium,8
S1375,Omar,Khan,student375@univ.edu,Female,23,Physics,86.93,60.34,99.06,76.38,64.18,62.6,53.69,75.8765,B,16.8,No,Yes,PhD,Low,9
S1376,John,Ahmed,student376@univ.edu,Male,23,CS,95.36,61.29,67.38,66.18,76.4,62.0,96.73,71.7375,C,8.9,No,No,High School,Medium,4
S1377,Omar,Brown,student377@univ.edu,Male,21,CS,96.05,74.78,46.75,89.53,84.12,48.7,55.87,65.7465,C,5.1,Yes,No,High School,Low,5
S1378,Hassan,Smith,student378@univ.edu,Male,23,CS,76.76,84.01,99.56,94.56,56.26,0.8,62.52,83.649,B,27.3,No,Yes,High School,Low,4
S1379,Liam,Williams,student379@univ.edu,Female,20,Mathematics,75.58,43.79,41.37,87.13,67.71,25.8,96.47,60.934,D,10.6,No,No,Bachelor's,High,7
S1380,John,Jones,student380@univ.edu,Female,23,Data Science,63.28,75.6,72.99,58.78,90.08,10.9,90.15,76.518,B,6.5,Yes,Yes,Bachelor's,Low,9
S1381,David,Anderson,student381@univ.edu,Female,22,Business,96.79,97.17,58.55,63.74,61.84,66.2,67.14,68.8345,C,19.9,No,Yes,High School,Medium,6
S1382,David,Taylor,student382@univ.edu,Male,24,Mathematics,72.9,55.73,70.21,95.97,74.66,24.9,97.73,75.9735,B,15.4,No,No,Master's,Medium,2
S1383,Emma,Anderson,student383@univ.edu,Male,25,Mathematics,56.38,94.53,73.52,71.86,81.53,45.0,78.4,79.4065,B,25.8,Yes,No,PhD,High,7
S1384,Ahmed,Davis,student384@univ.edu,Male,20,Mathematics,71.64,97.01,54.41,97.06,83.56,35.3,53.61,73.58,C,8.2,No,Yes,High School,Low,3
S1385,Omar,Khan,student385@univ.edu,Female,21,Physics,56.35,56.15,73.41,69.62,86.42,14.3,85.15,73.102,C,9.0,No,No,Master's,Low,8
S1386,Omar,Johnson,student386@univ.edu,Male,22,Business,75.13,85.25,85.36,97.59,93.3,95.8,76.86,87.0885,A,17.1,Yes,Yes,None,High,3
S1387,Ali,Jones,student387@univ.edu,Male,22,CS,78.06,54.33,55.99,96.29,69.64,93.3,78.63,67.1465,C,20.6,No,Yes,PhD,Low,9
S1388,Fatima,Davis,student388@univ.edu,Female,24,Physics,66.89,84.26,63.01,83.03,85.33,8.5,99.71,79.116,B,29.7,Yes,No,Bachelor's,Low,1
S1389,Ahmed,Khan,student389@univ.edu,Female,19,Data Science,53.58,87.85,56.09,50.44,86.61,82.7,57.63,66.4035,C,22.6,Yes,Yes,None,Medium,6
S1390,Sara,Wilson,student390@univ.edu,Female,20,Engineering,97.18,54.83,89.23,70.02,65.01,48.8,82.84,74.877,C,32.1,No,No,None,Medium,10
S1391,Emma,Johnson,student391@univ.edu,Male,24,Physics,88.67,82.95,83.5,95.56,98.41,77.4,72.94,85.8515,A,11.5,Yes,Yes,None,Medium,7
S1392,Sara,Smith,student392@univ.edu,Male,22,Engineering,91.94,88.73,92.27,94.26,93.26,15.1,63.59,87.707,A,22.9,Yes,Yes,Master's,Medium,3
S1393,Hassan,Brown,student393@univ.edu,Male,21,Data Science,68.34,61.51,50.2,59.37,64.49,13.2,84.68,61.153,D,24.7,No,Yes,High School,Low,6
S1394,Hassan,Taylor,student394@univ.edu,Female,24,Business,88.04,50.06,44.41,69.96,83.75,89.1,83.41,61.1235,D,26.8,Yes,Yes,None,Low,10
S1395,Sara,Ahmed,student395@univ.edu,Female,19,Engineering,74.27,45.52,47.16,91.78,85.89,89.8,92.82,66.1835,C,34.7,Yes,No,High School,Medium,3
S1396,Sara,Williams,student396@univ.edu,Female,22,Mathematics,60.05,74.52,49.66,78.89,71.57,46.6,93.94,68.945,C,19.0,No,Yes,None,Low,9
S1397,Zainab,Williams,student397@univ.edu,Female,24,Physics,56.22,98.69,71.98,92.36,93.19,87.0,78.09,84.477,B,16.1,No,Yes,Master's,High,6
S1398,Ahmed,Smith,student398@univ.edu,Male,20,Engineering,67.25,89.38,98.25,91.33,84.51,66.7,66.28,88.5815,A,30.6,No,No,High School,High,8
S1399,Sara,Miller,student399@univ.edu,Male,19,Data Science,56.88,66.15,61.43,95.37,82.91,18.5,76.48,72.9445,C,10.3,Yes,Yes,Bachelor's,Low,4
S1400,David,Williams,student400@univ.edu,Male,20,Mathematics,99.91,72.2,97.51,55.86,61.04,32.9,67.96,76.2975,B,6.1,No,No,PhD,Low,8
S1401,Fatima,Taylor,student401@univ.edu,Male,20,Engineering,52.46,56.77,42.29,57.26,70.39,13.6,63.87,54.8835,F,18.3,No,Yes,None,Medium,5
S1402,Fatima,Smith,student402@univ.edu,Male,20,Data Science,72.06,49.78,95.61,54.14,71.7,77.4,77.58,73.9325,C,12.4,No,No,None,Medium,8
S1403,Maria,Jones,student403@univ.edu,Male,24,Business,72.6,68.92,50.87,96.76,86.68,98.5,82.9,71.5395,C,16.9,Yes,Yes,Master's,High,2
S1404,Liam,Williams,student404@univ.edu,Male,19,Data Science,65.03,67.81,94.75,73.76,80.92,54.6,79.53,81.856,B,34.6,No,No,PhD,Low,3
S1405,Hassan,Anderson,student405@univ.edu,Male,24,Business,78.57,71.32,43.37,53.22,54.29,65.6,97.72,60.228,D,15.5,Yes,Yes,High School,Low,10
S1406,Omar,Smith,student406@univ.edu,Female,24,Mathematics,57.5,97.17,96.89,66.08,65.38,74.6,64.93,82.804,B,26.2,Yes,No,None,Medium,4
S1407,Ali,Taylor,student407@univ.edu,Female,24,Data Science,89.2,76.23,52.05,67.57,73.65,22.4,68.62,64.9395,D,12.5,Yes,No,Bachelor's,Low,1
S1408,Omar,Anderson,student408@univ.edu,Male,22,CS,66.62,76.35,58.16,90.48,86.84,33.6,83.38,74.731,C,14.1,Yes,Yes,Bachelor's,Medium,5
S1409,Liam,Johnson,student409@univ.edu,Female,23,Physics,79.57,47.68,69.46,86.77,87.18,41.2,80.02,71.9425,C,12.3,No,No,Master's,Medium,3
S1410,Ali,Johnson,student410@univ.edu,Male,18,CS,85.78,99.79,62.84,84.47,74.53,59.5,50.09,73.3155,C,22.2,Yes,Yes,None,Low,7
S1411,Zainab,Williams,student411@univ.edu,Male,22,CS,94.45,86.37,80.05,51.09,55.85,85.0,65.61,71.174,C,11.8,No,Yes,Master's,Medium,2
S1412,Ahmed,Anderson,student412@univ.edu,Female,19,CS,91.79,92.63,98.49,95.53,64.65,25.4,62.69,86.428,A,26.6,No,No,PhD,High,1
S1413,John,Brown,student413@univ.edu,Male,18,Physics,80.42,64.86,76.39,60.78,62.73,47.1,92.0,72.035,C,25.4,No,Yes,Bachelor's,Medium,2
S1414,Ahmed,Khan,student414@univ.edu,Male,18,CS,69.42,70.13,83.29,81.45,89.05,75.2,93.31,82.749,B,17.6,Yes,Yes,Bachelor's,High,3
S1415,Omar,Johnson,student415@univ.edu,Male,18,Business,75.16,71.33,45.28,53.09,59.0,8.7,64.19,56.556,D,5.8,No,No,Master's,Low,10
S1416,Omar,Brown,student416@univ.edu,Male,23,Data Science,88.44,51.65,77.67,54.08,73.25,51.3,55.1,64.879,D,5.7,No,Yes,PhD,Low,5
S1417,Ali,Jones,student417@univ.edu,Male,24,Mathematics,93.88,81.37,67.23,50.48,83.54,14.4,60.26,68.9465,C,21.0,No,No,High School,Low,6
S1418,Ali,Smith,student418@univ.edu,Male,25,CS,55.19,94.18,93.15,78.3,98.24,53.9,58.83,86.744,A,30.2,No,No,PhD,Low,8
S1419,Hassan,Khan,student419@univ.edu,Male,21,CS,69.24,49.82,63.29,81.47,99.96,76.8,61.87,68.6105,C,23.0,Yes,No,Master's,Low,4
S1420,Zainab,Davis,student420@univ.edu,Female,19,Mathematics,88.81,45.18,80.77,52.52,97.65,23.7,61.73,69.0905,C,18.1,No,No,Master's,Medium,4
S1421,Hassan,Taylor,student421@univ.edu,Female,25,Mathematics,71.58,84.29,53.69,64.52,85.91,84.9,73.99,69.3125,C,31.5,Yes,Yes,PhD,Low,2
S1422,Liam,Ahmed,student422@univ.edu,Male,23,CS,66.61,56.39,55.56,92.57,87.32,33.5,65.98,67.6045,C,10.9,Yes,Yes,Master's,Low,3
S1423,Sara,Smith,student423@univ.edu,Female,23,Business,70.57,77.43,62.57,55.07,87.96,19.1,77.99,70.5385,C,15.8,No,No,Bachelor's,Low,3
S1424,Ahmed,Khan,student424@univ.edu,Male,21,Mathematics,80.14,81.75,58.24,60.83,93.13,46.5,67.21,69.9095,C,22.0,Yes,No,Master's,High,2
S1425,Ali,Taylor,student425@univ.edu,Male,18,Data Science,99.99,59.31,55.23,71.22,97.59,87.6,90.73,70.1235,C,13.8,No,No,High School,Medium,1
S1426,Sophia,Khan,student426@univ.edu,Male,24,Data Science,74.65,88.91,42.98,92.11,72.29,6.9,97.54,72.116,C,34.9,No,No,Bachelor's,Low,2
S1427,Liam,Anderson,student427@univ.edu,Male,21,Business,60.42,73.0,90.2,62.74,70.83,32.8,70.2,76.7355,B,18.6,Yes,No,None,Low,5
S1428,David,Jones,student428@univ.edu,Female,25,Physics,58.14,92.14,43.86,99.86,73.02,65.3,52.47,67.5815,C,6.6,No,Yes,Bachelor's,Medium,8
S1429,Zainab,Wilson,student429@univ.edu,Female,25,Engineering,52.12,85.8,93.24,67.76,82.99,35.8,61.98,81.7035,B,10.3,No,Yes,Bachelor's,High,5
S1430,Omar,Ahmed,student430@univ.edu,Female,21,Business,77.94,92.11,47.53,69.32,88.77,7.1,55.09,67.0345,C,21.0,No,No,Bachelor's,Low,3
S1431,Hassan,Williams,student431@univ.edu,Female,23,CS,77.23,41.21,43.92,56.11,93.53,33.2,67.24,56.146,D,21.5,Yes,No,PhD,High,7
S1432,Liam,Khan,student432@univ.edu,Male,19,Engineering,60.26,54.61,73.78,84.01,72.81,82.1,82.26,72.607,C,34.5,No,Yes,None,Medium,4
S1433,Ahmed,Taylor,student433@univ.edu,Female,20,CS,84.77,45.4,70.15,62.17,68.17,96.8,75.95,64.576,D,23.0,No,No,High School,Low,7
S1434,Ali,Taylor,student434@univ.edu,Male,24,Data Science,87.06,66.52,69.47,81.44,99.17,4.0,62.14,74.031,C,25.0,Yes,No,Bachelor's,Medium,8
S1435,Omar,Anderson,student435@univ.edu,Male,25,Mathematics,62.95,93.4,74.47,61.16,61.59,56.9,88.36,76.411,B,11.4,Yes,No,PhD,Low,3
S1436,John,Brown,student436@univ.edu,Female,25,CS,67.2,68.05,57.22,69.39,61.1,10.5,56.57,61.696,D,8.2,No,No,Master's,Low,10
S1437,Zainab,Smith,student437@univ.edu,Male,21,Data Science,99.52,90.98,79.78,92.83,85.77,68.0,61.41,82.1205,B,23.1,No,Yes,None,Low,1
S1438,Liam,Wilson,student438@univ.edu,Female,24,Business,68.71,59.63,70.14,86.95,58.98,0.8,83.8,70.9345,C,30.9,No,Yes,High School,Low,8
S1439,Emma,Miller,student439@univ.edu,Female,21,CS,88.04,60.37,60.08,57.73,69.97,1.5,59.86,61.236,D,22.6,No,Yes,None,Medium,6
S1440,Omar,Williams,student440@univ.edu,Female,18,Data Science,72.64,93.73,89.59,80.39,64.62,77.7,83.94,84.445,B,18.3,No,No,High School,Low,3
S1441,Ahmed,Davis,student441@univ.edu,Female,24,Mathematics,89.67,65.55,83.66,81.43,58.44,7.4,98.85,78.199,B,22.3,No,No,High School,High,9
S1442,Maria,Miller,student442@univ.edu,Female,18,CS,88.45,87.39,63.62,54.53,78.99,30.5,91.57,73.5085,C,19.1,Yes,No,Master's,Low,1
S1443,Sophia,Smith,student443@univ.edu,Male,25,Physics,83.39,54.2,90.86,73.29,68.68,95.8,58.0,72.6365,C,9.3,Yes,No,High School,Medium,8
S1444,Lucas,Williams,student444@univ.edu,Female,23,Data Science,92.74,96.93,95.22,63.03,73.11,98.5,76.02,84.537,B,27.2,No,Yes,Master's,High,9
S1445,Sara,Taylor,student445@univ.edu,Female,18,CS,96.96,74.47,72.21,73.36,59.79,16.1,71.12,70.808,C,21.0,Yes,No,Bachelor's,Low,10
S1446,Lucas,Davis,student446@univ.edu,Male,24,Mathematics,79.0,85.56,52.9,88.85,88.39,56.1,99.58,77.15,B,17.0,Yes,Yes,None,Medium,1
S1447,Ahmed,Khan,student447@univ.edu,Female,22,CS,61.87,45.37,94.95,57.91,65.74,55.9,98.22,75.587,B,21.8,Yes,No,High School,Medium,9
S1448,David,Brown,student448@univ.edu,Female,24,CS,69.93,69.56,51.37,56.17,67.14,45.2,56.36,58.842,D,12.2,No,Yes,Master's,Low,5
S1449,Hassan,Wilson,student449@univ.edu,Male,21,Physics,87.92,94.06,42.91,63.47,62.61,92.5,95.44,67.0585,C,17.8,Yes,No,Bachelor's,High,5
S1450,David,Khan,student450@univ.edu,Male,18,Data Science,82.54,92.62,59.65,97.61,71.72,75.4,59.67,73.7515,C,23.7,Yes,Yes,None,Medium,5
S1451,Maria,Brown,student451@univ.edu,Female,19,Engineering,58.89,42.81,83.62,87.39,73.18,76.5,65.97,71.81,C,11.8,Yes,Yes,Bachelor's,Medium,1
S1452,Sara,Jones,student452@univ.edu,Male,22,CS,52.56,58.22,95.4,50.97,76.48,27.0,67.67,74.302,C,27.5,No,No,PhD,High,5
S1453,Emma,Anderson,student453@univ.edu,Female,23,Engineering,84.15,66.6,78.24,70.05,98.38,43.4,64.34,75.6195,B,20.6,Yes,No,None,Low,10
S1454,Maria,Williams,student454@univ.edu,Male,20,Business,62.55,50.34,97.11,62.87,95.23,48.7,92.66,81.6705,B,30.9,No,No,Master's,Low,10
S1455,Fatima,Khan,student455@univ.edu,Female,21,CS,74.98,83.8,45.54,81.91,80.47,29.9,66.5,67.031,C,30.4,No,Yes,High School,Low,6
S1456,Lucas,Brown,student456@univ.edu,Female,21,Engineering,87.34,51.07,43.65,72.96,51.95,9.5,90.84,57.854,D,19.8,Yes,No,Master's,Low,5
S1457,Maria,Miller,student457@univ.edu,Female,19,Business,78.13,60.8,76.25,98.22,80.61,12.6,99.72,80.63,B,10.9,Yes,Yes,Master's,High,6
S1458,Lucas,Anderson,student458@univ.edu,Male,20,Physics,54.17,79.8,97.97,60.95,54.48,18.1,92.04,81.37,B,27.1,No,Yes,Master's,Medium,9
S1459,Omar,Brown,student459@univ.edu,Female,25,Data Science,59.28,68.93,70.16,79.39,85.52,20.4,67.31,73.175,C,17.6,Yes,Yes,None,Low,7
S1460,David,Johnson,student460@univ.edu,Male,20,CS,60.97,84.31,43.09,85.01,69.5,24.2,85.56,67.954,C,22.8,No,No,None,Medium,5
S1461,Omar,Jones,student461@univ.edu,Female,23,Data Science,62.89,97.67,53.27,91.28,91.88,25.5,76.7,77.1575,B,8.2,No,No,PhD,Medium,10
S1462,Sophia,Smith,student462@univ.edu,Female,23,Business,78.27,46.99,54.69,70.35,97.13,45.6,89.33,67.061,C,23.9,No,No,Bachelor's,High,9
S1463,Fatima,Khan,student463@univ.edu,Female,22,Data Science,75.2,82.57,60.27,84.35,70.86,51.0,57.65,69.5375,C,16.2,No,No,Master's,Medium,5
S1464,Sara,Wilson,student464@univ.edu,Female,25,Data Science,60.16,53.82,42.62,65.16,73.03,30.9,81.91,58.696,D,15.0,Yes,Yes,PhD,Low,5
S1465,Emma,Jones,student465@univ.edu,Female,21,Mathematics,53.38,64.87,94.29,71.77,79.51,90.7,88.68,81.9695,B,34.4,No,No,PhD,Medium,6
S1466,Zainab,Anderson,student466@univ.edu,Male,18,Business,58.57,41.97,70.93,94.78,59.86,55.3,88.06,69.6245,C,18.0,No,Yes,None,Low,8
S1467,Lucas,Johnson,student467@univ.edu,Male,23,Data Science,99.22,48.15,80.26,97.5,96.37,78.7,98.18,81.5285,B,25.3,No,No,Bachelor's,Low,1
S1468,Emma,Williams,student468@univ.edu,Male,19,Engineering,73.43,59.19,44.03,85.94,71.65,92.4,52.92,58.825,D,23.8,No,No,PhD,Low,9
S1469,Lucas,Miller,student469@univ.edu,Female,19,Business,93.37,60.52,43.25,68.72,58.34,16.3,67.29,56.394,D,8.1,No,Yes,High School,Medium,8
S1470,Ahmed,Wilson,student470@univ.edu,Female,19,Mathematics,92.44,93.98,75.19,91.0,88.14,42.8,73.83,83.058,B,27.4,No,No,PhD,High,7
S1471,Maria,Khan,student471@univ.edu,Male,24,CS,75.58,84.51,93.24,51.29,60.96,43.3,65.49,76.197,B,14.7,Yes,Yes,None,Medium,5
S1472,Sophia,Wilson,student472@univ.edu,Female,25,Physics,85.33,98.33,71.71,55.14,57.18,35.4,65.49,71.436,C,29.0,Yes,Yes,Master's,High,1
S1473,David,Jones,student473@univ.edu,Female,25,Data Science,59.64,75.94,92.67,83.07,78.14,0.9,58.81,80.6255,B,23.2,No,No,None,High,7
S1474,Zainab,Anderson,student474@univ.edu,Female,23,Engineering,84.42,54.5,88.66,64.56,83.57,81.6,90.65,77.748,B,14.5,Yes,No,None,High,9
S1475,Ali,Williams,student475@univ.edu,Male,23,Mathematics,63.62,59.66,44.55,97.57,78.48,11.2,95.4,68.242,C,15.7,No,Yes,Bachelor's,Medium,3
S1476,Lucas,Taylor,student476@univ.edu,Male,19,Business,91.6,59.19,52.12,71.8,82.83,99.5,54.12,61.3925,D,26.9,Yes,No,High School,High,8
S1477,Emma,Johnson,student477@univ.edu,Male,25,Physics,54.19,59.59,79.46,71.47,55.78,77.3,57.74,67.4775,C,21.5,No,No,High School,High,3
S1478,Sophia,Khan,student478@univ.edu,Male,25,Physics,88.66,80.38,66.61,83.9,73.8,58.0,61.42,72.2575,C,25.1,No,Yes,Bachelor's,High,3
S1479,John,Taylor,student479@univ.edu,Male,23,Data Science,55.0,71.85,57.44,88.38,67.85,15.5,75.45,69.226,C,9.7,No,Yes,Bachelor's,Low,7
S1480,Zainab,Miller,student480@univ.edu,Female,24,Mathematics,94.06,63.13,65.12,73.78,98.67,51.5,89.56,74.7195,C,28.6,Yes,Yes,PhD,High,6
S1481,John,Williams,student481@univ.edu,Female,18,Mathematics,65.21,48.95,66.71,60.7,52.48,26.1,53.57,58.151,D,14.6,Yes,No,High School,Low,5
S1482,Omar,Ahmed,student482@univ.edu,Female,18,Engineering,82.72,41.33,94.63,88.67,64.91,25.2,81.84,76.6995,B,23.6,Yes,No,None,High,7
S1483,David,Ahmed,student483@univ.edu,Female,22,CS,74.38,53.13,46.21,66.02,97.09,83.0,57.47,59.8865,D,8.4,Yes,No,PhD,Medium,9
S1484,Hassan,Williams,student484@univ.edu,Male,25,CS,68.32,46.45,56.78,58.76,99.17,38.1,98.57,67.638,C,14.6,No,Yes,High School,Low,1
S1485,Hassan,Johnson,student485@univ.edu,Male,21,CS,82.27,87.13,72.25,81.58,91.25,45.1,94.94,82.879,B,24.5,No,No,Master's,High,10
S1486,Ali,Davis,student486@univ.edu,Female,18,Physics,97.38,46.75,81.9,54.52,53.8,84.3,97.48,68.885,C,13.2,Yes,No,None,Medium,1
S1487,Ahmed,Taylor,student487@univ.edu,Male,22,Physics,52.06,83.45,77.84,98.57,78.07,8.8,55.31,78.7265,B,31.4,No,Yes,None,Low,5
S1488,Emma,Brown,student488@univ.edu,Female,20,Business,95.94,63.14,96.5,81.62,70.01,59.5,74.4,80.3075,B,24.8,Yes,No,PhD,Medium,8
S1489,Ali,Wilson,student489@univ.edu,Female,21,Physics,80.45,44.4,87.74,99.29,90.32,57.8,58.26,76.7695,B,31.1,No,No,High School,High,7
S1490,Maria,Khan,student490@univ.edu,Female,25,Physics,90.37,88.76,73.42,66.94,52.75,42.5,80.02,73.4055,C,16.9,No,Yes,Bachelor's,High,7
S1491,Maria,Davis,student491@univ.edu,Female,18,Mathematics,69.19,74.78,52.88,98.56,59.86,83.0,61.64,66.473,C,6.0,Yes,No,Master's,High,3
S1492,Emma,Brown,student492@univ.edu,Male,24,Business,73.59,54.15,67.05,57.28,74.46,94.3,88.53,67.338,C,22.3,Yes,Yes,None,High,9
S1493,Sara,Anderson,student493@univ.edu,Female,20,Mathematics,93.44,93.68,81.6,52.03,57.88,46.5,82.2,76.1125,B,15.2,No,No,Bachelor's,Low,5
S1494,Ahmed,Khan,student494@univ.edu,Male,22,Engineering,70.74,42.72,90.28,51.65,84.64,45.6,78.58,72.3725,C,18.4,Yes,No,Bachelor's,Low,10
S1495,Sophia,Khan,student495@univ.edu,Female,18,Engineering,76.73,52.11,97.58,73.24,91.04,50.2,91.26,82.906,B,25.4,No,Yes,Bachelor's,Low,3
S1496,Lucas,Ahmed,student496@univ.edu,Female,25,Business,51.01,85.12,76.33,54.15,85.23,72.3,75.01,75.898,B,26.0,No,No,Bachelor's,High,6
S1497,Hassan,Johnson,student497@univ.edu,Female,18,Business,57.93,82.56,71.62,75.61,72.01,66.8,63.49,73.2455,C,5.8,No,No,PhD,High,8
S1498,Zainab,Anderson,student498@univ.edu,Female,23,Physics,82.08,57.36,41.06,66.38,93.92,22.3,81.04,62.044,D,28.1,No,Yes,None,Medium,8
S1499,Sara,Wilson,student499@univ.edu,Male,20,Engineering,85.85,43.72,44.33,66.78,56.88,6.4,97.85,57.486,D,19.8,No,No,Bachelor's,Medium,4
S1500,Lucas,Smith,student500@univ.edu,Female,18,Data Science,79.13,91.48,49.37,81.78,63.02,94.9,80.06,69.3045,C,21.7,No,Yes,Bachelor's,Low,4
S1501,Lucas,Brown,student501@univ.edu,Male,19,CS,57.17,58.82,43.29,58.15,74.48,26.1,81.48,59.032,D,13.9,No,Yes,High School,High,9
S1502,Sara,Ahmed,student502@univ.edu,Female,24,Physics,72.27,51.74,64.05,88.33,53.07,63.9,96.74,68.4865,C,17.6,No,No,None,High,10
S1503,Omar,Khan,student503@univ.edu,Female,23,CS,67.75,70.96,60.21,79.1,54.78,82.8,75.76,66.7115,C,26.3,Yes,No,Master's,Medium,2
S1504,John,Davis,student504@univ.edu,Female,23,Engineering,74.78,94.61,78.24,95.75,69.87,30.0,99.82,86.122,A,28.3,No,No,Bachelor's,Low,9
S1505,Lucas,Ahmed,student505@univ.edu,Male,18,CS,93.52,42.61,72.14,68.24,97.19,63.5,57.98,67.2825,C,16.6,No,Yes,PhD,High,8
S1506,Sara,Brown,student506@univ.edu,Female,24,Data Science,88.79,85.95,75.76,99.14,95.42,10.8,76.85,84.4175,B,25.7,No,Yes,Bachelor's,Medium,3
S1507,Sara,Brown,student507@univ.edu,Female,23,Data Science,54.2,74.35,68.32,78.79,73.3,97.0,60.65,70.693,C,12.7,Yes,Yes,Bachelor's,Low,2
S1508,Fatima,Johnson,student508@univ.edu,Female,21,Mathematics,94.52,65.53,56.66,98.67,57.11,5.8,72.67,67.2045,C,30.0,No,Yes,Bachelor's,Low,2
S1509,Ali,Khan,student509@univ.edu,Female,20,Business,73.59,84.64,97.17,51.35,58.91,43.8,58.53,76.256,B,23.3,Yes,No,None,Low,1
S1510,Liam,Anderson,student510@univ.edu,Female,21,CS,87.19,97.95,45.18,86.4,68.88,53.7,61.13,67.8645,C,28.3,Yes,No,None,Medium,10
S1511,Omar,Taylor,student511@univ.edu,Male,22,Data Science,57.0,53.75,96.33,90.83,60.5,79.0,60.54,76.246,B,19.3,Yes,Yes,Bachelor's,High,9
S1512,David,Smith,student512@univ.edu,Male,21,Business,83.54,48.62,58.67,52.66,54.15,12.1,66.0,56.18,D,11.9,No,Yes,PhD,Medium,1
S1513,Liam,Johnson,student513@univ.edu,Female,24,Business,61.82,94.77,70.76,78.95,83.69,44.1,56.73,76.6255,B,17.9,No,Yes,Master's,High,2
S1514,Ali,Miller,student514@univ.edu,Female,19,Mathematics,71.92,80.14,46.53,90.1,79.07,30.0,90.47,71.2595,C,16.4,No,No,High School,High,7
S1515,Ali,Khan,student515@univ.edu,Male,23,Business,50.84,66.28,44.26,78.05,64.56,31.2,61.03,59.293,D,15.0,No,No,Master's,High,5
S1516,Ali,Johnson,student516@univ.edu,Female,24,Business,57.58,74.4,65.77,53.19,88.95,77.9,70.83,69.845,C,11.4,Yes,No,PhD,Low,1
S1517,Liam,Wilson,student517@univ.edu,Male,23,Physics,54.6,84.74,84.5,84.67,88.8,0.5,50.8,80.1635,B,27.8,No,Yes,PhD,High,4
S1518,Emma,Smith,student518@univ.edu,Female,25,Engineering,61.99,86.38,56.16,53.03,74.55,74.9,55.24,64.355,D,7.6,Yes,Yes,Master's,Low,6
S1519,John,Ahmed,student519@univ.edu,Female,19,Mathematics,55.0,95.19,73.74,90.87,54.83,81.0,94.81,80.9235,B,31.6,Yes,Yes,Master's,Medium,8
S1520,Sara,Williams,student520@univ.edu,Male,23,Mathematics,84.6,65.61,56.72,52.15,95.92,90.1,91.86,68.9635,C,10.3,No,No,Bachelor's,High,2
S1521,Zainab,Miller,student521@univ.edu,Female,21,CS,51.45,57.6,63.32,56.87,83.43,62.7,92.05,68.5345,C,34.4,No,No,Master's,Medium,10
S1522,John,Jones,student522@univ.edu,Male,25,Business,80.89,78.38,94.39,63.76,62.35,33.3,70.57,78.2145,B,34.7,Yes,Yes,Master's,Medium,3
S1523,Hassan,Johnson,student523@univ.edu,Male,25,CS,57.04,64.94,91.35,81.67,80.52,42.7,57.08,77.851,B,17.0,Yes,Yes,Bachelor's,High,7
S1524,Ahmed,Brown,student524@univ.edu,Male,22,Physics,97.26,75.68,70.96,98.82,70.25,97.0,55.39,73.641,C,34.6,No,No,PhD,High,1
S1525,Emma,Taylor,student525@univ.edu,Female,25,Data Science,96.65,65.2,54.29,55.89,81.77,88.1,80.28,64.7325,D,31.1,No,Yes,None,Low,7
S1526,David,Williams,student526@univ.edu,Male,25,Business,61.28,49.18,51.59,57.14,73.69,46.4,91.41,61.2285,D,7.5,No,No,Bachelor's,High,1
S1527,John,Johnson,student527@univ.edu,Male,18,Data Science,80.72,68.17,97.25,68.44,74.27,94.3,95.01,83.3295,B,33.4,Yes,Yes,Master's,Low,8
S1528,Zainab,Johnson,student528@univ.edu,Female,19,Engineering,51.4,81.46,52.16,91.81,86.79,82.3,64.44,71.004,C,6.3,Yes,Yes,High School,Low,6
S1529,Maria,Davis,student529@univ.edu,Female,21,Physics,96.59,87.96,88.49,73.36,80.69,90.1,66.05,81.5785,B,10.5,Yes,Yes,Master's,High,10
S1530,Ali,Davis,student530@univ.edu,Female,24,Business,76.15,69.6,62.14,66.08,54.0,68.3,55.04,61.937,D,22.5,Yes,No,High School,High,7
S1531,Lucas,Williams,student531@univ.edu,Female,21,CS,52.16,49.91,99.14,78.06,53.27,85.8,88.72,77.6885,B,7.4,No,No,Bachelor's,High,2
S1532,Hassan,Anderson,student532@univ.edu,Female,21,CS,67.12,64.88,62.09,63.03,65.25,89.2,63.78,63.5165,D,9.9,No,Yes,None,Low,6
S1533,Ahmed,Ahmed,student533@univ.edu,Female,18,Business,53.84,87.18,61.09,70.06,71.51,9.2,74.05,71.1605,C,33.6,No,Yes,None,Low,5
S1534,Omar,Davis,student534@univ.edu,Male,20,CS,69.65,64.77,78.25,66.63,63.76,96.5,96.44,74.366,C,34.8,No,No,High School,Low,3
S1535,David,Brown,student535@univ.edu,Female,23,Business,83.5,81.79,97.69,90.21,82.57,33.4,87.61,89.608,A,28.9,No,No,PhD,Low,9
S1536,Ahmed,Miller,student536@univ.edu,Male,23,Mathematics,73.49,70.43,98.57,96.21,59.76,44.0,52.64,79.877,B,20.5,No,Yes,High School,Low,5
S1537,Ali,Jones,student537@univ.edu,Female,24,CS,69.19,54.47,82.43,87.98,85.21,79.2,50.41,73.2845,C,32.0,Yes,No,High School,High,8
S1538,Lucas,Smith,student538@univ.edu,Male,25,Business,55.96,87.77,85.28,71.95,88.66,66.5,89.37,84.899,B,8.4,No,Yes,Bachelor's,Low,4
S1539,Emma,Jones,student539@univ.edu,Male,22,Business,62.25,45.05,73.8,75.22,56.22,89.3,77.63,66.2005,C,33.3,Yes,Yes,Master's,High,6
S1540,Lucas,Jones,student540@univ.edu,Female,24,CS,55.01,71.49,85.35,56.25,82.54,40.1,86.02,77.892,B,15.5,No,No,PhD,Low,4
S1541,Liam,Smith,student541@univ.edu,Female,20,Mathematics,90.37,52.53,91.59,87.34,98.07,37.3,57.84,79.05,B,30.8,No,No,High School,Low,4
S1542,Lucas,Davis,student542@univ.edu,Male,23,CS,56.76,44.02,69.17,79.82,59.64,3.2,93.6,67.9725,C,25.1,No,No,Bachelor's,High,9
S1543,Liam,Williams,student543@univ.edu,Female,22,Business,79.77,70.18,77.19,95.12,95.47,46.3,88.67,82.9415,B,33.8,Yes,Yes,PhD,Medium,5
S1544,Hassan,Smith,student544@univ.edu,Female,24,Mathematics,67.14,69.97,72.24,60.03,80.3,72.4,94.54,74.5085,C,30.9,Yes,No,None,Medium,1
S1545,Emma,Ahmed,student545@univ.edu,Male,22,Data Science,61.3,82.41,73.75,87.99,79.55,30.1,67.05,77.483,B,31.6,Yes,Yes,None,Low,7
S1546,Sophia,Ahmed,student546@univ.edu,Male,21,Engineering,81.97,84.69,93.4,84.23,52.6,46.3,63.79,79.721,B,24.0,No,No,Bachelor's,High,3
S1547,Ali,Khan,student547@univ.edu,Male,19,CS,72.85,83.67,61.34,63.29,87.42,21.9,57.59,69.448,C,30.0,Yes,No,PhD,Medium,3
S1548,Liam,Wilson,student548@univ.edu,Female,21,Physics,70.01,64.57,52.49,83.37,73.91,77.3,96.5,69.3525,C,27.7,No,Yes,Master's,Medium,6
S1549,Omar,Anderson,student549@univ.edu,Female,18,Business,79.64,77.9,67.38,96.22,86.06,6.1,58.84,75.331,B,9.8,No,Yes,Bachelor's,High,3
S1550,Lucas,Miller,student550@univ.edu,Female,25,Mathematics,74.56,74.62,52.49,95.92,90.46,70.5,55.97,69.648,C,24.5,No,Yes,Master's,Medium,1
S1551,Lucas,Taylor,student551@univ.edu,Female,23,Mathematics,65.17,65.29,69.9,85.98,76.19,37.9,59.63,70.793,C,9.4,Yes,Yes,High School,Low,6
S1552,Omar,Davis,student552@univ.edu,Male,22,Data Science,77.95,75.83,94.21,52.4,63.18,4.2,88.57,78.762,B,31.1,Yes,Yes,Master's,Low,7
S1553,Maria,Anderson,student553@univ.edu,Female,24,CS,83.47,96.83,77.05,93.61,57.08,85.3,94.48,83.109,B,7.0,Yes,Yes,Bachelor's,Low,5
S1554,Hassan,Smith,student554@univ.edu,Male,25,Physics,51.33,51.57,91.33,82.89,58.03,48.8,90.55,77.0,B,34.6,No,No,PhD,Medium,1
S1555,Sara,Wilson,student555@univ.edu,Female,19,Mathematics,73.29,94.35,49.97,65.52,93.35,59.9,78.16,71.914,C,17.0,Yes,No,Master's,High,2
S1556,Sophia,Taylor,student556@univ.edu,Female,24,Data Science,52.88,43.21,94.05,59.36,56.18,73.2,99.69,73.844,C,10.1,No,Yes,High School,High,2
S1557,David,Miller,student557@univ.edu,Male,23,Business,59.32,58.5,76.11,55.81,69.23,65.5,53.44,65.1105,C,33.1,No,Yes,PhD,Low,10
S1558,Zainab,Miller,student558@univ.edu,Female,22,Data Science,78.03,57.29,41.91,52.51,66.71,73.1,93.36,58.0135,D,6.4,Yes,No,None,Low,8
S1559,Liam,Davis,student559@univ.edu,Female,22,CS,93.31,77.58,77.99,87.71,93.27,76.2,71.39,80.668,B,19.1,No,No,None,Low,8
S1560,Omar,Smith,student560@univ.edu,Male,21,Data Science,94.14,47.87,97.08,61.79,73.88,58.9,72.76,74.8165,C,28.1,No,Yes,PhD,Low,8
S1561,Zainab,Anderson,student561@univ.edu,Female,19,Mathematics,53.5,92.94,44.75,51.21,99.82,36.6,56.38,65.362,C,14.5,No,Yes,Bachelor's,Medium,2
S1562,Emma,Williams,student562@univ.edu,Male,19,Mathematics,70.96,89.71,74.95,69.86,86.85,24.3,51.67,75.4315,B,20.9,Yes,No,Master's,Low,5
S1563,Liam,Anderson,student563@univ.edu,Male,23,Engineering,79.15,79.12,94.93,74.13,92.55,90.3,65.83,83.926,B,26.0,No,Yes,Master's,Medium,5
S1564,Sara,Anderson,student564@univ.edu,Male,22,Data Science,57.35,67.5,40.58,58.46,54.93,97.0,58.74,53.5225,F,33.6,No,No,PhD,Low,4
S1565,Zainab,Miller,student565@univ.edu,Male,25,Business,88.27,95.98,77.85,52.2,62.66,35.8,74.17,74.798,C,8.1,Yes,Yes,Master's,High,8
S1566,Emma,Williams,student566@univ.edu,Female,19,Physics,87.21,89.84,68.49,59.46,56.77,11.2,57.37,67.9795,C,9.7,Yes,Yes,None,Medium,8
S1567,Ahmed,Williams,student567@univ.edu,Female,19,Physics,95.17,69.96,60.82,83.96,73.18,22.3,56.9,67.385,C,20.3,No,No,PhD,High,9
S1568,Ali,Davis,student568@univ.edu,Female,24,CS,50.42,82.11,77.65,54.11,85.91,67.1,93.85,78.68,B,17.6,Yes,Yes,Master's,High,4
S1569,Lucas,Taylor,student569@univ.edu,Male,23,Engineering,60.83,74.02,43.16,77.75,58.45,17.3,96.06,64.749,D,17.3,Yes,No,High School,High,1
S1570,Ahmed,Johnson,student570@univ.edu,Female,21,Data Science,91.36,75.28,85.18,57.32,56.51,78.0,98.21,76.675,B,13.9,No,No,Bachelor's,Low,9
S1571,Liam,Jones,student571@univ.edu,Female,24,Business,83.53,59.86,40.27,59.78,80.73,92.3,84.03,59.7475,D,21.8,No,Yes,High School,High,1
S1572,Sara,Jones,student572@univ.edu,Female,24,Engineering,94.72,67.73,58.42,69.65,61.52,96.4,88.55,66.951,C,31.5,No,Yes,High School,High,4
S1573,Sophia,Miller,student573@univ.edu,Female,20,Mathematics,52.86,44.69,70.24,55.04,73.97,0.9,91.79,66.642,C,9.8,Yes,No,Master's,High,10
S1574,Zainab,Johnson,student574@univ.edu,Male,18,CS,79.85,61.44,62.62,58.66,52.56,95.8,82.95,63.3305,D,11.5,Yes,No,PhD,Medium,1
S1575,Hassan,Taylor,student575@univ.edu,Male,20,Data Science,78.45,81.75,58.45,67.45,84.03,74.0,66.51,69.506,C,25.1,No,No,None,Low,3
S1576,Ali,Johnson,student576@univ.edu,Female,19,Physics,51.78,97.19,89.85,66.48,77.07,8.4,57.82,81.091,B,6.7,No,No,PhD,High,3
S1577,Liam,Davis,student577@univ.edu,Male,22,Business,75.68,97.78,96.09,87.46,82.37,41.5,61.86,87.941,A,25.2,Yes,Yes,Master's,Low,7
S1578,Omar,Anderson,student578@univ.edu,Female,18,Mathematics,80.48,73.34,92.42,53.74,63.77,70.0,92.02,78.4445,B,14.4,No,Yes,Master's,Medium,3
S1579,Hassan,Miller,student579@univ.edu,Female,18,Engineering,59.56,76.4,71.35,93.02,63.93,95.7,84.8,76.515,B,15.7,No,No,None,Low,6
S1580,Hassan,Williams,student580@univ.edu,Female,22,CS,63.67,51.14,93.05,90.81,90.07,16.4,72.79,80.846,B,17.2,Yes,No,High School,High,10
S1581,Hassan,Ahmed,student581@univ.edu,Male,18,Engineering,82.02,81.72,95.25,88.3,85.93,12.8,51.47,83.5365,B,15.5,Yes,No,High School,Low,4
S1582,John,Miller,student582@univ.edu,Female,22,Physics,73.42,44.24,64.55,65.47,78.99,47.2,63.31,62.606,D,30.2,No,No,PhD,Low,6
S1583,Liam,Jones,student583@univ.edu,Male,18,Engineering,92.9,57.08,57.01,91.14,81.41,96.8,86.44,70.218,C,33.4,No,No,Bachelor's,Low,9
S1584,Ali,Taylor,student584@univ.edu,Male,24,Business,67.12,80.1,45.9,59.14,54.7,97.1,75.62,60.504,D,21.4,No,No,Master's,Low,7
S1585,Lucas,Johnson,student585@univ.edu,Female,25,Mathematics,63.33,58.62,68.75,56.22,92.81,22.8,71.78,68.908,C,22.5,Yes,No,None,Low,1
S1586,Lucas,Taylor,student586@univ.edu,Male,23,Data Science,99.24,42.99,96.78,52.25,88.5,31.9,65.68,73.4355,C,7.1,No,No,PhD,Medium,8
S1587,Liam,Davis,student587@univ.edu,Male,23,Business,95.56,89.91,73.65,96.97,79.52,90.8,80.35,82.2855,B,26.4,No,Yes,None,High,4
S1588,Emma,Miller,student588@univ.edu,Female,20,Physics,51.45,58.62,80.05,65.4,95.93,73.5,98.32,78.689,B,22.5,Yes,Yes,High School,Low,8
S1589,John,Smith,student589@univ.edu,Male,24,CS,88.54,43.79,46.77,95.88,58.43,97.2,95.06,62.533,D,6.5,Yes,No,High School,Low,3
S1590,Omar,Miller,student590@univ.edu,Male,18,Physics,55.52,44.49,48.61,63.63,84.33,89.3,51.52,55.8335,D,11.0,Yes,No,PhD,High,10
S1591,Hassan,Williams,student591@univ.edu,Female,21,Physics,51.37,55.11,67.87,95.38,98.15,21.5,74.05,74.9135,C,11.1,Yes,Yes,Bachelor's,High,5
S1592,Hassan,Miller,student592@univ.edu,Female,22,Engineering,63.68,50.68,97.08,95.2,65.5,76.0,66.47,78.1895,B,10.1,Yes,No,High School,High,3
S1593,Liam,Wilson,student593@univ.edu,Male,24,CS,63.47,86.46,61.65,96.18,50.76,4.9,75.53,72.24,C,24.8,No,No,None,High,3
S1594,Emma,Davis,student594@univ.edu,Female,18,Business,90.97,59.3,92.65,74.81,86.74,81.8,80.31,80.5665,B,32.9,Yes,No,Master's,Low,3
S1595,Lucas,Brown,student595@univ.edu,Female,23,Physics,85.53,88.28,47.22,93.3,50.35,60.2,60.0,64.7305,D,27.9,No,No,Master's,High,4
S1596,Lucas,Davis,student596@univ.edu,Male,23,Business,99.08,50.43,77.02,97.54,93.63,95.6,89.08,79.0805,B,19.3,Yes,Yes,Bachelor's,Medium,3
S1597,Sara,Johnson,student597@univ.edu,Male,22,Data Science,85.58,69.57,76.04,66.23,52.82,96.0,73.75,69.448,C,17.1,No,No,PhD,Low,2
S1598,Liam,Ahmed,student598@univ.edu,Female,21,Engineering,70.91,81.28,91.59,70.94,82.64,5.1,99.6,86.2895,A,16.6,Yes,Yes,Bachelor's,Medium,6
S1599,John,Brown,student599@univ.edu,Male,18,Business,84.95,79.12,40.2,85.96,68.86,16.1,51.26,60.806,D,23.0,Yes,Yes,None,High,1
S1600,Maria,Johnson,student600@univ.edu,Female,18,CS,99.97,76.07,51.4,65.02,60.17,48.4,59.49,60.906,D,15.8,Yes,Yes,Bachelor's,Medium,5
S1601,John,Johnson,student601@univ.edu,Female,21,Physics,85.51,95.49,53.18,87.69,94.91,87.9,84.48,77.773,B,11.8,No,Yes,Master's,Low,6
S1602,Lucas,Williams,student602@univ.edu,Male,21,Data Science,88.08,53.71,97.0,53.69,87.31,81.4,84.76,78.556,B,23.1,No,Yes,High School,Low,1
S1603,Lucas,Williams,student603@univ.edu,Male,21,CS,96.92,69.62,49.22,76.17,67.02,96.4,79.11,64.496,D,16.7,Yes,Yes,High School,Low,1
S1604,Ahmed,Khan,student604@univ.edu,Female,23,Engineering,55.68,93.04,42.22,56.12,64.21,61.8,98.6,66.2245,C,5.4,No,Yes,PhD,Low,7
S1605,Lucas,Anderson,student605@univ.edu,Female,22,Data Science,85.24,44.67,72.07,64.67,86.8,25.7,70.77,67.4945,C,5.7,No,No,None,Medium,6
S1606,Omar,Jones,student606@univ.edu,Female,24,Data Science,92.54,43.35,71.71,62.93,91.83,2.5,70.85,67.61,C,13.2,No,Yes,PhD,Low,9
S1607,David,Anderson,student607@univ.edu,Female,25,Data Science,97.72,54.0,90.64,91.95,85.79,22.3,95.52,83.513,B,20.4,Yes,Yes,Bachelor's,Low,4
S1608,Liam,Anderson,student608@univ.edu,Male,21,Physics,60.55,77.98,96.93,59.68,82.0,67.5,76.92,82.3115,B,15.6,Yes,Yes,Bachelor's,Low,3
S1609,Zainab,Ahmed,student609@univ.edu,Female,22,Mathematics,75.2,55.59,72.31,90.42,61.4,92.6,67.69,69.353,C,5.7,Yes,No,Bachelor's,High,6
S1610,John,Jones,student610@univ.edu,Male,20,Data Science,84.03,51.41,95.8,89.7,92.64,32.1,85.95,84.0555,B,11.7,No,No,None,Medium,8
S1611,David,Smith,student611@univ.edu,Male,18,CS,62.37,67.53,83.51,74.94,87.48,87.6,80.98,79.2445,B,7.9,No,No,High School,High,5
S1612,Emma,Brown,student612@univ.edu,Female,18,CS,80.02,76.82,55.87,61.69,75.86,39.5,65.32,65.349,C,33.5,No,No,Master's,Low,3
S1613,Maria,Taylor,student613@univ.edu,Male,25,Engineering,62.88,54.91,95.71,61.34,75.58,30.8,64.9,74.7535,C,14.4,Yes,Yes,Master's,High,3
S1614,Omar,Anderson,student614@univ.edu,Male,25,Business,66.67,58.04,80.05,73.25,78.46,50.9,69.78,72.849,C,5.4,Yes,Yes,Bachelor's,Low,1
S1615,Ali,Ahmed,student615@univ.edu,Female,19,Business,72.08,76.81,64.85,50.44,91.41,44.2,53.58,67.374,C,24.8,No,No,Bachelor's,High,6
S1616,Fatima,Khan,student616@univ.edu,Male,20,Mathematics,76.46,96.74,80.81,76.57,87.11,91.4,97.13,86.753,A,12.0,Yes,No,Bachelor's,Low,10
S1617,John,Miller,student617@univ.edu,Male,24,Physics,72.47,80.48,64.08,97.64,92.81,46.8,59.15,75.964,B,22.0,No,No,None,Low,7
S1618,David,Miller,student618@univ.edu,Female,25,Physics,74.66,86.97,46.85,57.74,75.36,27.7,59.69,62.71,D,9.5,Yes,No,Master's,Low,9
S1619,Ali,Johnson,student619@univ.edu,Female,21,Data Science,64.93,62.01,83.14,78.67,81.23,84.3,82.35,77.8385,B,34.5,No,No,PhD,High,6
S1620,Maria,Jones,student620@univ.edu,Female,21,Mathematics,57.95,56.34,89.45,98.09,92.73,99.9,86.21,84.13,B,34.1,Yes,Yes,High School,Low,8
S1621,Ahmed,Johnson,student621@univ.edu,Female,24,Engineering,52.37,67.26,83.73,93.03,61.62,64.8,86.84,78.981,B,24.7,No,No,PhD,High,6
S1622,Ali,Ahmed,student622@univ.edu,Female,23,Engineering,59.8,88.43,53.75,92.52,72.2,25.0,68.75,71.519,C,26.2,Yes,Yes,High School,Low,2
S1623,Omar,Wilson,student623@univ.edu,Female,20,Business,79.1,67.38,97.4,91.09,81.03,23.9,93.67,87.4345,A,17.8,No,Yes,None,Medium,3
S1624,Omar,Wilson,student624@univ.edu,Female,21,Engineering,89.31,90.8,41.52,65.45,95.76,5.8,77.2,68.4535,C,33.9,Yes,Yes,High School,Low,1
S1625,Zainab,Khan,student625@univ.edu,Male,25,Data Science,58.46,99.33,59.96,94.53,50.79,7.7,71.93,73.4395,C,17.7,No,No,None,Medium,5
S1626,Ahmed,Taylor,student626@univ.edu,Male,19,CS,55.43,44.32,55.61,97.07,60.63,91.5,90.52,65.5605,C,12.2,No,No,Master's,Low,6
S1627,Fatima,Williams,student627@univ.edu,Female,22,Engineering,87.46,42.72,42.89,74.79,61.72,9.6,62.18,53.359,F,8.5,No,Yes,High School,Low,6
S1628,Liam,Williams,student628@univ.edu,Male,18,Mathematics,65.26,48.98,64.34,67.73,66.33,48.4,93.01,66.3755,C,11.2,Yes,No,Bachelor's,Low,2
S1629,Ali,Jones,student629@univ.edu,Male,20,Data Science,97.57,63.06,77.39,70.71,64.09,69.8,76.94,71.4595,C,22.2,Yes,No,Bachelor's,Low,1
S1630,Ahmed,Jones,student630@univ.edu,Female,18,Engineering,85.72,47.86,92.95,66.71,79.51,85.0,95.0,78.2875,B,12.4,Yes,No,None,Low,7
S1631,Omar,Anderson,student631@univ.edu,Male,22,Physics,66.34,92.24,99.38,60.62,94.28,17.1,60.08,85.478,A,24.6,No,No,Master's,High,4
S1632,Omar,Wilson,student632@univ.edu,Female,20,Engineering,64.48,41.39,88.49,80.92,81.85,43.8,96.8,78.185,B,16.5,No,No,None,High,9
S1633,David,Anderson,student633@univ.edu,Male,25,Physics,76.18,58.95,68.12,78.13,62.08,25.1,84.39,69.322,C,31.6,Yes,No,PhD,High,8
S1634,Lucas,Williams,student634@univ.edu,Female,22,Data Science,53.96,51.08,83.42,73.13,93.19,25.6,80.92,76.499,B,21.8,No,Yes,PhD,Medium,6
S1635,Fatima,Brown,student635@univ.edu,Male,21,Engineering,55.88,95.89,90.62,54.79,81.6,30.4,71.1,82.0185,B,23.7,Yes,No,PhD,Low,10
S1636,Ali,Brown,student636@univ.edu,Male,24,Physics,58.79,80.17,67.92,89.84,60.95,58.7,97.82,77.0975,B,21.7,No,No,Bachelor's,Low,3
S1637,Zainab,Jones,student637@univ.edu,Male,21,CS,88.74,94.72,87.1,58.75,68.08,1.7,72.2,79.2835,B,31.6,No,Yes,PhD,Low,8
S1638,Zainab,Johnson,student638@univ.edu,Female,25,Business,75.69,98.34,68.96,55.73,89.5,40.9,74.93,76.828,B,6.9,Yes,Yes,High School,Medium,10
S1639,Ali,Williams,student639@univ.edu,Male,24,Data Science,50.53,69.83,63.19,81.15,86.95,18.7,89.07,74.658,C,7.0,No,Yes,PhD,Medium,1
S1640,Hassan,Brown,student640@univ.edu,Male,21,Physics,83.68,54.06,71.57,69.93,78.83,96.7,64.24,67.8115,C,26.1,No,No,Bachelor's,Medium,9
S1641,Maria,Williams,student641@univ.edu,Female,22,Mathematics,71.18,51.62,80.55,52.99,57.24,58.3,64.57,64.7365,D,28.0,No,No,High School,Medium,10
S1642,Zainab,Davis,student642@univ.edu,Female,22,Engineering,75.54,53.38,83.61,67.78,90.16,86.8,88.76,76.9445,B,18.0,No,No,Master's,High,9
S1643,Ahmed,Miller,student643@univ.edu,Male,22,Physics,60.71,82.52,61.4,88.59,65.38,19.6,56.43,69.554,C,15.6,No,No,None,Medium,10
S1644,Maria,Wilson,student644@univ.edu,Male,18,Physics,77.59,42.43,74.28,80.76,88.58,81.0,91.15,73.5575,C,13.3,No,Yes,None,Medium,8
S1645,Ahmed,Anderson,student645@univ.edu,Male,25,Physics,98.96,43.08,94.59,68.14,82.38,41.5,81.26,76.4895,B,12.0,No,No,High School,Medium,10
S1646,Emma,Williams,student646@univ.edu,Male,22,Business,53.67,76.49,98.58,59.59,63.21,17.8,76.95,79.7635,B,32.4,Yes,Yes,High School,Medium,4
S1647,Omar,Miller,student647@univ.edu,Female,21,Mathematics,64.2,78.52,53.63,81.59,60.62,76.1,61.46,65.025,C,13.9,Yes,No,None,High,9
S1648,Lucas,Davis,student648@univ.edu,Male,19,Mathematics,62.15,79.92,51.57,94.38,56.55,76.2,89.32,70.071,C,24.4,No,Yes,None,Low,9
S1649,David,Anderson,student649@univ.edu,Male,25,CS,62.43,62.31,80.6,82.31,62.1,99.6,90.25,75.871,B,28.6,No,No,High School,Medium,10
S1650,Zainab,Williams,student650@univ.edu,Female,22,Business,68.94,88.36,64.88,90.65,57.89,78.1,74.15,73.7835,C,5.7,No,No,None,High,5
S1651,Lucas,Jones,student651@univ.edu,Male,19,Physics,90.91,72.02,41.45,76.08,80.85,14.5,69.46,62.87,D,6.0,No,No,Master's,High,6
S1652,Lucas,Miller,student652@univ.edu,Male,24,Data Science,95.64,46.33,60.81,85.9,79.94,32.3,62.31,64.772,D,15.0,Yes,No,PhD,High,7
S1653,Lucas,Anderson,student653@univ.edu,Male,21,Business,60.11,87.83,88.4,94.81,79.31,45.2,87.71,87.7805,A,25.9,No,No,PhD,Low,9
S1654,Hassan,Williams,student654@univ.edu,Female,22,Business,77.15,97.18,87.85,88.66,82.09,12.7,81.97,88.0915,A,12.8,Yes,No,Master's,Medium,7
S1655,Maria,Miller,student655@univ.edu,Female,18,Mathematics,81.84,43.6,69.68,95.49,90.74,78.8,60.33,70.092,C,5.0,Yes,Yes,PhD,Low,1
S1656,Ahmed,Davis,student656@univ.edu,Male,18,CS,76.09,63.48,68.35,71.56,95.68,52.7,89.72,75.1625,B,13.6,No,Yes,PhD,High,9
S1657,Sophia,Williams,student657@univ.edu,Male,24,CS,71.7,69.25,74.77,95.21,61.52,94.4,94.11,77.6455,B,7.7,Yes,Yes,PhD,Low,6
S1658,Emma,Williams,student658@univ.edu,Female,19,Business,59.6,48.79,53.16,81.08,79.39,58.9,52.96,60.3785,D,11.6,No,Yes,Bachelor's,High,2
S1659,John,Williams,student659@univ.edu,Male,23,Business,74.41,92.06,71.56,93.5,53.92,52.3,88.62,78.864,B,15.0,Yes,No,Master's,High,10
S1660,Lucas,Khan,student660@univ.edu,Male,18,Engineering,70.06,57.05,40.66,51.97,56.01,7.1,92.64,55.734,D,8.8,Yes,Yes,None,Medium,9
S1661,Liam,Taylor,student661@univ.edu,Female,25,Physics,89.78,86.98,68.53,82.89,82.72,14.9,99.58,81.16,B,26.2,No,No,High School,High,1
S1662,Maria,Khan,student662@univ.edu,Female,18,Mathematics,88.18,80.26,60.16,92.4,74.33,85.0,61.88,71.3995,C,12.7,Yes,No,Master's,Low,5
S1663,Zainab,Jones,student663@univ.edu,Female,18,Physics,56.7,75.88,80.49,58.71,87.92,99.1,68.55,75.6245,B,24.8,Yes,Yes,Master's,Low,9
S1664,Fatima,Davis,student664@univ.edu,Male,21,Data Science,54.43,51.53,78.3,83.09,71.28,41.5,98.31,75.613,B,23.0,No,No,Bachelor's,High,1
S1665,Zainab,Khan,student665@univ.edu,Male,18,Data Science,95.41,53.24,62.85,91.25,56.38,81.0,54.7,62.995,D,31.9,Yes,Yes,Bachelor's,Medium,2
S1666,David,Anderson,student666@univ.edu,Male,20,CS,76.78,42.84,40.44,64.4,93.6,62.8,76.19,57.8505,D,7.6,Yes,Yes,PhD,Low,7
S1667,John,Ahmed,student667@univ.edu,Male,22,Mathematics,92.89,54.44,55.14,70.26,54.14,95.9,75.34,60.148,D,11.4,No,No,Bachelor's,Medium,10
S1668,Sophia,Taylor,student668@univ.edu,Female,24,Physics,52.91,60.73,78.0,78.48,59.45,23.8,80.33,72.185,C,31.0,Yes,Yes,None,Medium,2
S1669,Liam,Johnson,student669@univ.edu,Male,18,CS,76.33,89.99,44.34,75.96,63.85,54.5,66.54,64.4695,D,29.7,No,Yes,None,Medium,9
S1670,Zainab,Ahmed,student670@univ.edu,Male,23,Data Science,76.97,61.98,46.46,51.96,99.76,40.9,96.3,65.86,C,10.8,No,No,PhD,Medium,9
S1671,Sophia,Taylor,student671@univ.edu,Female,25,Business,93.04,85.28,78.82,54.93,70.84,54.2,63.5,73.0335,C,8.2,No,Yes,Bachelor's,High,10
S1672,John,Wilson,student672@univ.edu,Female,23,Mathematics,54.88,66.37,85.35,55.02,75.09,26.9,82.48,75.035,B,30.7,Yes,No,PhD,High,8
S1673,Lucas,Wilson,student673@univ.edu,Male,18,Mathematics,62.02,87.09,59.29,63.11,88.48,49.8,74.8,72.128,C,10.3,No,No,High School,High,2
S1674,Liam,Williams,student674@univ.edu,Female,18,Physics,70.33,98.58,69.38,62.29,81.82,62.5,63.33,75.115,B,31.1,Yes,Yes,Bachelor's,Medium,10
S1675,Sophia,Taylor,student675@univ.edu,Female,20,Engineering,93.29,54.39,96.74,87.11,92.07,8.1,59.44,80.53,B,33.8,Yes,No,Bachelor's,Low,3
S1676,David,Johnson,student676@univ.edu,Male,18,Physics,96.94,91.74,96.73,78.64,74.32,74.3,97.83,89.822,A,11.6,Yes,No,Bachelor's,Low,3
S1677,Ahmed,Taylor,student677@univ.edu,Male,18,Business,99.64,77.31,58.45,88.2,98.61,70.7,78.06,75.65,B,30.2,No,Yes,Bachelor's,High,8
S1678,Omar,Jones,student678@univ.edu,Male,22,Business,97.96,89.04,88.6,53.49,89.84,88.0,80.21,82.349,B,17.7,No,No,None,Low,8
S1679,Ahmed,Ahmed,student679@univ.edu,Male,23,CS,50.3,79.1,75.64,74.26,70.07,42.6,89.14,77.3145,B,28.7,Yes,Yes,PhD,High,6
S1680,John,Jones,student680@univ.edu,Female,20,Mathematics,52.39,65.44,98.53,66.19,69.06,6.2,54.06,75.97,B,17.2,No,No,None,Medium,7
S1681,Maria,Johnson,student681@univ.edu,Female,23,CS,57.38,53.68,68.66,92.5,96.47,46.1,85.69,75.966,B,7.1,No,Yes,PhD,High,1
S1682,Omar,Taylor,student682@univ.edu,Male,20,Business,67.44,44.2,86.48,85.39,84.22,13.8,58.26,73.2885,C,26.4,Yes,Yes,High School,Low,8
S1683,Emma,Miller,student683@univ.edu,Male,23,Engineering,91.5,72.13,86.09,93.46,81.07,64.7,87.02,83.79,B,9.5,No,No,Bachelor's,High,7
S1684,David,Jones,student684@univ.edu,Female,18,Mathematics,94.63,99.42,69.85,52.32,87.89,4.7,57.07,73.9235,C,32.8,No,No,Master's,High,5
S1685,Emma,Jones,student685@univ.edu,Male,23,Business,59.34,84.28,87.74,86.04,78.04,37.4,91.62,85.92,A,17.5,Yes,Yes,None,Low,5
S1686,Hassan,Brown,student686@univ.edu,Male,23,Engineering,80.98,59.64,55.66,77.0,57.96,8.3,84.05,64.2605,D,7.5,Yes,Yes,Master's,High,2
S1687,Liam,Taylor,student687@univ.edu,Male,20,Physics,95.87,89.63,47.34,91.25,65.96,0.3,69.29,68.47,C,11.9,Yes,Yes,High School,High,1
S1688,Ali,Jones,student688@univ.edu,Male,24,Data Science,73.19,86.14,65.51,75.36,77.9,96.1,67.94,73.3365,C,30.9,No,Yes,Master's,Low,9
S1689,Omar,Khan,student689@univ.edu,Female,19,Business,55.18,56.9,96.62,77.01,50.91,99.6,57.45,73.0025,C,14.6,No,No,High School,High,10
S1690,Emma,Davis,student690@univ.edu,Male,20,Data Science,72.89,40.86,70.04,52.59,71.87,55.6,95.2,65.635,C,30.7,Yes,No,None,Medium,3
S1691,Zainab,Taylor,student691@univ.edu,Female,20,CS,68.79,47.09,78.12,83.43,87.79,23.9,55.93,70.8325,C,10.2,No,Yes,High School,High,5
S1692,Emma,Wilson,student692@univ.edu,Male,20,Data Science,78.88,92.64,77.45,63.66,58.21,91.1,73.6,74.956,C,19.0,No,No,None,Low,8
S1693,Sophia,Brown,student693@univ.edu,Male,21,Business,71.93,90.19,47.95,50.98,53.23,92.3,61.83,59.7265,D,31.3,No,No,None,Medium,7
S1694,Ahmed,Jones,student694@univ.edu,Female,24,Data Science,50.87,57.71,63.42,53.32,91.8,85.5,99.82,70.48,C,6.5,No,Yes,Master's,Medium,7
S1695,Sophia,Brown,student695@univ.edu,Male,21,Mathematics,99.7,57.11,82.42,97.86,80.86,54.4,79.29,78.9705,B,14.1,No,Yes,PhD,Low,10
S1696,Hassan,Wilson,student696@univ.edu,Female,21,Business,77.18,87.57,98.32,67.3,58.83,7.5,57.48,79.4675,B,32.3,No,Yes,PhD,Low,10
S1697,Omar,Johnson,student697@univ.edu,Male,20,Engineering,73.68,96.26,50.08,93.4,90.32,8.8,83.38,76.845,B,22.9,Yes,No,PhD,High,10
S1698,Omar,Johnson,student698@univ.edu,Male,19,Data Science,97.73,86.75,64.63,97.98,82.91,89.7,99.58,82.041,B,26.5,Yes,No,Bachelor's,Medium,4
S1699,Hassan,Ahmed,student699@univ.edu,Male,20,Mathematics,57.79,76.33,45.71,97.16,66.71,87.6,80.25,67.8825,C,30.3,Yes,No,Master's,Medium,10
S1700,John,Taylor,student700@univ.edu,Male,18,CS,59.46,54.56,54.54,94.09,68.81,43.4,72.87,65.3665,C,20.7,No,Yes,High School,Medium,4
S1701,Sophia,Wilson,student701@univ.edu,Male,19,CS,90.4,71.54,62.61,94.74,57.79,32.8,64.66,68.8,C,30.4,No,No,PhD,Low,10
S1702,Sara,Smith,student702@univ.edu,Female,21,Data Science,63.04,54.01,72.44,64.45,91.76,64.4,54.61,67.779,C,24.2,Yes,No,Master's,High,6
S1703,Zainab,Ahmed,student703@univ.edu,Female,25,CS,89.96,88.48,53.83,57.57,75.45,80.7,61.41,65.701,C,25.6,No,Yes,Bachelor's,Low,10
S1704,Fatima,Smith,student704@univ.edu,Male,23,Engineering,63.58,63.22,53.65,81.96,77.85,73.2,77.68,67.045,C,9.6,No,Yes,Master's,Medium,4
S1705,Ahmed,Taylor,student705@univ.edu,Male,23,Business,51.66,90.02,86.67,74.41,94.17,61.6,87.69,86.779,A,33.2,No,No,High School,High,7
S1706,Omar,Williams,student706@univ.edu,Female,24,Mathematics,75.85,62.9,97.76,54.94,50.79,23.2,93.9,76.7405,B,28.9,No,No,PhD,High,2
S1707,John,Brown,student707@univ.edu,Female,25,Physics,59.83,89.45,59.42,83.88,53.35,26.3,89.69,72.725,C,12.6,Yes,No,High School,Low,7
S1708,Ali,Brown,student708@univ.edu,Male,22,Data Science,87.89,60.0,81.28,78.14,58.08,72.4,56.27,69.3215,C,22.4,No,No,Bachelor's,Medium,3
S1709,Zainab,Johnson,student709@univ.edu,Male,24,CS,82.06,66.41,55.48,93.15,51.5,80.3,88.67,67.698,C,16.3,No,Yes,High School,Medium,8
S1710,Sophia,Smith,student710@univ.edu,Female,19,Business,96.18,76.93,95.68,80.46,82.91,11.6,79.08,85.2415,A,24.8,No,No,Bachelor's,Medium,5
S1711,Ahmed,Khan,student711@univ.edu,Male,21,Physics,89.15,44.22,80.37,78.7,81.69,18.7,73.46,72.051,C,34.8,No,Yes,High School,High,9
S1712,Ali,Anderson,student712@univ.edu,Female,19,Engineering,59.04,96.89,88.16,72.04,60.54,68.0,78.64,81.917,B,6.4,No,Yes,Bachelor's,Medium,4
S1713,Sophia,Jones,student713@univ.edu,Male,19,CS,90.01,74.42,42.96,73.14,57.47,38.9,50.4,57.0715,D,33.6,Yes,Yes,Master's,Low,5
S1714,Emma,Jones,student714@univ.edu,Female,23,CS,82.09,70.47,75.91,97.72,57.28,56.3,53.39,71.921,C,7.2,No,No,Master's,High,1
S1715,Ali,Jones,student715@univ.edu,Female,20,Mathematics,83.45,90.36,71.66,56.92,97.66,61.5,76.29,77.7835,B,18.8,Yes,Yes,Master's,Low,3
S1716,Hassan,Johnson,student716@univ.edu,Male,18,Engineering,91.61,91.95,57.58,72.31,84.68,77.6,58.68,70.8935,C,19.5,Yes,No,Master's,High,4
S1717,John,Wilson,student717@univ.edu,Female,22,Engineering,78.69,71.34,55.75,82.79,79.27,80.6,77.28,69.6815,C,13.1,No,No,High School,Low,9
S1718,Ahmed,Khan,student718@univ.edu,Male,21,Data Science,73.3,95.64,74.8,71.65,66.12,28.0,67.71,76.13,B,22.0,No,No,None,Medium,8
S1719,Lucas,Miller,student719@univ.edu,Male,19,Physics,81.83,43.88,82.39,64.16,71.65,54.1,95.37,72.2895,C,30.0,No,No,Bachelor's,High,2
S1720,Liam,Smith,student720@univ.edu,Male,22,Mathematics,64.9,46.79,41.99,64.37,54.47,12.4,97.48,56.5025,D,13.8,Yes,No,Bachelor's,Low,6
S1721,Liam,Khan,student721@univ.edu,Male,19,Data Science,59.13,75.81,74.04,61.68,99.91,84.2,98.99,80.163,B,7.1,No,Yes,None,High,4
S1722,Ahmed,Ahmed,student722@univ.edu,Female,25,Mathematics,80.83,61.24,50.23,67.2,87.75,84.5,94.95,67.3135,C,24.0,Yes,No,Bachelor's,High,5
S1723,Ali,Smith,student723@univ.edu,Male,23,Engineering,61.69,67.85,48.42,93.58,81.07,30.0,99.29,71.608,C,27.6,Yes,No,Bachelor's,Medium,10
S1724,Sophia,Khan,student724@univ.edu,Male,18,Mathematics,54.0,59.68,77.39,75.26,79.39,16.1,85.31,75.0165,B,33.6,No,No,Master's,High,9
S1725,John,Anderson,student725@univ.edu,Male,23,Mathematics,50.03,64.28,58.65,62.01,75.22,7.0,98.03,68.6725,C,9.8,No,No,Bachelor's,Low,4
S1726,Fatima,Khan,student726@univ.edu,Male,22,Mathematics,80.42,89.36,66.45,69.23,62.87,57.5,82.09,73.258,C,32.0,No,Yes,Bachelor's,High,5
S1727,Liam,Khan,student727@univ.edu,Female,21,Business,68.11,75.61,61.6,55.29,61.32,9.1,90.46,67.7425,C,19.5,No,No,PhD,Low,7
S1728,John,Khan,student728@univ.edu,Male,19,Business,87.62,99.84,78.9,95.2,77.48,68.1,56.6,81.975,B,12.1,Yes,Yes,Bachelor's,Medium,7
S1729,Liam,Brown,student729@univ.edu,Female,18,Physics,68.76,87.21,68.21,70.41,53.51,67.8,84.13,72.523,C,33.9,Yes,No,None,High,6
S1730,Emma,Williams,student730@univ.edu,Female,25,Physics,74.3,56.42,97.81,99.02,53.72,61.4,96.56,82.9125,B,12.2,Yes,Yes,Bachelor's,Low,3
S1731,Sophia,Taylor,student731@univ.edu,Female,23,Engineering,70.35,55.86,61.14,67.38,78.04,87.7,77.0,65.934,C,27.0,Yes,Yes,None,High,1
S1732,Emma,Ahmed,student732@univ.edu,Male,25,Mathematics,82.53,60.15,84.42,91.82,95.99,37.8,59.34,78.6495,B,28.5,Yes,Yes,Bachelor's,High,9
S1733,Zainab,Ahmed,student733@univ.edu,Male,22,Engineering,67.81,90.6,55.44,62.82,95.71,90.2,76.34,72.7545,C,17.9,No,No,None,Medium,6
S1734,Liam,Brown,student734@univ.edu,Male,23,Business,98.19,41.64,70.53,53.81,50.54,3.7,85.35,61.4685,D,25.7,Yes,Yes,Bachelor's,High,3
S1735,Lucas,Wilson,student735@univ.edu,Male,19,Mathematics,96.81,53.81,73.15,51.59,55.37,11.3,88.49,65.682,C,22.2,No,No,Bachelor's,High,1
S1736,Lucas,Taylor,student736@univ.edu,Female,19,Data Science,92.4,94.3,59.75,80.31,79.15,41.2,76.19,75.12,B,10.8,Yes,Yes,PhD,Medium,6
S1737,Emma,Smith,student737@univ.edu,Female,25,Business,96.02,78.39,68.31,65.58,92.42,59.4,60.87,72.417,C,27.8,Yes,No,PhD,High,3
S1738,Hassan,Wilson,student738@univ.edu,Male,21,Business,72.46,53.61,56.76,72.18,97.72,3.2,96.33,70.5225,C,32.8,Yes,Yes,Bachelor's,Medium,1
S1739,Lucas,Taylor,student739@univ.edu,Male,18,Business,76.82,53.15,40.36,90.93,93.03,56.7,88.68,65.652,C,19.7,No,No,PhD,High,5
S1740,Liam,Anderson,student740@univ.edu,Male,20,Mathematics,87.1,91.76,52.94,62.41,83.88,30.7,63.53,68.354,C,34.8,Yes,Yes,High School,Low,1
S1741,Ahmed,Anderson,student741@univ.edu,Male,23,Physics,84.81,93.63,82.0,65.43,60.03,88.7,90.59,79.8335,B,17.8,Yes,Yes,High School,Low,3
S1742,Emma,Davis,student742@univ.edu,Male,19,CS,94.53,55.37,86.26,92.27,53.63,53.3,67.39,73.2585,C,19.4,Yes,Yes,Master's,Low,3
S1743,Zainab,Miller,student743@univ.edu,Male,22,Data Science,85.82,65.23,56.81,74.64,52.38,58.8,65.62,61.8255,D,25.2,Yes,No,Master's,Medium,6
S1744,Fatima,Anderson,student744@univ.edu,Male,23,Data Science,99.89,90.08,64.48,91.38,80.6,94.6,93.15,80.3535,B,10.6,Yes,Yes,High School,Medium,4
S1745,Fatima,Smith,student745@univ.edu,Female,21,Engineering,67.43,86.26,42.24,68.72,51.81,76.4,93.66,64.1645,D,32.1,Yes,Yes,Master's,Medium,8
S1746,Maria,Williams,student746@univ.edu,Female,21,Mathematics,91.65,88.83,54.22,69.92,86.96,43.8,69.92,70.763,C,29.0,Yes,No,Bachelor's,Medium,3
S1747,Ali,Jones,student747@univ.edu,Female,19,Physics,84.88,71.1,86.75,58.36,85.62,47.7,50.45,73.747,C,31.2,Yes,No,Bachelor's,Medium,8
S1748,Sophia,Davis,student748@univ.edu,Female,19,Business,84.57,94.69,76.36,95.82,53.98,64.8,59.33,77.0335,B,23.3,Yes,No,Master's,Medium,7
S1749,Lucas,Jones,student749@univ.edu,Male,25,CS,66.29,59.56,52.35,94.84,95.33,20.0,95.46,73.079,C,31.5,Yes,Yes,High School,High,2
S1750,Lucas,Ahmed,student750@univ.edu,Male,19,Mathematics,89.28,49.4,55.45,99.21,76.1,8.9,94.94,69.825,C,25.4,No,Yes,None,Low,8
S1751,Ali,Khan,student751@univ.edu,Male,25,Mathematics,95.02,82.52,89.01,70.12,95.22,31.1,72.67,83.359,B,20.3,Yes,No,Bachelor's,Medium,1
S1752,Omar,Miller,student752@univ.edu,Male,24,Physics,60.93,72.36,52.55,90.93,95.08,77.8,65.21,70.5475,C,33.0,Yes,Yes,PhD,High,9
S1753,Zainab,Ahmed,student753@univ.edu,Male,20,CS,81.27,91.28,60.05,70.75,59.85,25.7,65.14,68.6345,C,18.2,No,No,None,High,7
S1754,Sara,Taylor,student754@univ.edu,Female,19,Business,69.61,44.87,79.86,72.71,69.03,13.1,94.86,72.415,C,20.0,Yes,Yes,PhD,Medium,6
S1755,Emma,Ahmed,student755@univ.edu,Male,23,Mathematics,99.48,90.62,73.67,91.5,56.73,21.9,66.24,76.079,B,10.1,Yes,No,Bachelor's,Low,8
S1756,Hassan,Johnson,student756@univ.edu,Female,23,Data Science,73.94,57.6,67.65,58.87,88.75,67.9,75.58,68.6775,C,33.4,No,No,Master's,Medium,9
S1757,Zainab,Anderson,student757@univ.edu,Male,25,Data Science,61.42,79.29,93.98,61.02,75.21,61.4,86.55,82.168,B,11.6,No,Yes,PhD,Low,8
S1758,David,Williams,student758@univ.edu,Female,24,CS,69.09,42.41,53.18,65.74,96.44,68.8,60.47,60.4925,D,11.0,No,No,High School,Low,6
S1759,Lucas,Miller,student759@univ.edu,Male,24,Business,82.69,76.57,84.49,89.41,60.41,32.2,62.69,76.762,B,8.0,No,No,PhD,Medium,4
S1760,Sophia,Jones,student760@univ.edu,Female,18,CS,53.8,83.04,49.54,68.63,84.42,90.1,67.9,67.0895,C,18.6,No,No,High School,Low,9
S1761,Maria,Davis,student761@univ.edu,Male,22,Mathematics,80.18,62.13,76.94,67.91,99.46,45.2,82.71,76.867,B,13.2,Yes,No,None,Low,8
S1762,Fatima,Anderson,student762@univ.edu,Male,19,Data Science,96.56,52.92,92.24,99.94,83.27,51.4,90.87,83.98,B,27.2,Yes,No,None,Low,8
S1763,Lucas,Smith,student763@univ.edu,Male,25,Engineering,92.52,72.26,67.47,69.19,53.44,94.9,77.34,68.062,C,14.2,Yes,No,Master's,Medium,3
S1764,Maria,Anderson,student764@univ.edu,Male,23,CS,53.38,89.99,83.46,62.39,79.42,97.9,56.65,76.978,B,26.6,Yes,Yes,High School,Low,10
S1765,Liam,Davis,student765@univ.edu,Female,24,Engineering,99.67,59.41,89.22,81.16,58.99,66.2,72.31,74.978,C,10.9,Yes,Yes,Master's,Low,9
S1766,Zainab,Davis,student766@univ.edu,Male,23,Engineering,84.94,55.15,48.16,90.09,51.53,94.5,56.38,57.586,D,11.9,No,Yes,PhD,High,7
S1767,Liam,Johnson,student767@univ.edu,Female,23,Physics,58.11,56.74,82.35,53.48,66.75,54.2,54.41,66.3665,C,29.2,Yes,Yes,Master's,Medium,1
S1768,Sara,Anderson,student768@univ.edu,Male,24,Data Science,50.62,96.95,95.19,80.94,63.31,30.7,79.48,86.266,A,16.1,Yes,Yes,PhD,Low,2
S1769,Ahmed,Ahmed,student769@univ.edu,Female,20,CS,58.56,61.56,74.58,51.79,89.44,31.5,97.81,74.271,C,8.4,No,No,None,Medium,2
S1770,David,Anderson,student770@univ.edu,Male,24,Engineering,91.91,40.22,51.17,76.32,68.68,55.9,91.88,61.4855,D,33.8,Yes,No,Master's,Medium,1
S1771,Zainab,Khan,student771@univ.edu,Male,24,Mathematics,51.08,86.9,47.62,62.85,86.65,60.5,88.72,69.78,C,10.3,No,No,None,High,1
S1772,Omar,Johnson,student772@univ.edu,Female,22,Physics,61.66,81.96,55.58,65.33,50.81,44.0,86.35,66.2185,C,9.5,Yes,No,PhD,High,4
S1773,Sara,Wilson,student773@univ.edu,Male,25,Business,87.87,47.71,46.21,73.35,50.74,88.4,94.86,58.558,D,15.8,Yes,No,High School,Low,7
S1774,John,Wilson,student774@univ.edu,Male,25,Physics,79.31,99.09,70.8,96.36,51.47,42.7,87.64,79.9185,B,7.9,No,Yes,Bachelor's,Low,6
S1775,Omar,Khan,student775@univ.edu,Female,24,Business,89.14,76.48,44.18,85.53,60.97,27.3,81.34,64.935,D,9.7,No,Yes,PhD,Low,7
S1776,Emma,Taylor,student776@univ.edu,Male,21,Data Science,87.31,70.05,53.4,96.84,68.7,0.8,68.23,67.7655,C,30.4,No,Yes,PhD,Medium,8
S1777,Sophia,Wilson,student777@univ.edu,Female,25,CS,52.53,62.93,66.39,83.0,80.39,97.1,55.05,68.5885,C,10.1,Yes,No,Bachelor's,High,8
S1778,Zainab,Khan,student778@univ.edu,Male,25,CS,94.63,93.92,68.43,50.36,99.3,82.4,73.05,76.141,B,8.3,Yes,No,Bachelor's,High,3
S1779,John,Brown,student779@univ.edu,Female,25,Business,61.35,54.64,73.92,63.28,67.72,61.6,96.24,70.886,C,31.4,No,No,None,Low,7
S1780,John,Ahmed,student780@univ.edu,Female,24,Mathematics,77.67,57.15,82.34,95.29,52.78,83.1,79.16,74.3335,C,18.3,No,Yes,PhD,High,6
S1781,Sara,Anderson,student781@univ.edu,Female,23,Business,82.21,47.34,42.83,82.17,59.75,81.0,59.23,54.631,F,9.7,No,Yes,PhD,Medium,8
S1782,Ali,Ahmed,student782@univ.edu,Female,19,Business,58.43,85.55,44.84,99.08,94.89,93.2,82.45,74.267,C,22.4,Yes,Yes,Master's,Low,3
S1783,Ahmed,Khan,student783@univ.edu,Male,23,CS,98.81,75.73,43.65,57.8,84.97,38.6,73.27,62.8295,D,6.2,Yes,Yes,Bachelor's,High,9
S1784,Zainab,Williams,student784@univ.edu,Male,22,Engineering,74.41,76.54,65.39,64.84,89.51,55.5,96.57,75.8325,B,17.8,No,Yes,High School,Low,5
S1785,Ali,Anderson,student785@univ.edu,Female,21,Mathematics,52.88,53.11,42.51,68.12,56.21,9.9,58.05,52.8575,F,22.7,Yes,Yes,PhD,Medium,2
S1786,Sara,Brown,student786@univ.edu,Male,24,CS,96.86,79.07,84.76,66.33,56.75,96.5,85.6,76.782,B,33.7,Yes,Yes,Master's,Medium,4
S1787,Emma,Brown,student787@univ.edu,Male,20,Physics,79.31,85.93,53.38,62.6,55.61,98.5,84.08,66.2125,C,14.8,No,No,High School,Low,7
S1788,Fatima,Ahmed,student788@univ.edu,Male,18,Business,84.96,61.47,96.35,72.17,92.86,78.9,99.18,85.648,A,28.0,Yes,Yes,None,Low,1
S1789,Lucas,Jones,student789@univ.edu,Female,24,Engineering,76.26,88.08,69.18,82.11,60.5,45.4,78.25,74.958,C,9.0,No,Yes,Master's,High,1
S1790,Lucas,Anderson,student790@univ.edu,Male,19,Mathematics,91.74,60.93,66.78,65.56,82.16,49.7,93.58,71.754,C,18.0,No,Yes,High School,Medium,9
S1791,Ahmed,Miller,student791@univ.edu,Male,18,Data Science,51.66,85.49,86.83,53.98,75.81,43.5,51.24,74.643,C,11.7,No,No,PhD,Medium,3
S1792,Emma,Brown,student792@univ.edu,Female,20,Mathematics,63.42,42.02,82.79,85.43,77.22,29.3,56.14,70.199,C,19.8,No,No,Master's,Low,1
S1793,Hassan,Williams,student793@univ.edu,Male,22,Mathematics,73.48,73.07,76.44,72.95,59.77,52.8,67.3,71.371,C,17.5,Yes,No,Bachelor's,High,7
S1794,Ahmed,Johnson,student794@univ.edu,Female,22,Business,53.83,98.17,96.11,77.82,81.76,5.3,80.97,89.355,A,34.4,Yes,Yes,High School,Low,7
S1795,Zainab,Taylor,student795@univ.edu,Female,20,Business,85.3,98.87,65.34,72.77,52.16,99.2,72.45,72.25,C,32.5,Yes,Yes,PhD,Low,2
S1796,Zainab,Jones,student796@univ.edu,Female,23,Data Science,69.68,56.91,88.51,94.52,99.67,42.4,60.13,80.5085,B,22.5,No,No,Master's,Low,8
S1797,Maria,Johnson,student797@univ.edu,Male,20,Data Science,63.63,66.48,62.81,77.94,51.34,92.7,79.46,66.5905,C,10.3,No,Yes,High School,Medium,3
S1798,Ali,Jones,student798@univ.edu,Male,25,Data Science,50.17,43.78,90.3,96.16,52.51,72.4,78.33,74.411,C,21.7,Yes,Yes,None,Low,3
S1799,Hassan,Williams,student799@univ.edu,Female,25,CS,85.99,92.4,55.57,75.53,66.23,29.0,76.22,70.6265,C,28.8,No,No,None,Low,5
S1800,Lucas,Ahmed,student800@univ.edu,Female,24,CS,91.69,74.11,57.36,64.63,91.58,22.2,54.53,66.509,C,6.1,No,Yes,Bachelor's,High,2
S1801,John,Davis,student801@univ.edu,Female,19,Business,69.75,63.11,80.67,67.77,62.86,99.6,96.35,74.9035,C,18.0,No,No,Master's,Low,4
S1802,Ali,Anderson,student802@univ.edu,Female,25,Business,78.21,46.77,52.76,76.11,73.6,77.2,79.61,62.218,D,6.3,No,Yes,Master's,High,2
S1803,David,Khan,student803@univ.edu,Female,21,Data Science,61.38,96.81,53.75,76.5,50.9,25.0,63.2,66.7645,C,12.3,Yes,Yes,Bachelor's,Low,9
S1804,Zainab,Smith,student804@univ.edu,Female,24,CS,81.11,71.81,58.32,84.37,53.94,6.7,84.37,68.176,C,7.8,No,Yes,Master's,Medium,6
S1805,Sophia,Miller,student805@univ.edu,Male,24,Engineering,50.61,56.98,80.74,61.22,80.4,69.7,65.9,70.783,C,33.8,No,Yes,None,Low,1
S1806,Emma,Johnson,student806@univ.edu,Female,24,CS,74.43,61.01,93.36,82.94,59.72,30.3,75.29,77.5705,B,10.1,No,Yes,None,Medium,9
S1807,Omar,Anderson,student807@univ.edu,Female,18,Business,82.21,56.24,80.47,88.93,84.71,22.1,67.06,75.5175,B,9.5,No,No,Bachelor's,Low,8
S1808,Ahmed,Miller,student808@univ.edu,Female,18,CS,95.91,76.11,89.67,83.83,89.27,73.5,94.02,86.6745,A,34.2,No,No,PhD,Medium,2
S1809,Zainab,Davis,student809@univ.edu,Male,22,Business,69.07,95.8,72.61,74.09,92.52,67.9,99.7,84.52,B,20.5,No,Yes,Bachelor's,Medium,3
S1810,Ali,Smith,student810@univ.edu,Male,24,Data Science,88.26,91.4,44.14,99.58,56.69,48.1,58.06,65.8785,C,27.7,No,Yes,None,Low,7
S1811,Hassan,Miller,student811@univ.edu,Male,23,Data Science,79.88,67.62,46.03,70.24,72.78,94.3,51.18,58.7645,D,14.8,Yes,No,Bachelor's,High,4
S1812,Sophia,Miller,student812@univ.edu,Male,25,Data Science,96.35,89.59,73.26,55.33,97.35,68.0,60.97,75.6065,B,21.0,No,Yes,None,Medium,8
S1813,Ali,Johnson,student813@univ.edu,Female,22,Engineering,69.92,65.39,59.67,91.08,88.6,89.3,79.5,72.8395,C,5.2,No,Yes,PhD,Medium,1
S1814,Omar,Wilson,student814@univ.edu,Male,19,Engineering,65.95,55.14,53.23,60.61,55.85,19.1,58.7,55.9325,D,17.3,Yes,No,None,Low,10
S1815,Sophia,Smith,student815@univ.edu,Female,20,Business,94.36,99.0,67.98,85.66,75.13,29.7,90.57,81.297,B,21.7,No,Yes,Master's,High,4
S1816,David,Anderson,student816@univ.edu,Female,18,Mathematics,52.46,58.23,79.99,58.95,96.12,10.5,70.43,73.4675,C,20.4,No,Yes,High School,Medium,1
S1817,Omar,Davis,student817@univ.edu,Female,24,Physics,56.82,59.42,63.1,50.84,72.0,30.5,80.53,64.4745,D,17.2,No,No,PhD,Low,7
S1818,Sara,Smith,student818@univ.edu,Female,19,Engineering,54.12,99.38,88.15,57.99,91.87,97.2,72.78,84.1245,B,28.6,Yes,Yes,High School,Medium,9
S1819,Liam,Ahmed,student819@univ.edu,Female,22,Business,92.16,48.04,84.31,68.85,74.79,96.3,95.17,74.938,C,20.0,Yes,Yes,PhD,Low,1
S1820,Sara,Williams,student820@univ.edu,Female,22,CS,50.53,85.63,84.09,55.33,55.34,76.0,51.76,70.922,C,24.1,No,Yes,PhD,Low,8
S1821,Lucas,Ahmed,student821@univ.edu,Male,18,Data Science,93.08,96.15,99.11,59.88,57.39,52.1,86.47,84.4795,B,10.5,No,No,PhD,High,10
S1822,Ali,Wilson,student822@univ.edu,Male,22,Data Science,72.56,70.71,57.71,88.23,52.33,78.1,82.61,67.816,C,30.8,Yes,No,PhD,Low,6
S1823,Zainab,Williams,student823@univ.edu,Male,23,Data Science,50.2,40.15,78.68,88.49,59.77,55.3,82.48,70.179,C,15.9,No,Yes,None,High,6
S1824,Zainab,Davis,student824@univ.edu,Male,22,Business,70.08,62.5,91.33,90.87,94.68,0.4,70.7,82.903,B,19.5,No,No,Master's,Low,8
S1825,Zainab,Johnson,student825@univ.edu,Male,21,Data Science,59.34,46.69,74.77,92.06,82.51,50.2,50.78,69.31,C,15.6,No,Yes,None,Low,1
S1826,Liam,Johnson,student826@univ.edu,Female,25,Engineering,81.22,64.97,87.37,71.02,86.94,59.9,84.46,79.9365,B,31.8,Yes,No,None,Medium,9
S1827,Sara,Davis,student827@univ.edu,Male,20,CS,83.97,87.4,64.87,93.38,81.08,26.6,91.47,80.074,B,32.0,Yes,Yes,Master's,High,6
S1828,Liam,Jones,student828@univ.edu,Male,22,Data Science,74.38,66.32,75.43,76.3,69.33,20.3,54.26,69.648,C,11.7,No,Yes,PhD,Medium,3
S1829,Fatima,Davis,student829@univ.edu,Male,25,Business,52.03,65.92,43.34,73.53,60.84,27.4,72.08,59.3205,D,27.6,No,No,Master's,High,1
S1830,Ali,Ahmed,student830@univ.edu,Female,25,CS,82.81,73.41,99.15,85.93,96.28,62.4,58.13,85.4355,A,8.1,Yes,Yes,High School,High,4
S1831,Liam,Wilson,student831@univ.edu,Female,21,Data Science,92.1,74.9,88.0,60.69,75.74,14.6,80.55,78.327,B,5.9,No,Yes,Master's,Medium,5
S1832,John,Brown,student832@univ.edu,Female,19,Mathematics,86.02,91.38,92.13,89.47,74.05,72.0,89.28,88.4415,A,30.1,No,Yes,None,High,4
S1833,Ahmed,Johnson,student833@univ.edu,Male,22,Data Science,91.5,58.5,81.66,71.47,99.81,42.3,83.34,78.474,B,8.9,Yes,No,PhD,High,7
S1834,Ahmed,Taylor,student834@univ.edu,Male,23,Physics,60.03,89.3,51.16,56.36,69.2,35.3,65.9,64.485,D,9.6,Yes,No,None,Medium,6
S1835,John,Wilson,student835@univ.edu,Male,19,Engineering,94.44,73.96,41.86,55.97,92.71,80.7,56.99,60.2935,D,23.2,No,Yes,High School,High,10
S1836,Sophia,Khan,student836@univ.edu,Male,25,CS,66.11,58.03,91.88,58.25,93.12,50.6,89.71,79.926,B,29.5,No,No,PhD,Medium,5
S1837,Maria,Wilson,student837@univ.edu,Male,25,Engineering,50.67,57.71,63.78,94.53,61.63,37.8,66.2,67.219,C,10.7,No,Yes,Bachelor's,Low,3
S1838,Sophia,Wilson,student838@univ.edu,Female,24,Mathematics,92.17,61.67,55.83,99.55,54.74,87.8,51.11,62.6845,D,8.4,No,Yes,None,Medium,9
S1839,Omar,Miller,student839@univ.edu,Male,22,Mathematics,97.09,77.36,73.7,67.85,98.78,36.8,78.57,78.047,B,7.3,Yes,Yes,None,High,3
S1840,Hassan,Wilson,student840@univ.edu,Female,18,Physics,82.78,53.85,65.25,64.61,71.29,85.9,62.33,63.342,D,5.7,No,Yes,Master's,Low,3
S1841,Omar,Johnson,student841@univ.edu,Male,21,Engineering,61.57,95.22,79.1,60.94,50.11,50.4,92.06,77.1955,B,8.5,No,Yes,PhD,Low,3
S1842,Liam,Brown,student842@univ.edu,Female,21,CS,62.59,74.49,69.03,91.19,74.95,20.8,57.16,72.5535,C,33.3,No,Yes,None,Low,8
S1843,Sara,Brown,student843@univ.edu,Female,18,Mathematics,73.33,95.2,81.83,60.46,80.97,61.3,71.74,79.656,B,7.9,No,No,High School,Medium,2
S1844,Sara,Wilson,student844@univ.edu,Female,20,Mathematics,94.89,42.78,91.21,96.2,88.8,28.5,62.66,77.6285,B,22.9,Yes,No,PhD,Medium,4
S1845,Ahmed,Khan,student845@univ.edu,Female,25,Data Science,57.48,60.56,51.73,83.37,97.15,14.7,84.48,69.9675,C,32.6,No,Yes,PhD,Low,8
S1846,Emma,Williams,student846@univ.edu,Male,24,Physics,91.3,41.37,59.77,94.86,95.76,8.7,77.43,69.401,C,23.8,No,No,Master's,High,1
S1847,Sophia,Johnson,student847@univ.edu,Male,23,Business,64.57,56.34,66.21,77.7,97.01,24.2,89.55,74.0805,C,6.0,Yes,No,None,High,3
S1848,Fatima,Johnson,student848@univ.edu,Male,21,Mathematics,90.43,91.72,97.72,84.53,51.61,73.7,72.93,83.9065,B,22.9,Yes,Yes,None,Low,4
S1849,Ali,Khan,student849@univ.edu,Female,19,CS,96.01,42.2,61.92,80.97,85.59,83.8,50.24,62.632,D,32.1,No,Yes,Bachelor's,High,6
S1850,Lucas,Smith,student850@univ.edu,Male,25,CS,71.37,66.17,62.87,91.56,61.29,86.2,60.76,67.28,C,14.7,Yes,Yes,Bachelor's,High,2
S1851,David,Ahmed,student851@univ.edu,Male,23,Data Science,68.25,47.05,79.21,91.79,59.38,27.0,99.96,74.803,C,14.4,Yes,Yes,PhD,Medium,7
S1852,Sara,Khan,student852@univ.edu,Male,21,CS,90.11,65.01,65.15,79.49,90.02,66.1,70.27,71.7715,C,12.5,Yes,Yes,None,High,3
S1853,Ali,Khan,student853@univ.edu,Male,24,Data Science,76.47,90.33,97.07,81.63,70.86,23.0,81.01,87.0655,A,20.2,Yes,Yes,Master's,Medium,8
S1854,David,Anderson,student854@univ.edu,Female,20,Mathematics,84.22,77.38,93.67,96.09,95.83,62.3,95.25,91.336,A,12.1,No,No,None,Low,2
S1855,Ali,Jones,student855@univ.edu,Female,24,Mathematics,81.14,84.21,70.8,96.49,52.12,88.7,51.03,71.568,C,26.7,Yes,No,Master's,High,9
S1856,Liam,Khan,student856@univ.edu,Male,19,Mathematics,57.64,60.95,78.69,83.21,90.11,4.1,82.98,78.1765,B,24.3,Yes,No,Bachelor's,High,4
S1857,David,Jones,student857@univ.edu,Male,24,Mathematics,92.24,96.66,43.48,50.39,56.84,98.5,64.42,60.2975,D,17.0,No,No,High School,Medium,8
S1858,Lucas,Williams,student858@univ.edu,Male,23,Business,59.79,82.56,81.74,55.22,58.83,82.7,63.96,71.8225,C,26.7,Yes,Yes,None,Medium,4
S1859,Ali,Jones,student859@univ.edu,Female,25,Physics,96.61,65.31,82.43,92.9,73.87,76.2,61.24,76.114,B,8.0,No,Yes,Bachelor's,Low,6
S1860,John,Smith,student860@univ.edu,Female,19,Physics,62.53,65.59,61.55,54.24,69.78,69.1,91.14,66.9345,C,27.5,Yes,No,High School,Low,8
S1861,Lucas,Khan,student861@univ.edu,Female,25,Business,86.69,95.12,53.18,60.68,74.31,77.0,68.65,68.183,C,23.1,No,Yes,High School,High,5
S1862,David,Khan,student862@univ.edu,Male,18,Mathematics,64.23,74.58,94.9,61.53,97.0,99.5,53.36,79.9145,B,23.9,Yes,Yes,Bachelor's,Medium,6
S1863,Lucas,Davis,student863@univ.edu,Female,22,CS,65.89,82.38,65.6,80.01,82.87,77.0,54.84,72.094,C,6.9,No,Yes,Bachelor's,Medium,2
S1864,Ali,Jones,student864@univ.edu,Female,18,Data Science,65.5,65.02,79.22,78.83,64.52,35.2,57.43,70.848,C,23.5,Yes,Yes,Bachelor's,High,4
S1865,Maria,Johnson,student865@univ.edu,Female,23,Physics,87.39,53.42,42.0,64.47,58.65,61.4,94.95,58.0945,D,19.8,No,Yes,Master's,Medium,5
S1866,Ali,Khan,student866@univ.edu,Female,22,Engineering,77.84,83.41,64.84,60.38,71.0,33.7,71.37,69.7885,C,19.6,No,Yes,PhD,Medium,1
S1867,Ali,Ahmed,student867@univ.edu,Female,18,Data Science,94.15,76.47,89.04,88.23,72.58,97.0,95.8,84.9495,B,14.7,Yes,No,PhD,Medium,7
S1868,Liam,Davis,student868@univ.edu,Male,22,Engineering,65.37,70.08,63.25,96.77,80.06,90.0,90.87,76.3085,B,5.2,No,No,PhD,Medium,6
S1869,Sophia,Jones,student869@univ.edu,Male,21,Engineering,84.6,77.44,76.19,52.64,63.3,56.8,91.89,73.329,C,17.7,No,No,Master's,High,4
S1870,John,Johnson,student870@univ.edu,Male,24,Mathematics,87.65,52.5,52.59,56.66,88.38,78.1,64.34,60.3135,D,17.0,Yes,Yes,Bachelor's,Low,4
S1871,Fatima,Johnson,student871@univ.edu,Male,19,Engineering,57.57,87.64,64.99,82.11,54.92,91.0,63.57,70.3645,C,17.7,No,No,PhD,Low,3
S1872,Sara,Wilson,student872@univ.edu,Female,22,Mathematics,70.03,96.89,95.66,90.22,78.02,24.4,78.0,89.795,A,23.4,Yes,Yes,Master's,High,1
S1873,Omar,Brown,student873@univ.edu,Male,21,Business,74.14,93.47,73.99,89.56,81.18,57.9,70.9,80.8365,B,14.0,No,No,Master's,Low,6
S1874,Sophia,Williams,student874@univ.edu,Male,24,CS,67.78,59.29,94.12,85.98,60.34,48.2,75.45,78.0655,B,13.1,Yes,No,Bachelor's,Medium,5
S1875,Omar,Smith,student875@univ.edu,Male,24,Engineering,66.11,64.36,94.12,94.37,91.3,77.2,52.66,81.5635,B,19.9,Yes,No,High School,High,6
S1876,Liam,Miller,student876@univ.edu,Female,20,CS,84.32,88.5,96.65,60.87,80.77,37.9,98.58,87.5605,A,22.8,No,No,Master's,Low,10
S1877,John,Khan,student877@univ.edu,Male,25,Mathematics,60.79,75.71,93.72,55.36,82.29,70.9,52.91,76.528,B,22.0,Yes,No,None,Medium,1
S1878,Zainab,Anderson,student878@univ.edu,Female,18,Engineering,85.47,72.87,40.2,80.77,74.89,40.3,58.94,60.834,D,31.4,Yes,No,Master's,Low,2
S1879,Ali,Jones,student879@univ.edu,Female,20,Data Science,96.75,95.6,96.04,91.11,95.48,11.1,83.91,93.309,A,28.1,No,No,High School,High,7
S1880,Zainab,Jones,student880@univ.edu,Female,25,Business,78.26,72.16,48.25,79.1,84.7,10.7,57.78,64.5565,D,6.6,No,Yes,High School,Low,9
S1881,Zainab,Davis,student881@univ.edu,Male,25,Physics,80.57,70.9,42.4,98.15,69.09,11.9,55.34,62.407,D,21.9,Yes,Yes,None,Low,6
S1882,Hassan,Davis,student882@univ.edu,Female,23,Business,53.45,42.52,43.32,89.78,61.93,3.3,57.68,55.0745,D,17.5,Yes,Yes,PhD,Low,6
S1883,Ahmed,Anderson,student883@univ.edu,Male,21,Engineering,93.22,44.17,60.93,85.04,53.55,53.3,53.1,58.913,D,15.8,No,Yes,Master's,High,5
S1884,Zainab,Jones,student884@univ.edu,Male,20,Business,64.27,40.45,77.25,53.01,58.27,67.2,62.57,61.205,D,33.7,No,Yes,Bachelor's,Medium,5
S1885,Sara,Taylor,student885@univ.edu,Male,20,Physics,80.75,94.79,64.14,55.39,99.63,12.7,63.56,74.194,C,18.7,No,No,Bachelor's,High,6
S1886,Maria,Smith,student886@univ.edu,Female,25,Data Science,98.96,64.5,41.53,89.24,70.34,61.2,74.93,62.612,D,26.6,Yes,No,None,Low,2
S1887,Ahmed,Jones,student887@univ.edu,Female,24,CS,79.78,68.11,68.59,59.91,94.93,59.8,71.94,71.6455,C,34.0,Yes,Yes,High School,High,10
S1888,Liam,Khan,student888@univ.edu,Male,21,Data Science,86.24,90.72,66.53,51.44,58.53,14.7,73.69,68.9785,C,9.5,No,No,PhD,Low,6
S1889,Sophia,Brown,student889@univ.edu,Female,24,Business,72.27,76.55,85.41,95.54,71.27,40.4,80.8,82.345,B,6.6,No,Yes,Master's,Medium,4
S1890,Maria,Anderson,student890@univ.edu,Female,19,Physics,53.02,76.57,56.78,94.54,98.03,75.5,61.55,73.305,C,14.4,Yes,Yes,Master's,Medium,3
S1891,Lucas,Khan,student891@univ.edu,Female,22,CS,89.88,57.79,53.05,60.92,54.56,1.7,56.74,55.9585,D,6.3,No,Yes,Master's,Low,7
S1892,David,Taylor,student892@univ.edu,Male,23,Physics,51.75,90.03,55.36,89.01,79.7,14.7,93.94,76.7795,B,8.5,No,No,Bachelor's,High,5
S1893,Hassan,Smith,student893@univ.edu,Female,23,Data Science,85.03,49.95,58.22,52.4,95.96,99.6,81.7,64.876,D,34.8,Yes,Yes,PhD,Low,10
S1894,Maria,Jones,student894@univ.edu,Female,18,Mathematics,51.15,43.19,75.95,64.25,97.48,73.4,53.03,67.4345,C,33.8,Yes,No,None,High,3
S1895,Fatima,Miller,student895@univ.edu,Male,24,Mathematics,93.12,51.5,68.29,81.18,92.3,46.4,98.05,74.931,C,25.7,No,Yes,Bachelor's,High,8
S1896,Zainab,Wilson,student896@univ.edu,Female,22,CS,57.88,56.06,60.21,88.16,92.8,63.0,84.65,72.127,C,27.6,No,Yes,High School,Low,5
S1897,Liam,Khan,student897@univ.edu,Male,25,CS,75.71,56.94,62.46,50.52,82.61,84.6,57.59,61.857,D,9.2,No,No,PhD,Medium,3
S1898,Emma,Brown,student898@univ.edu,Female,18,CS,79.86,80.23,62.26,66.31,61.02,84.2,98.46,71.7055,C,22.9,Yes,No,High School,Medium,9
S1899,David,Miller,student899@univ.edu,Female,23,Mathematics,72.88,53.07,98.34,60.72,86.53,32.5,68.27,77.361,B,9.6,No,No,Master's,High,2
S1900,Omar,Ahmed,student900@univ.edu,Female,22,Data Science,67.04,80.6,53.98,99.94,98.92,49.1,99.23,79.7265,B,16.4,Yes,Yes,Bachelor's,Low,3
S1901,Sara,Davis,student901@univ.edu,Female,20,CS,73.39,45.47,89.08,83.55,76.3,63.8,55.16,72.5235,C,15.4,Yes,Yes,PhD,Low,3
S1902,Omar,Khan,student902@univ.edu,Female,19,Mathematics,65.57,48.83,82.49,70.28,63.03,7.2,58.0,67.334,C,23.4,No,No,Bachelor's,Low,1
S1903,Maria,Davis,student903@univ.edu,Female,25,CS,71.91,70.53,40.33,53.78,78.67,94.6,82.87,60.5195,D,7.4,Yes,No,PhD,Medium,7
S1904,Omar,Jones,student904@univ.edu,Male,20,CS,67.95,95.31,99.59,79.93,84.53,43.3,51.11,86.254,A,8.1,No,No,Master's,Medium,6
S1905,Fatima,Davis,student905@univ.edu,Female,19,Physics,78.31,91.57,85.39,82.09,60.41,37.1,50.93,77.215,B,23.3,No,Yes,PhD,High,6
S1906,Liam,Ahmed,student906@univ.edu,Female,25,CS,61.9,98.13,80.95,90.82,85.96,90.7,89.6,87.9155,A,24.1,No,No,Master's,Medium,6
S1907,Lucas,Brown,student907@univ.edu,Female,24,Mathematics,99.43,79.03,64.32,64.43,79.37,11.8,58.39,68.6465,C,15.2,No,No,Bachelor's,Medium,7
S1908,Sophia,Smith,student908@univ.edu,Male,21,Data Science,75.04,80.55,73.31,99.07,80.62,3.9,95.94,83.113,B,9.4,No,Yes,Bachelor's,Low,6
S1909,Sara,Johnson,student909@univ.edu,Male,18,Mathematics,59.71,77.5,55.2,71.97,65.3,68.5,71.29,66.104,C,31.6,Yes,No,Bachelor's,Low,9
S1910,Fatima,Williams,student910@univ.edu,Male,18,Mathematics,73.85,77.37,42.13,64.8,57.76,38.5,93.68,62.6555,D,6.6,Yes,Yes,Master's,Medium,5
S1911,Fatima,Anderson,student911@univ.edu,Female,21,CS,93.32,48.83,90.16,67.42,81.17,76.4,70.89,74.244,C,26.5,No,No,High School,High,1
S1912,Omar,Smith,student912@univ.edu,Female,22,Physics,51.09,72.62,93.79,75.98,79.31,6.9,76.51,82.1205,B,9.2,Yes,Yes,High School,Low,1
S1913,Zainab,Johnson,student913@univ.edu,Male,21,Engineering,83.98,63.16,49.75,96.84,66.9,38.4,65.83,64.48,D,24.1,Yes,Yes,PhD,High,1
S1914,Omar,Taylor,student914@univ.edu,Male,24,Engineering,77.4,66.55,87.22,86.76,64.79,23.5,82.9,79.0045,B,24.9,Yes,Yes,Bachelor's,Medium,2
S1915,Maria,Khan,student915@univ.edu,Male,23,Engineering,58.48,71.42,84.47,78.86,67.36,74.0,65.91,75.668,B,29.1,Yes,Yes,High School,Medium,4
S1916,Sophia,Khan,student916@univ.edu,Female,21,Mathematics,90.87,47.7,50.7,58.14,74.49,22.7,61.16,56.3535,D,16.9,No,Yes,None,Low,6
S1917,Ahmed,Brown,student917@univ.edu,Male,19,CS,68.44,61.57,65.31,57.47,98.74,45.8,54.05,66.7115,C,5.7,Yes,No,Bachelor's,Low,7
S1918,Omar,Khan,student918@univ.edu,Female,23,Engineering,64.69,43.81,65.37,75.11,88.18,81.9,52.88,64.067,D,29.3,No,No,None,Low,5
S1919,Liam,Miller,student919@univ.edu,Female,21,Business,91.41,98.78,85.6,86.44,92.59,91.5,65.3,86.3655,A,18.3,No,No,High School,Low,7
S1920,Emma,Johnson,student920@univ.edu,Female,18,Business,81.93,47.11,90.26,87.55,75.28,72.3,86.82,78.4605,B,30.4,No,Yes,Master's,Medium,2
S1921,Sara,Brown,student921@univ.edu,Male,20,Business,94.91,55.51,45.69,61.3,76.31,42.9,60.28,56.777,D,28.3,Yes,No,None,Medium,6
S1922,Ali,Wilson,student922@univ.edu,Female,19,Data Science,81.49,93.48,73.78,55.0,60.22,57.2,64.96,71.546,C,19.9,Yes,No,None,Low,3
S1923,Omar,Miller,student923@univ.edu,Male,24,CS,87.04,68.96,85.7,69.22,86.05,69.0,95.26,81.3665,B,35.0,Yes,Yes,Bachelor's,High,9
S1924,Liam,Khan,student924@univ.edu,Male,19,Mathematics,91.82,48.14,87.17,95.91,71.08,87.5,81.96,77.48,B,18.9,Yes,No,PhD,Low,10
S1925,Liam,Davis,student925@univ.edu,Male,25,Mathematics,52.74,63.05,48.88,77.27,87.12,88.9,95.99,68.775,C,25.9,Yes,No,Master's,Low,10
S1926,Sara,Ahmed,student926@univ.edu,Male,22,CS,88.8,46.95,71.53,66.0,70.45,93.1,95.56,69.227,C,25.1,Yes,Yes,Bachelor's,Low,4
S1927,Ahmed,Davis,student927@univ.edu,Female,20,Physics,80.69,52.01,91.45,66.18,55.43,81.1,53.17,68.6265,C,20.5,No,No,Bachelor's,High,5
S1928,Liam,Miller,student928@univ.edu,Female,19,Physics,53.48,43.12,59.11,56.6,58.65,14.7,97.75,61.2625,D,22.6,Yes,Yes,High School,Low,5
S1929,Emma,Taylor,student929@univ.edu,Female,25,Data Science,75.43,66.29,65.51,73.66,90.58,74.8,52.56,68.7065,C,29.0,Yes,Yes,PhD,Medium,2
S1930,Liam,Khan,student930@univ.edu,Female,21,CS,54.12,88.4,88.26,89.57,62.93,81.5,96.28,85.888,A,22.1,Yes,Yes,PhD,High,4
S1931,Liam,Taylor,student931@univ.edu,Male,19,Physics,86.8,75.16,45.36,98.43,63.22,87.8,77.34,66.7565,C,18.5,No,Yes,Master's,Medium,7
S1932,Liam,Taylor,student932@univ.edu,Male,19,Data Science,77.33,76.38,91.57,75.08,96.47,92.5,76.66,84.557,B,24.9,No,Yes,Master's,High,2
S1933,Lucas,Johnson,student933@univ.edu,Male,19,Engineering,97.68,52.04,58.67,58.36,82.88,50.9,85.66,64.9775,D,6.1,No,No,PhD,High,5
S1934,Lucas,Anderson,student934@univ.edu,Male,22,Engineering,59.16,60.63,40.09,84.15,55.72,65.5,93.96,61.232,D,8.3,Yes,Yes,None,Low,5
S1935,Ahmed,Johnson,student935@univ.edu,Female,19,Data Science,80.3,90.71,54.05,87.84,57.18,1.0,80.85,70.94,C,8.8,Yes,No,None,Medium,5
S1936,Omar,Jones,student936@univ.edu,Male,19,CS,60.58,45.27,45.37,53.58,63.62,57.3,71.27,53.204,F,17.8,No,Yes,Bachelor's,High,7
S1937,Liam,Williams,student937@univ.edu,Female,22,Engineering,80.7,91.48,45.54,92.51,79.7,47.3,55.59,68.405,C,31.2,No,No,PhD,Medium,10
S1938,Hassan,Miller,student938@univ.edu,Male,25,CS,86.13,69.02,81.57,91.47,87.64,96.2,89.46,82.639,B,24.3,No,Yes,Bachelor's,High,7
S1939,Sophia,Smith,student939@univ.edu,Male,23,Physics,86.12,90.23,52.84,73.63,63.72,90.2,56.41,65.604,C,34.2,No,Yes,None,Low,8
S1940,Hassan,Williams,student940@univ.edu,Male,20,Engineering,90.75,59.08,96.08,78.02,93.53,79.8,86.32,84.1245,B,6.2,No,Yes,Master's,High,1
S1941,Omar,Wilson,student941@univ.edu,Male,25,Physics,92.68,60.33,70.99,85.67,55.46,5.7,76.4,69.542,C,26.7,Yes,Yes,PhD,Medium,3
S1942,Ahmed,Ahmed,student942@univ.edu,Female,24,CS,53.86,85.1,67.61,83.84,60.38,40.2,69.29,72.71,C,14.4,Yes,Yes,High School,Medium,1
S1943,Zainab,Johnson,student943@univ.edu,Female,23,CS,67.16,87.1,66.06,50.83,98.52,69.6,80.65,75.041,B,5.7,Yes,Yes,Bachelor's,Medium,7
S1944,Zainab,Johnson,student944@univ.edu,Female,18,Business,84.36,53.78,81.56,56.12,56.74,3.0,88.62,69.524,C,29.8,Yes,No,PhD,Medium,5
S1945,John,Brown,student945@univ.edu,Female,22,Data Science,74.93,98.37,67.14,58.13,94.41,23.6,97.06,80.613,B,9.9,No,Yes,High School,High,2
S1946,Hassan,Williams,student946@univ.edu,Male,22,Mathematics,59.53,45.07,47.72,87.78,85.2,88.8,63.23,61.1475,D,11.4,Yes,Yes,Bachelor's,High,10
S1947,Omar,Brown,student947@univ.edu,Male,19,Data Science,77.64,44.11,92.81,72.0,53.65,13.0,97.36,74.757,C,15.2,No,No,None,High,2
S1948,Omar,Smith,student948@univ.edu,Female,19,CS,70.37,75.73,65.7,77.28,74.19,5.1,98.05,75.569,B,28.7,No,Yes,Bachelor's,High,7
S1949,David,Brown,student949@univ.edu,Female,24,CS,69.5,83.36,44.44,88.63,75.95,58.1,90.68,70.515,C,23.7,No,No,Master's,Low,5
S1950,Maria,Williams,student950@univ.edu,Male,18,Data Science,90.49,97.65,71.76,67.05,96.61,94.6,94.07,83.3055,B,12.9,Yes,Yes,Bachelor's,High,4
S1951,Ali,Miller,student951@univ.edu,Male,19,CS,70.38,64.3,78.84,87.44,71.06,83.5,84.62,76.922,B,10.1,Yes,Yes,Bachelor's,Low,8
S1952,David,Khan,student952@univ.edu,Female,21,Physics,51.32,41.52,56.53,72.11,72.34,97.5,51.95,57.5495,D,8.3,No,Yes,PhD,High,3
S1953,Emma,Khan,student953@univ.edu,Female,19,Engineering,52.9,76.17,88.02,68.86,55.62,75.4,78.75,76.5255,B,9.5,Yes,No,PhD,High,3
S1954,Lucas,Ahmed,student954@univ.edu,Female,19,CS,92.81,57.38,80.19,66.65,81.96,43.7,87.36,74.938,C,31.0,Yes,No,None,High,8
S1955,Lucas,Wilson,student955@univ.edu,Male,21,Data Science,98.03,65.98,79.02,98.25,60.54,94.7,97.09,79.235,B,32.7,No,Yes,Master's,Low,2
S1956,Maria,Johnson,student956@univ.edu,Female,18,Data Science,84.42,69.31,65.25,88.6,53.88,42.7,78.52,69.8495,C,34.0,Yes,Yes,Master's,High,3
S1957,Sara,Smith,student957@univ.edu,Female,21,Data Science,68.22,43.87,97.71,51.01,99.85,35.0,89.71,79.058,B,30.0,Yes,Yes,None,High,4
S1958,Sara,Johnson,student958@univ.edu,Female,22,Business,96.93,69.16,56.45,97.87,63.48,44.8,85.25,70.5795,C,31.6,Yes,Yes,High School,High,10
S1959,Ahmed,Jones,student959@univ.edu,Female,21,Physics,83.14,65.58,74.66,88.77,57.05,81.4,64.04,70.726,C,29.5,No,No,Bachelor's,Medium,3
S1960,Fatima,Ahmed,student960@univ.edu,Female,20,Physics,92.22,82.75,58.54,57.46,84.97,91.8,57.74,67.0645,C,33.7,Yes,Yes,PhD,Medium,8
S1961,Maria,Wilson,student961@univ.edu,Male,22,Business,88.29,78.74,84.69,53.82,91.08,35.8,87.55,80.257,B,30.4,Yes,Yes,None,Medium,6
S1962,Ali,Anderson,student962@univ.edu,Female,19,Physics,68.96,51.11,42.87,65.41,53.2,46.2,61.69,52.2715,F,18.9,Yes,Yes,None,Low,3
S1963,Omar,Brown,student963@univ.edu,Male,24,Business,73.94,52.37,42.75,81.21,55.27,89.8,62.23,55.243,D,14.7,Yes,No,PhD,High,7
S1964,Sara,Davis,student964@univ.edu,Female,22,Physics,59.31,55.06,88.65,80.83,54.51,4.7,82.2,74.6705,C,22.5,No,No,PhD,Low,4
S1965,Ali,Williams,student965@univ.edu,Female,18,Business,64.6,50.74,66.06,63.79,52.35,78.4,89.45,64.1075,D,23.2,No,No,High School,High,3
S1966,Liam,Johnson,student966@univ.edu,Female,18,Business,88.91,79.43,60.47,72.28,82.97,45.4,79.12,72.206,C,22.2,Yes,Yes,Master's,Low,2
S1967,Hassan,Brown,student967@univ.edu,Male,21,Physics,94.7,99.67,76.45,60.59,79.42,37.7,94.25,81.8305,B,26.2,No,Yes,PhD,Medium,8
S1968,Hassan,Smith,student968@univ.edu,Male,22,Business,86.22,79.13,82.11,52.53,83.14,44.7,60.57,74.0005,C,26.0,Yes,No,None,High,8
S1969,Fatima,Johnson,student969@univ.edu,Male,19,Physics,73.26,76.4,52.07,75.85,75.28,41.9,62.62,65.567,C,7.6,No,Yes,Bachelor's,Medium,2
S1970,Sophia,Anderson,student970@univ.edu,Female,18,Business,54.33,64.6,51.13,67.35,90.88,75.7,81.85,66.8275,C,13.6,Yes,No,High School,Medium,9
S1971,Omar,Khan,student971@univ.edu,Female,23,Data Science,52.85,58.75,97.49,77.14,77.33,92.8,91.47,82.7625,B,31.7,No,No,Bachelor's,High,7
S1972,Emma,Wilson,student972@univ.edu,Male,19,Mathematics,68.72,94.66,75.38,97.33,95.94,49.1,76.97,85.851,A,22.7,Yes,No,Bachelor's,Low,6
S1973,Liam,Ahmed,student973@univ.edu,Male,23,Physics,73.19,98.14,63.41,57.17,74.28,83.3,50.52,69.117,C,14.9,Yes,Yes,Master's,Medium,3
S1974,Liam,Wilson,student974@univ.edu,Female,20,Business,80.46,69.81,88.09,50.1,89.53,73.2,83.85,78.3155,B,30.5,Yes,No,Bachelor's,Medium,3
S1975,Hassan,Khan,student975@univ.edu,Male,23,Data Science,50.32,57.41,71.51,53.84,70.37,33.1,90.68,68.744,C,12.5,No,Yes,None,High,4
S1976,Maria,Johnson,student976@univ.edu,Female,25,Mathematics,99.49,86.21,54.5,73.14,71.76,58.7,63.83,67.6265,C,17.3,No,Yes,None,High,9
S1977,Fatima,Smith,student977@univ.edu,Male,18,Business,68.2,47.95,52.4,85.35,92.45,66.7,52.71,62.5065,D,13.3,Yes,Yes,PhD,Low,8
S1978,Ahmed,Wilson,student978@univ.edu,Male,21,Mathematics,92.4,85.94,63.81,79.04,55.38,2.3,75.9,71.0695,C,31.1,Yes,No,Master's,Medium,2
S1979,Emma,Wilson,student979@univ.edu,Male,20,Physics,76.75,89.14,91.59,74.74,78.25,39.6,52.11,80.6495,B,26.8,Yes,Yes,PhD,Medium,5
S1980,Sara,Anderson,student980@univ.edu,Female,22,Mathematics,56.52,47.49,43.69,67.7,86.32,99.3,70.8,58.5125,D,18.8,No,Yes,Bachelor's,Low,10
S1981,Ali,Williams,student981@univ.edu,Female,19,Engineering,89.88,98.61,53.11,65.5,87.52,63.7,50.89,68.897,C,33.0,Yes,No,None,High,6
S1982,Maria,Smith,student982@univ.edu,Male,18,CS,85.49,99.13,93.59,68.81,79.57,33.4,61.25,84.027,B,32.8,No,Yes,PhD,High,5
S1983,Sara,Smith,student983@univ.edu,Female,20,Engineering,76.37,96.2,47.3,80.58,72.4,25.0,69.44,69.158,C,26.3,No,No,None,High,1
S1984,Maria,Miller,student984@univ.edu,Female,20,Physics,75.73,69.76,77.78,58.39,63.04,20.9,55.59,67.728,C,31.8,Yes,No,PhD,Low,9
S1985,Maria,Khan,student985@univ.edu,Female,25,Physics,54.37,54.76,52.81,88.57,95.47,40.2,55.71,65.398,C,26.6,Yes,Yes,High School,High,10
S1986,Maria,Miller,student986@univ.edu,Female,18,Mathematics,82.79,74.92,76.35,78.76,68.49,19.3,91.35,77.4965,B,23.8,Yes,Yes,Master's,High,6
S1987,Hassan,Khan,student987@univ.edu,Male,22,Data Science,95.56,65.2,62.99,63.46,89.95,13.5,52.07,65.9085,C,17.6,No,Yes,PhD,Low,5
S1988,Fatima,Wilson,student988@univ.edu,Female,22,Business,54.66,52.36,46.1,75.06,51.58,36.4,84.45,58.2705,D,13.2,Yes,Yes,Bachelor's,Medium,6
S1989,Ahmed,Khan,student989@univ.edu,Female,21,CS,63.18,65.42,74.95,98.14,61.61,60.7,90.72,76.887,B,6.8,Yes,No,None,Medium,3
S1990,Maria,Davis,student990@univ.edu,Male,24,Business,95.12,79.83,80.98,51.02,67.28,14.6,56.54,70.535,C,29.0,No,No,None,Low,9
S1991,John,Miller,student991@univ.edu,Female,23,Data Science,64.22,44.25,80.82,59.98,83.58,4.4,59.77,67.6365,C,8.7,No,No,Master's,High,4
S1992,Sophia,Wilson,student992@univ.edu,Female,22,Physics,82.7,60.01,78.22,72.42,65.97,3.5,82.07,72.448,C,17.3,Yes,No,Master's,High,6
S1993,Sara,Taylor,student993@univ.edu,Female,25,CS,76.74,41.07,70.01,81.92,52.07,26.7,65.78,62.683,D,12.0,Yes,Yes,High School,Medium,6
S1994,Omar,Jones,student994@univ.edu,Male,21,Engineering,79.82,84.97,71.17,60.61,58.69,19.0,73.82,70.8715,C,18.6,No,No,PhD,High,2
S1995,David,Jones,student995@univ.edu,Male,23,Physics,70.79,78.44,78.14,96.57,62.96,53.9,91.8,80.7365,B,14.4,No,No,High School,Medium,9
S1996,Ali,Smith,student996@univ.edu,Female,20,Physics,65.0,43.76,81.42,82.13,58.8,45.6,56.9,66.9235,C,29.9,Yes,Yes,PhD,Medium,2
S1997,Hassan,Davis,student997@univ.edu,Female,18,Mathematics,52.43,97.88,79.29,93.87,60.19,32.5,80.98,82.5835,B,34.3,No,Yes,PhD,High,10
S1998,Emma,Anderson,student998@univ.edu,Male,22,Data Science,87.21,41.36,75.22,66.47,88.45,83.4,97.12,72.405,C,33.2,No,No,Master's,Medium,5
S1999,Lucas,Williams,student999@univ.edu,Male,21,Mathematics,87.3,75.4,49.35,91.45,70.6,50.5,52.87,64.5905,D,23.7,Yes,No,Master's,Medium,2
S2000,Ahmed,Miller,student1000@univ.edu,Male,20,Mathematics,83.54,86.58,52.64,68.91,70.26,9.2,53.0,64.5655,D,34.4,Yes,No,PhD,Low,9
S2001,Omar,Taylor,student1001@univ.edu,Female,22,Business,82.18,87.27,55.61,62.64,98.33,29.6,77.74,72.724,C,17.0,No,No,Master's,High,2
S2002,Liam,Wilson,student1002@univ.edu,Female,19,Physics,62.19,42.06,95.18,95.58,72.34,97.3,98.0,81.613,B,20.7,Yes,Yes,PhD,Low,8
S2003,Zainab,Davis,student1003@univ.edu,Male,24,Data Science,51.12,94.38,85.56,54.61,96.38,97.7,61.02,80.6235,B,12.7,No,Yes,Master's,High,1
S2004,John,Smith,student1004@univ.edu,Female,20,Mathematics,90.44,95.11,73.17,97.14,64.95,25.5,66.54,78.926,B,31.9,No,No,Bachelor's,High,3
S2005,Lucas,Ahmed,student1005@univ.edu,Female,25,Engineering,74.56,73.68,55.12,72.93,70.03,16.7,54.93,63.7115,D,10.4,No,No,PhD,High,7
S2006,David,Miller,student1006@univ.edu,Female,25,CS,65.34,68.92,46.65,99.63,69.81,49.6,68.11,65.744,C,23.3,No,Yes,None,High,6
S2007,Omar,Davis,student1007@univ.edu,Female,22,Data Science,55.1,42.69,93.93,76.98,77.3,48.1,52.22,72.3885,C,29.0,No,Yes,Bachelor's,Medium,2
S2008,Lucas,Miller,student1008@univ.edu,Female,25,Business,53.14,73.72,93.56,87.87,79.21,41.0,69.45,82.9695,B,22.9,Yes,Yes,High School,Low,9
S2009,Omar,Ahmed,student1009@univ.edu,Female,20,Data Science,67.44,64.56,46.64,50.35,62.41,52.9,77.77,57.8155,D,7.4,Yes,Yes,Master's,Low,2
S2010,Ali,Williams,student1010@univ.edu,Female,18,Physics,90.24,86.37,87.83,74.83,89.68,23.2,98.75,87.5035,A,23.3,No,No,High School,Medium,6
S2011,John,Williams,student1011@univ.edu,Male,18,Business,95.94,64.23,66.8,86.87,74.83,11.5,90.92,74.119,C,28.0,No,No,None,Low,1
S2012,David,Anderson,student1012@univ.edu,Male,24,CS,94.84,81.01,59.44,89.14,50.35,57.0,91.1,71.5945,C,10.6,Yes,No,Master's,Low,3
S2013,Liam,Jones,student1013@univ.edu,Male,18,Engineering,96.0,46.08,84.35,57.9,79.57,93.3,61.41,68.5705,C,27.1,Yes,No,High School,High,5
S2014,Maria,Khan,student1014@univ.edu,Male,23,Mathematics,95.39,47.98,76.86,70.95,89.9,13.8,54.36,68.7785,C,31.4,Yes,Yes,Bachelor's,High,7
S2015,Sara,Brown,student1015@univ.edu,Male,19,Data Science,76.36,48.38,86.8,70.95,62.52,70.5,80.15,72.099,C,34.6,Yes,No,High School,High,3
S2016,Liam,Brown,student1016@univ.edu,Male,18,Business,60.97,42.73,44.46,55.18,51.89,43.8,76.06,51.5765,F,17.3,No,Yes,Master's,High,9
S2017,Maria,Miller,student1017@univ.edu,Male,25,CS,89.9,72.48,59.12,72.15,90.36,29.4,75.83,70.939,C,5.8,No,No,Bachelor's,Medium,4
S2018,Zainab,Ahmed,student1018@univ.edu,Male,19,Mathematics,60.69,87.64,59.16,90.35,98.81,85.3,55.45,74.9255,C,17.6,Yes,Yes,None,Medium,9
S2019,Hassan,Anderson,student1019@univ.edu,Male,18,CS,63.36,76.62,59.79,65.01,53.83,45.6,74.69,65.28,C,24.8,No,No,High School,Medium,3
S2020,Fatima,Brown,student1020@univ.edu,Female,23,Engineering,61.66,74.5,70.15,71.63,96.9,58.3,57.52,73.36,C,31.7,No,No,PhD,Low,3
S2021,Fatima,Khan,student1021@univ.edu,Female,25,Mathematics,75.75,80.84,56.98,98.05,67.96,44.3,71.11,71.679,C,33.1,Yes,No,Master's,High,4
S2022,Fatima,Smith,student1022@univ.edu,Male,20,Mathematics,66.09,60.38,66.66,51.59,97.07,8.1,53.11,65.6725,C,32.3,No,Yes,PhD,Low,2
S2023,Ahmed,Brown,student1023@univ.edu,Female,22,Mathematics,57.71,61.72,62.07,79.58,82.44,59.5,92.84,72.2975,C,24.7,No,No,PhD,High,5
S2024,Sophia,Johnson,student1024@univ.edu,Female,22,Business,72.66,58.86,84.12,87.17,94.51,41.9,50.66,76.065,B,25.5,No,No,High School,High,9
S2025,Emma,Wilson,student1025@univ.edu,Male,18,Mathematics,93.7,82.73,76.21,88.04,89.29,8.7,96.97,84.3645,B,5.1,Yes,No,PhD,Low,8
S2026,Emma,Anderson,student1026@univ.edu,Male,22,CS,78.53,49.7,79.22,85.8,51.4,59.6,93.14,72.218,C,15.9,Yes,Yes,Bachelor's,Low,8
S2027,Fatima,Smith,student1027@univ.edu,Male,18,Business,93.92,40.78,52.64,86.32,53.27,1.0,87.63,60.663,D,32.2,No,Yes,None,Low,8
S2028,Sara,Davis,student1028@univ.edu,Female,18,Mathematics,59.79,75.77,59.53,52.95,76.29,20.9,99.13,70.245,C,25.7,Yes,No,None,Medium,8
S2029,David,Smith,student1029@univ.edu,Female,25,CS,58.35,96.54,41.27,76.71,56.48,78.1,52.69,61.6345,D,19.0,Yes,Yes,PhD,Low,6
S2030,John,Jones,student1030@univ.edu,Male,24,CS,78.78,76.56,46.5,89.15,73.05,3.8,82.08,68.229,C,8.1,No,No,Master's,Medium,7
S2031,David,Davis,student1031@univ.edu,Female,21,Data Science,73.17,86.98,55.9,54.7,97.73,64.7,92.47,73.696,C,12.4,Yes,Yes,PhD,Low,10
S2032,John,Taylor,student1032@univ.edu,Female,21,CS,83.01,80.37,43.93,50.6,64.74,95.0,56.33,57.2,D,21.6,Yes,Yes,Master's,Medium,5
S2033,David,Wilson,student1033@univ.edu,Female,24,Physics,89.73,69.85,76.16,90.73,74.45,17.1,79.24,77.289,B,31.9,No,Yes,None,Low,6
S2034,Sophia,Wilson,student1034@univ.edu,Male,21,Engineering,87.57,83.1,99.89,85.61,69.21,41.7,69.7,85.2595,A,7.9,No,No,Bachelor's,Medium,3
S2035,Ahmed,Wilson,student1035@univ.edu,Female,19,Mathematics,97.11,89.45,46.05,70.61,81.49,57.5,71.79,67.591,C,9.6,Yes,No,Master's,Low,5
S2036,Ahmed,Ahmed,student1036@univ.edu,Female,21,Mathematics,69.91,53.48,89.27,97.02,59.69,45.0,95.63,79.7915,B,24.7,Yes,No,None,High,10
S2037,Fatima,Wilson,student1037@univ.edu,Female,18,Mathematics,60.32,60.17,47.13,88.33,63.0,62.0,76.93,62.7685,D,13.8,No,No,High School,Low,3
S2038,Zainab,Miller,student1038@univ.edu,Female,23,CS,77.55,53.42,80.19,98.39,92.94,40.4,54.66,75.649,B,10.1,No,No,PhD,Low,5
S2039,Maria,Wilson,student1039@univ.edu,Female,23,CS,55.54,67.13,78.59,96.47,90.57,14.9,96.86,83.5175,B,10.4,No,Yes,Master's,High,10
S2040,Zainab,Khan,student1040@univ.edu,Female,20,Mathematics,64.44,93.1,94.16,74.06,89.46,8.9,59.26,84.993,B,19.8,Yes,Yes,Bachelor's,High,1
S2041,Lucas,Wilson,student1041@univ.edu,Female,25,Physics,60.39,60.71,46.84,87.74,88.55,74.4,94.63,69.174,C,22.5,Yes,Yes,PhD,Medium,1
S2042,Ahmed,Wilson,student1042@univ.edu,Male,21,Business,69.83,62.47,58.93,83.46,72.97,23.9,98.55,71.3665,C,32.1,No,No,None,High,10
S2043,Ahmed,Ahmed,student1043@univ.edu,Male,23,Business,55.56,91.62,45.45,90.57,86.44,84.7,93.89,74.8665,C,20.9,No,No,None,Medium,6
S2044,Liam,Anderson,student1044@univ.edu,Female,21,Engineering,51.59,70.92,64.44,89.38,69.36,74.3,83.86,73.128,C,25.7,Yes,No,None,Low,8
S2045,Liam,Miller,student1045@univ.edu,Male,25,Data Science,82.84,72.13,94.7,57.66,55.04,4.9,87.18,77.553,B,10.4,Yes,No,Master's,High,4
S2046,Maria,Ahmed,student1046@univ.edu,Female,20,Engineering,80.51,91.65,86.89,61.69,69.67,20.1,84.99,81.194,B,26.4,No,Yes,High School,Medium,7
S2047,Ali,Williams,student1047@univ.edu,Female,23,Mathematics,85.42,69.43,83.37,63.29,57.93,29.2,73.03,72.203,C,24.5,Yes,No,High School,Low,5
S2048,Lucas,Smith,student1048@univ.edu,Female,18,Mathematics,83.02,80.89,71.98,90.92,69.54,59.4,63.72,74.998,C,11.5,Yes,Yes,None,Medium,2
S2049,Zainab,Smith,student1049@univ.edu,Male,19,Mathematics,55.71,45.14,93.01,90.54,64.87,81.0,64.25,74.5305,C,25.1,Yes,No,PhD,Low,5
S2050,Sara,Davis,student1050@univ.edu,Female,24,Data Science,64.55,50.72,66.97,74.77,79.96,6.0,86.56,69.777,C,11.3,No,No,Bachelor's,Medium,2
S2051,Liam,Anderson,student1051@univ.edu,Female,24,CS,56.48,64.26,48.98,79.04,68.08,25.0,81.3,64.258,D,22.8,No,Yes,PhD,Low,9
S2052,Sara,Johnson,student1052@univ.edu,Male,24,Data Science,92.15,69.69,90.26,91.35,85.28,37.6,79.24,83.9095,B,25.1,Yes,No,Master's,Low,1
S2053,Omar,Smith,student1053@univ.edu,Male,21,Engineering,87.35,97.94,56.78,65.63,75.61,18.3,82.63,73.0415,C,25.8,No,Yes,High School,Medium,3
S2054,Liam,Brown,student1054@univ.edu,Female,23,CS,60.08,98.24,43.22,52.51,95.97,54.5,88.74,70.358,C,32.3,No,Yes,Bachelor's,Low,1
S2055,Sophia,Johnson,student1055@univ.edu,Male,25,CS,67.07,91.07,47.56,74.13,54.55,47.8,87.42,67.275,C,33.4,No,Yes,None,Medium,5
S2056,Ali,Wilson,student1056@univ.edu,Male,25,Engineering,98.33,58.94,76.54,95.69,84.39,31.6,55.27,73.8795,C,29.3,Yes,Yes,None,Low,4
S2057,Lucas,Wilson,student1057@univ.edu,Female,23,CS,79.71,97.84,76.42,89.52,83.62,51.7,68.15,82.5085,B,31.4,No,Yes,Master's,High,6
S2058,Hassan,Miller,student1058@univ.edu,Female,20,Business,90.06,81.36,55.61,68.33,97.53,35.6,63.2,70.0945,C,5.6,No,Yes,Master's,High,5
S2059,Maria,Johnson,student1059@univ.edu,Female,18,Engineering,63.23,63.58,83.63,53.24,68.58,34.3,76.91,71.796,C,15.9,Yes,No,Master's,Medium,7
S2060,Omar,Brown,student1060@univ.edu,Male,22,Engineering,60.5,82.1,86.42,81.85,65.27,26.5,53.07,76.6955,B,6.2,Yes,No,Master's,High,7
S2061,Hassan,Miller,student1061@univ.edu,Male,23,Business,89.2,40.99,95.23,91.72,58.62,54.0,88.12,77.2975,B,11.7,No,No,None,High,10
S2062,Lucas,Khan,student1062@univ.edu,Male,19,Data Science,84.29,48.77,75.1,83.25,63.26,44.4,55.33,66.315,C,16.5,No,No,None,Low,5
S2063,Zainab,Ahmed,student1063@univ.edu,Female,20,Data Science,84.05,89.78,86.77,71.25,75.09,19.6,63.57,79.812,B,31.0,No,No,Master's,High,10
S2064,Fatima,Davis,student1064@univ.edu,Male,23,Data Science,77.63,78.73,85.19,56.17,91.89,1.3,89.14,81.1425,B,20.4,Yes,Yes,None,Medium,1
S2065,Sophia,Johnson,student1065@univ.edu,Male,23,CS,78.18,61.85,55.47,95.54,64.21,15.1,52.58,63.634,D,24.5,No,No,Master's,Medium,9
S2066,Lucas,Anderson,student1066@univ.edu,Female,20,Business,86.78,70.04,58.61,63.8,57.89,4.3,83.01,65.2265,C,15.9,Yes,No,Bachelor's,Low,2
S2067,Sophia,Wilson,student1067@univ.edu,Female,20,Engineering,63.5,94.31,68.71,61.21,63.61,43.2,96.22,76.0665,B,23.1,Yes,No,Master's,High,7
S2068,Sophia,Wilson,student1068@univ.edu,Female,21,Engineering,67.64,77.89,41.14,90.8,55.05,22.5,80.88,63.9865,D,29.5,Yes,No,Master's,Low,3
S2069,Sara,Jones,student1069@univ.edu,Male,23,Engineering,93.58,63.89,57.84,99.06,96.33,42.0,85.63,75.175,B,14.0,No,No,Bachelor's,High,10
S2070,David,Ahmed,student1070@univ.edu,Female,22,CS,65.44,47.22,68.43,83.01,93.63,32.9,89.61,73.332,C,33.0,No,Yes,High School,High,6
S2071,Hassan,Ahmed,student1071@univ.edu,Male,19,CS,77.32,57.62,46.48,81.24,65.42,53.8,61.11,58.9575,D,11.4,No,No,PhD,High,5
S2072,Fatima,Miller,student1072@univ.edu,Male,18,Physics,85.13,98.7,47.58,65.97,62.35,72.4,79.05,67.4985,C,32.6,Yes,Yes,Master's,Low,6
S2073,Zainab,Williams,student1073@univ.edu,Female,18,Data Science,100.0,66.24,67.79,51.02,95.27,47.9,65.45,68.7355,C,5.8,Yes,Yes,Bachelor's,Low,10
S2074,Omar,Williams,student1074@univ.edu,Female,22,Physics,71.76,68.31,83.86,59.59,50.09,6.2,62.47,68.8355,C,21.3,No,No,Bachelor's,High,5
S2075,Lucas,Miller,student1075@univ.edu,Female,25,Physics,71.4,69.92,90.02,79.22,80.03,1.8,59.62,78.3215,B,34.6,No,No,None,Medium,9
S2076,John,Anderson,student1076@univ.edu,Female,20,CS,92.13,93.05,72.78,57.57,95.8,21.3,79.27,78.979,B,23.3,Yes,No,Master's,High,8
S2077,Omar,Taylor,student1077@univ.edu,Female,20,Data Science,90.28,76.24,68.48,94.19,75.43,42.5,89.73,78.1185,B,21.6,No,No,Bachelor's,Medium,1
S2078,David,Miller,student1078@univ.edu,Male,25,Data Science,86.55,81.62,63.06,59.41,50.15,4.5,93.79,68.8975,C,25.5,No,No,High School,High,9
S2079,Omar,Anderson,student1079@univ.edu,Male,20,Engineering,73.16,63.36,51.58,76.11,60.94,32.8,71.43,61.997,D,13.7,Yes,Yes,High School,High,2
S2080,Ahmed,Davis,student1080@univ.edu,Male,25,CS,66.2,41.75,48.79,75.6,96.12,88.7,68.64,61.4805,D,6.6,Yes,Yes,PhD,Medium,5
S2081,Zainab,Wilson,student1081@univ.edu,Female,23,Data Science,80.44,95.86,87.51,80.2,50.85,9.0,84.37,82.1135,B,12.5,No,Yes,None,Medium,6
S2082,John,Brown,student1082@univ.edu,Male,25,Physics,93.81,96.95,67.9,66.37,69.74,94.9,89.02,76.9245,B,10.3,Yes,No,None,Low,10
S2083,David,Taylor,student1083@univ.edu,Female,20,Business,94.19,96.95,87.42,93.68,89.49,85.7,62.67,86.863,A,32.7,Yes,No,None,Medium,1
S2084,Sara,Johnson,student1084@univ.edu,Female,20,Business,55.42,96.62,82.24,72.22,91.9,83.2,64.86,82.455,B,30.6,No,No,Master's,High,7
S2085,Hassan,Taylor,student1085@univ.edu,Male,23,CS,71.42,88.91,51.63,85.01,73.88,86.4,76.67,71.1865,C,14.5,Yes,No,High School,Low,8
S2086,Lucas,Brown,student1086@univ.edu,Male,25,Engineering,73.24,81.08,70.62,81.8,61.62,8.0,72.22,73.279,C,30.1,No,No,Master's,High,1
S2087,Ali,Jones,student1087@univ.edu,Female,23,Engineering,98.88,90.67,66.64,55.86,79.99,15.1,85.29,74.629,C,11.4,Yes,No,Bachelor's,Low,10
S2088,Emma,Ahmed,student1088@univ.edu,Male,22,Data Science,83.9,76.03,65.43,81.13,63.19,13.4,75.22,71.0375,C,11.0,No,No,PhD,High,4
S2089,Hassan,Wilson,student1089@univ.edu,Female,21,CS,70.36,48.06,72.55,77.54,62.76,11.1,55.58,64.3865,D,28.0,Yes,Yes,PhD,Medium,2
S2090,David,Williams,student1090@univ.edu,Male,23,Business,51.3,63.47,98.92,94.93,90.38,32.8,58.3,83.8575,B,14.8,Yes,Yes,Master's,High,5
S2091,Maria,Anderson,student1091@univ.edu,Male,19,Physics,78.27,98.28,88.77,94.04,57.71,83.0,95.1,87.753,A,6.9,Yes,No,PhD,High,2
S2092,Zainab,Miller,student1092@univ.edu,Male,20,Data Science,54.8,61.07,94.22,57.55,50.28,25.2,61.37,70.571,C,26.6,No,Yes,Master's,Low,9
S2093,Lucas,Miller,student1093@univ.edu,Male,21,Physics,91.72,92.07,41.78,54.08,66.84,24.4,52.5,59.05,D,34.7,Yes,Yes,None,Medium,9
S2094,Hassan,Williams,student1094@univ.edu,Male,18,Data Science,87.63,45.59,48.42,64.73,74.55,67.6,86.57,59.9425,D,22.0,Yes,Yes,Bachelor's,Medium,10
S2095,Fatima,Taylor,student1095@univ.edu,Female,22,Mathematics,73.03,60.05,45.09,99.33,85.25,9.7,84.2,68.1085,C,12.9,Yes,No,None,High,5
S2096,David,Wilson,student1096@univ.edu,Male,25,Physics,71.46,61.06,55.79,51.08,89.06,36.0,80.0,64.7595,D,16.2,Yes,No,PhD,High,5
S2097,Ahmed,Smith,student1097@univ.edu,Male,21,CS,94.87,43.1,66.51,83.64,83.18,29.5,75.11,68.188,C,24.5,No,Yes,Bachelor's,Low,4
S2098,Emma,Anderson,student1098@univ.edu,Male,23,Physics,64.42,47.15,78.52,80.43,81.33,84.7,98.48,75.948,B,26.0,Yes,Yes,High School,Low,1
S2099,Ahmed,Khan,student1099@univ.edu,Female,20,Physics,62.45,51.59,70.05,82.33,83.29,51.5,55.99,68.077,C,31.6,Yes,Yes,Master's,Medium,10
S2100,Emma,Davis,student1100@univ.edu,Female,20,Data Science,96.96,90.27,94.19,60.91,63.58,64.6,75.51,81.0205,B,32.3,Yes,Yes,Bachelor's,Medium,3
S2101,Hassan,Brown,student1101@univ.edu,Female,20,Business,90.46,43.8,96.39,61.34,69.12,12.9,78.2,73.7955,C,30.8,Yes,Yes,Master's,Low,4
S2102,Fatima,Taylor,student1102@univ.edu,Female,21,Mathematics,91.03,57.92,49.81,71.53,80.82,92.9,51.12,59.538,D,24.5,No,Yes,Bachelor's,Low,7
S2103,Ali,Ahmed,student1103@univ.edu,Female,20,Physics,59.76,40.61,91.17,54.79,53.28,32.2,70.6,66.832,C,18.5,Yes,No,PhD,High,7
S2104,Zainab,Ahmed,student1104@univ.edu,Male,23,Business,57.16,81.74,68.9,53.73,64.77,70.7,89.14,71.609,C,25.4,No,Yes,None,High,7
S2105,Maria,Johnson,student1105@univ.edu,Male,25,Engineering,51.3,77.22,67.2,54.42,70.32,95.5,73.55,68.7075,C,25.0,No,Yes,PhD,Low,7
S2106,Lucas,Jones,student1106@univ.edu,Male,21,Mathematics,61.85,78.7,87.1,78.65,76.67,50.9,93.76,83.587,B,11.5,No,No,High School,Low,4
S2107,Sara,Ahmed,student1107@univ.edu,Female,20,Mathematics,88.71,62.46,45.59,69.89,74.32,50.8,82.24,62.416,D,20.2,Yes,No,PhD,Low,9
S2108,Ahmed,Miller,student1108@univ.edu,Female,18,Data Science,62.0,52.5,92.95,64.68,85.91,11.7,88.3,78.866,B,11.2,No,Yes,Bachelor's,High,4
S2109,Ahmed,Taylor,student1109@univ.edu,Male,18,Physics,86.46,83.22,80.25,65.79,73.67,39.0,90.22,79.1835,B,32.0,Yes,Yes,High School,Medium,6
S2110,Sophia,Jones,student1110@univ.edu,Female,19,Engineering,62.6,88.67,92.52,60.36,95.21,85.2,84.48,86.1235,A,14.7,No,Yes,Bachelor's,Low,1
S2111,Emma,Brown,student1111@univ.edu,Female,20,Data Science,69.76,48.32,99.67,70.58,69.02,13.5,87.47,78.609,B,29.2,Yes,Yes,None,High,1
S2112,Liam,Miller,student1112@univ.edu,Female,20,CS,99.16,69.21,71.08,60.15,76.27,91.8,84.77,71.8985,C,16.3,Yes,Yes,Master's,Medium,6
S2113,Ali,Miller,student1113@univ.edu,Male,21,Business,62.24,54.92,45.6,84.9,50.16,66.7,77.52,58.831,D,27.9,Yes,Yes,None,Low,1
S2114,Lucas,Smith,student1114@univ.edu,Male,21,Business,68.82,50.09,49.99,56.2,65.52,42.1,78.33,57.522,D,11.6,No,Yes,None,Medium,1
S2115,Emma,Khan,student1115@univ.edu,Female,24,Data Science,65.05,84.06,59.42,97.41,93.33,54.6,59.49,75.1435,B,27.9,Yes,No,None,High,6
S2116,Sophia,Taylor,student1116@univ.edu,Female,25,Business,55.48,72.29,46.21,54.49,66.68,15.0,91.37,62.5125,D,10.4,No,Yes,Bachelor's,High,8
S2117,Omar,Wilson,student1117@univ.edu,Female,20,Physics,74.49,52.97,88.92,97.17,62.66,21.7,65.61,75.532,B,19.7,Yes,No,Master's,Low,9
S2118,Emma,Williams,student1118@univ.edu,Female,19,Business,68.93,58.6,57.81,91.66,77.18,28.6,76.79,68.798,C,8.4,Yes,Yes,Bachelor's,Medium,6
S2119,Sara,Williams,student1119@univ.edu,Male,25,Physics,84.74,98.0,98.55,84.04,53.94,38.5,62.48,84.1615,B,20.8,Yes,Yes,High School,Medium,1
S2120,Lucas,Davis,student1120@univ.edu,Female,20,CS,90.88,90.92,82.16,95.62,76.58,91.6,84.79,85.4885,A,29.6,No,Yes,Bachelor's,Medium,7
S2121,Hassan,Johnson,student1121@univ.edu,Male,25,Engineering,77.21,92.8,50.41,56.96,65.18,36.8,98.76,69.3385,C,27.7,No,No,None,Medium,2
S2122,Ali,Jones,student1122@univ.edu,Male,23,Mathematics,51.61,67.6,68.56,58.82,69.16,52.4,90.1,70.228,C,6.5,Yes,No,PhD,High,7
S2123,Sophia,Taylor,student1123@univ.edu,Male,21,Data Science,80.95,77.43,68.01,62.61,89.57,16.2,80.95,74.259,C,19.8,Yes,No,PhD,Medium,10
S2124,Omar,Ahmed,student1124@univ.edu,Female,20,Data Science,52.77,62.61,69.55,62.24,83.1,73.6,78.38,70.4225,C,30.6,Yes,No,Bachelor's,Low,10
S2125,Zainab,Anderson,student1125@univ.edu,Male,25,Physics,80.82,44.66,72.14,65.54,72.31,56.0,74.49,66.032,C,24.5,Yes,Yes,None,High,4
S2126,John,Johnson,student1126@univ.edu,Male,21,CS,84.25,64.06,41.87,78.78,78.88,44.0,60.25,60.153,D,6.8,Yes,Yes,None,Low,1
S2127,Sophia,Smith,student1127@univ.edu,Female,20,CS,59.89,75.64,81.18,51.41,88.34,94.7,67.4,74.6135,C,14.8,Yes,No,PhD,Medium,9
S2128,John,Ahmed,student1128@univ.edu,Female,22,Mathematics,90.97,57.23,69.23,69.11,87.29,89.1,70.32,69.6845,C,21.7,No,Yes,Master's,Medium,1
S2129,Lucas,Miller,student1129@univ.edu,Female,21,Engineering,95.55,90.88,87.46,62.32,59.27,66.0,97.23,81.61,B,10.2,Yes,Yes,Master's,High,7
S2130,Ahmed,Wilson,student1130@univ.edu,Male,25,Data Science,90.65,49.07,88.92,80.33,65.05,92.2,71.28,73.435,C,25.5,No,No,None,Medium,6
S2131,Sophia,Taylor,student1131@univ.edu,Female,19,Physics,65.26,62.03,53.83,99.26,67.41,56.5,79.31,68.1435,C,24.0,No,No,High School,Low,7
S2132,Zainab,Khan,student1132@univ.edu,Male,22,CS,79.33,47.49,42.91,75.88,59.38,82.7,96.12,59.2235,D,11.1,Yes,Yes,High School,High,10
S2133,Maria,Johnson,student1133@univ.edu,Male,23,Data Science,95.74,64.29,82.19,71.28,50.61,40.9,75.92,71.296,C,21.5,Yes,Yes,High School,Medium,1
S2134,John,Johnson,student1134@univ.edu,Female,20,Physics,66.03,42.38,98.67,68.41,58.7,8.7,62.57,71.4625,C,29.4,No,No,High School,Low,1
S2135,Sara,Wilson,student1135@univ.edu,Male,24,Business,91.0,56.35,66.8,89.25,90.41,99.4,69.05,71.9565,C,16.2,No,Yes,High School,Medium,6
S2136,Maria,Ahmed,student1136@univ.edu,Male,23,Data Science,50.47,64.04,55.58,53.6,77.3,16.6,68.78,62.213,D,12.4,No,Yes,PhD,Medium,8
S2137,David,Davis,student1137@univ.edu,Male,21,Engineering,50.18,68.69,49.4,97.99,67.08,25.2,85.74,68.6495,C,26.0,Yes,No,None,Medium,3
S2138,David,Jones,student1138@univ.edu,Male,22,Physics,87.99,72.62,57.25,70.9,80.42,16.3,64.81,66.981,C,7.1,Yes,Yes,Bachelor's,Medium,10
S2139,Omar,Ahmed,student1139@univ.edu,Female,23,Engineering,88.07,56.5,59.68,65.69,86.99,33.7,86.51,68.0665,C,30.0,No,No,PhD,Low,2
S2140,Ali,Jones,student1140@univ.edu,Male,19,Data Science,89.45,71.38,65.43,98.7,67.72,28.9,94.46,76.3085,B,33.3,No,Yes,PhD,High,4
S2141,Ahmed,Johnson,student1141@univ.edu,Female,24,Business,96.5,70.54,79.32,96.79,73.3,60.1,66.8,77.4035,B,33.9,Yes,Yes,None,Low,8
S2142,Lucas,Brown,student1142@univ.edu,Male,21,Engineering,55.9,58.97,56.39,82.1,53.21,99.6,56.77,60.3425,D,18.0,No,Yes,Master's,Low,9
S2143,Sophia,Johnson,student1143@univ.edu,Male,22,CS,61.6,89.81,43.06,50.93,79.85,5.3,81.93,64.9395,D,23.7,Yes,Yes,PhD,High,6
S2144,Liam,Johnson,student1144@univ.edu,Female,23,Physics,95.19,72.74,62.4,87.43,67.82,77.8,68.04,69.8815,C,30.7,Yes,Yes,PhD,High,7
S2145,Sara,Wilson,student1145@univ.edu,Male,22,Data Science,58.86,59.94,91.34,66.78,71.68,12.8,76.7,76.231,B,11.7,No,Yes,Bachelor's,Medium,1
S2146,John,Miller,student1146@univ.edu,Male,22,Business,84.11,96.84,69.9,69.41,71.13,2.0,81.71,77.1705,B,5.8,Yes,Yes,High School,Medium,5
S2147,Lucas,Wilson,student1147@univ.edu,Male,23,CS,76.52,90.71,97.89,57.94,81.62,63.9,70.39,83.896,B,16.5,Yes,Yes,PhD,Low,6
S2148,Maria,Taylor,student1148@univ.edu,Male,18,Data Science,54.16,98.96,70.22,76.17,78.62,87.3,96.23,82.022,B,31.5,No,Yes,High School,Medium,10
S2149,Fatima,Johnson,student1149@univ.edu,Male,20,Business,64.26,81.53,56.55,87.23,71.11,17.6,69.98,70.3465,C,20.2,Yes,Yes,None,High,6
S2150,David,Jones,student1150@univ.edu,Male,25,CS,76.02,62.69,51.6,63.65,50.85,34.2,65.37,57.5785,D,20.9,Yes,Yes,PhD,High,6
S2151,Fatima,Anderson,student1151@univ.edu,Female,21,Engineering,92.62,56.85,81.67,96.94,81.05,16.9,94.28,80.795,B,25.7,No,No,Bachelor's,Medium,7
S2152,Zainab,Jones,student1152@univ.edu,Female,21,Data Science,85.38,79.8,72.18,59.74,93.98,90.7,56.82,72.804,C,22.2,Yes,No,Bachelor's,Low,4
S2153,Sara,Khan,student1153@univ.edu,Female,24,Data Science,81.09,98.85,76.24,53.31,88.48,27.0,56.21,76.154,B,6.6,Yes,Yes,None,Medium,5
S2154,Liam,Ahmed,student1154@univ.edu,Male,24,Engineering,74.8,77.6,85.31,82.22,99.08,44.5,96.78,87.0905,A,21.8,Yes,No,High School,High,6
S2155,Sophia,Williams,student1155@univ.edu,Male,24,Mathematics,64.93,92.9,83.55,92.47,56.95,89.5,60.45,79.303,B,24.4,No,Yes,Master's,High,9
S2156,Omar,Khan,student1156@univ.edu,Male,21,CS,55.96,59.75,42.6,97.66,61.13,55.3,57.42,59.2915,D,24.2,Yes,Yes,None,Low,4
S2157,Liam,Davis,student1157@univ.edu,Female,22,Engineering,70.45,64.42,88.15,88.36,76.96,93.3,76.76,80.0485,B,26.9,No,Yes,Master's,High,4
S2158,Sara,Smith,student1158@univ.edu,Male,24,Data Science,51.43,94.38,71.96,59.98,61.79,92.6,52.34,70.1785,C,20.6,Yes,Yes,Bachelor's,Low,7
S2159,Liam,Taylor,student1159@univ.edu,Female,23,CS,60.55,85.41,63.5,98.88,51.73,46.2,81.0,74.0485,C,32.0,No,No,Bachelor's,Low,1
S2160,Sara,Taylor,student1160@univ.edu,Male,20,CS,71.62,98.88,72.25,95.97,70.11,58.2,72.65,80.873,B,18.9,No,Yes,PhD,Medium,7
S2161,Sara,Davis,student1161@univ.edu,Male,19,Mathematics,70.93,86.49,76.75,58.16,64.38,23.0,82.02,74.8445,C,20.5,Yes,No,Bachelor's,Medium,8
S2162,Emma,Anderson,student1162@univ.edu,Male,21,Data Science,52.21,66.91,48.97,77.94,63.19,99.1,64.2,61.321,D,28.4,No,Yes,High School,Low,2
S2163,John,Smith,student1163@univ.edu,Female,23,Business,79.45,71.86,65.04,77.78,97.66,27.8,95.27,77.7425,B,30.0,Yes,Yes,Bachelor's,Medium,4
S2164,Hassan,Miller,student1164@univ.edu,Male,20,Mathematics,77.48,94.03,60.14,72.13,61.92,78.3,63.53,69.492,C,24.5,Yes,Yes,PhD,High,4
S2165,Fatima,Johnson,student1165@univ.edu,Female,20,Mathematics,53.91,73.1,61.02,99.21,56.47,31.3,81.88,71.611,C,8.8,No,Yes,None,Low,10
S2166,Hassan,Smith,student1166@univ.edu,Male,18,Business,97.16,55.32,45.48,52.98,56.27,31.3,97.25,57.957,D,15.0,Yes,Yes,PhD,Low,10
S2167,Hassan,Anderson,student1167@univ.edu,Male,25,Business,54.97,66.14,49.59,81.36,90.32,10.4,70.04,66.8425,C,5.6,No,No,None,Medium,6
S2168,Hassan,Brown,student1168@univ.edu,Female,23,Mathematics,92.74,70.98,49.71,60.27,85.74,56.0,58.07,62.2065,D,13.9,Yes,No,PhD,Low,7
S2169,David,Williams,student1169@univ.edu,Male,21,CS,50.02,45.8,62.39,76.37,56.47,24.5,53.42,58.9355,D,22.1,No,No,Bachelor's,Low,7
S2170,Emma,Smith,student1170@univ.edu,Male,24,Engineering,94.11,84.63,93.67,88.99,60.99,14.8,98.15,86.93,A,29.2,No,No,Master's,Low,4
S2171,Sophia,Smith,student1171@univ.edu,Male,22,Engineering,50.99,46.56,52.36,62.34,87.37,22.7,88.19,63.323,D,22.6,Yes,No,High School,Medium,3
S2172,Emma,Williams,student1172@univ.edu,Male,24,Mathematics,87.89,64.3,64.97,69.67,63.73,25.1,95.95,70.002,C,6.2,Yes,No,Master's,Low,4
S2173,Ahmed,Johnson,student1173@univ.edu,Female,20,CS,68.08,88.28,58.7,97.54,99.08,50.4,84.94,80.435,B,12.8,Yes,Yes,High School,Low,9
S2174,Ahmed,Smith,student1174@univ.edu,Female,20,Business,86.91,68.05,87.24,88.07,77.03,38.6,67.12,78.977,B,22.3,Yes,No,Bachelor's,Low,10
S2175,David,Williams,student1175@univ.edu,Male,19,Physics,70.09,90.52,43.01,78.64,59.6,7.5,56.15,62.316,D,26.3,No,Yes,PhD,Medium,7
S2176,Liam,Williams,student1176@univ.edu,Male,24,Mathematics,53.55,60.51,51.79,61.1,92.94,53.6,96.47,67.805,C,31.0,Yes,No,PhD,Low,3
S2177,John,Williams,student1177@univ.edu,Female,25,Data Science,88.38,97.46,52.64,71.27,65.97,78.8,74.48,69.674,C,34.0,No,No,None,Low,3
S2178,David,Wilson,student1178@univ.edu,Male,25,CS,53.56,52.57,99.58,88.7,64.44,57.4,69.83,78.8125,B,31.8,No,Yes,Master's,Medium,5
S2179,Sara,Anderson,student1179@univ.edu,Female,18,Data Science,96.11,42.3,74.25,91.03,66.37,97.5,78.89,69.891,C,19.0,Yes,No,High School,Low,8
S2180,Maria,Wilson,student1180@univ.edu,Male,25,Data Science,52.55,92.35,48.34,62.23,88.41,9.9,55.33,66.2845,C,27.4,Yes,Yes,PhD,Low,5
S2181,John,Brown,student1181@univ.edu,Female,20,Mathematics,73.97,85.13,56.33,83.1,58.66,82.1,65.46,67.8245,C,12.2,No,Yes,Bachelor's,Low,6
S2182,Ali,Khan,student1182@univ.edu,Female,20,CS,86.15,53.92,50.07,54.75,69.09,50.6,81.89,59.168,D,6.9,No,Yes,PhD,Low,9
S2183,Fatima,Miller,student1183@univ.edu,Female,25,Data Science,69.66,99.08,47.48,51.16,51.54,52.2,55.01,60.0905,D,6.7,Yes,No,None,Low,9
S2184,John,Wilson,student1184@univ.edu,Female,22,CS,60.86,70.14,87.83,77.43,91.33,51.9,56.76,78.5965,B,12.2,Yes,No,PhD,High,6
S2185,Sara,Wilson,student1185@univ.edu,Male,22,Engineering,87.95,97.06,69.75,61.22,67.04,32.5,75.53,74.393,C,6.1,No,Yes,Bachelor's,Low,5
S2186,Sara,Khan,student1186@univ.edu,Male,25,Physics,89.21,70.3,77.87,53.95,62.41,32.5,81.17,70.944,C,30.5,Yes,Yes,PhD,High,8
S2187,Omar,Anderson,student1187@univ.edu,Female,19,Data Science,96.13,68.31,59.88,86.49,78.99,63.2,59.35,68.3445,C,19.7,No,No,High School,High,1
S2188,Hassan,Khan,student1188@univ.edu,Female,23,Data Science,68.81,66.95,73.22,74.9,85.25,4.5,51.65,70.787,C,29.3,No,Yes,High School,High,3
S2189,David,Miller,student1189@univ.edu,Female,19,CS,75.31,60.09,55.45,89.81,90.64,58.9,97.92,73.181,C,33.2,No,Yes,PhD,High,6
S2190,Sara,Davis,student1190@univ.edu,Female,19,Physics,68.16,72.02,58.48,83.2,67.39,72.5,51.37,65.166,C,34.8,Yes,No,Bachelor's,High,8
S2191,Ahmed,Williams,student1191@univ.edu,Male,25,Engineering,62.85,67.15,79.13,86.49,90.62,35.6,50.1,75.207,B,33.1,No,No,Bachelor's,Medium,6
S2192,Hassan,Ahmed,student1192@univ.edu,Female,22,Data Science,87.55,42.2,49.02,65.37,73.24,21.7,66.17,56.314,D,26.5,Yes,No,PhD,Medium,10
S2193,Sophia,Taylor,student1193@univ.edu,Female,24,Mathematics,66.98,55.63,77.03,63.16,55.06,21.3,61.12,64.9875,D,18.3,Yes,Yes,Bachelor's,Medium,6
S2194,Maria,Miller,student1194@univ.edu,Female,24,CS,71.41,52.79,91.13,80.04,92.32,8.2,78.68,80.1095,B,22.9,No,No,High School,High,4
S2195,Fatima,Brown,student1195@univ.edu,Female,25,CS,70.18,92.05,47.23,60.0,77.38,9.0,94.71,69.754,C,29.5,No,Yes,High School,Low,7
S2196,David,Johnson,student1196@univ.edu,Female,24,Data Science,85.63,75.93,93.85,90.77,80.12,16.7,74.06,84.776,B,31.9,Yes,No,High School,Low,7
S2197,Lucas,Brown,student1197@univ.edu,Female,23,Engineering,95.89,85.82,44.77,76.15,96.87,1.9,88.67,72.087,C,33.7,Yes,Yes,None,Low,1
S2198,Ahmed,Williams,student1198@univ.edu,Female,22,Data Science,83.34,97.41,60.93,61.35,77.96,26.6,95.46,76.023,B,26.9,Yes,No,Master's,Low,3
S2199,Zainab,Miller,student1199@univ.edu,Male,25,Business,73.58,78.64,76.63,81.26,50.28,30.6,59.47,71.2,C,21.2,Yes,Yes,High School,Medium,9
S2200,Ali,Brown,student1200@univ.edu,Female,18,Data Science,88.96,98.96,73.56,97.25,93.53,99.5,74.42,85.318,A,34.1,No,No,PhD,High,6
S2201,Liam,Brown,student1201@univ.edu,Female,21,Physics,82.05,58.71,45.78,54.1,64.24,99.2,82.1,57.831,D,33.8,Yes,Yes,None,Medium,4
S2202,Sara,Khan,student1202@univ.edu,Female,21,Physics,53.03,51.18,87.93,55.47,75.09,18.7,66.59,70.584,C,19.3,Yes,Yes,PhD,Low,8
S2203,Lucas,Davis,student1203@univ.edu,Male,25,Business,54.78,64.2,98.39,92.19,60.24,21.3,86.99,83.1895,B,24.5,Yes,No,Bachelor's,High,7
S2204,Sara,Davis,student1204@univ.edu,Male,25,Physics,51.9,68.25,50.87,55.48,64.85,49.2,85.27,62.2945,D,29.3,No,No,Master's,Low,10
S2205,John,Miller,student1205@univ.edu,Male,18,Physics,72.84,93.72,93.71,51.97,84.33,14.9,71.05,82.645,B,18.0,Yes,Yes,None,Medium,6
S2206,Ahmed,Williams,student1206@univ.edu,Female,24,Mathematics,91.29,73.6,73.41,67.4,71.48,50.4,54.4,69.4055,C,29.9,Yes,No,Bachelor's,Medium,4
S2207,John,Wilson,student1207@univ.edu,Female,21,CS,65.65,57.53,96.16,73.34,81.36,39.9,50.58,75.954,B,8.3,Yes,Yes,Bachelor's,Medium,4
S2208,Omar,Jones,student1208@univ.edu,Female,23,Physics,69.21,84.56,50.57,78.47,91.18,32.5,68.47,70.3295,C,19.4,Yes,Yes,High School,Low,8
S2209,John,Smith,student1209@univ.edu,Male,25,CS,95.47,70.35,87.52,75.37,67.04,82.3,54.1,74.1785,C,19.5,Yes,Yes,PhD,High,3
S2210,Omar,Taylor,student1210@univ.edu,Female,22,Engineering,91.85,49.73,43.59,95.66,78.42,82.8,89.08,64.6765,D,25.5,No,Yes,Bachelor's,High,9
S2211,Ali,Smith,student1211@univ.edu,Male,21,Data Science,83.25,74.61,92.99,88.43,88.88,98.8,66.72,84.073,B,8.5,Yes,No,Bachelor's,Medium,8
S2212,Omar,Anderson,student1212@univ.edu,Male,23,Mathematics,63.34,94.68,80.45,99.19,85.76,22.3,83.3,87.331,A,8.1,No,Yes,Bachelor's,High,4
S2213,Lucas,Ahmed,student1213@univ.edu,Male,22,Business,55.85,90.56,62.22,73.82,76.99,88.8,67.32,72.6085,C,32.0,No,No,Master's,Low,3
S2214,Hassan,Davis,student1214@univ.edu,Male,25,Engineering,50.8,75.21,51.43,54.22,69.17,53.8,89.8,65.021,C,14.1,Yes,Yes,None,High,4
S2215,Sara,Miller,student1215@univ.edu,Male,23,Mathematics,55.35,62.62,88.99,97.78,70.38,59.1,94.42,83.0575,B,14.8,Yes,Yes,High School,Low,2
S2216,Liam,Smith,student1216@univ.edu,Female,18,Mathematics,64.63,45.22,76.19,50.21,71.66,89.6,91.88,67.773,C,28.3,No,Yes,None,Medium,6
S2217,Hassan,Williams,student1217@univ.edu,Female,25,Business,77.59,68.18,61.62,88.8,67.44,94.3,74.22,69.772,C,17.4,No,No,Bachelor's,Medium,3
S2218,Fatima,Taylor,student1218@univ.edu,Male,19,Business,53.2,85.12,66.63,51.56,84.95,72.7,54.2,68.951,C,30.0,No,No,Master's,Medium,3
S2219,John,Smith,student1219@univ.edu,Female,18,CS,56.81,61.62,89.59,88.06,56.27,34.8,68.59,75.6185,B,17.0,No,Yes,Bachelor's,High,1
S2220,Zainab,Taylor,student1220@univ.edu,Female,21,Data Science,59.05,54.13,60.34,96.9,98.37,49.0,71.22,71.9185,C,27.8,No,Yes,PhD,Low,8
S2221,Fatima,Johnson,student1221@univ.edu,Male,22,Engineering,81.6,95.88,45.38,69.46,88.95,61.5,98.01,73.522,C,20.8,Yes,Yes,None,Medium,8
S2222,Ahmed,Williams,student1222@univ.edu,Male,23,Data Science,80.79,89.29,94.68,62.05,64.91,82.9,78.27,81.7805,B,33.1,Yes,Yes,High School,Low,9
S2223,Omar,Ahmed,student1223@univ.edu,Female,21,Engineering,77.54,78.3,63.24,61.31,52.13,65.8,82.04,67.116,C,14.8,Yes,Yes,Master's,Medium,5
S2224,Sara,Jones,student1224@univ.edu,Female,21,Mathematics,62.53,48.21,60.9,74.59,85.57,36.5,89.1,68.346,C,15.9,No,No,None,Low,4
S2225,Maria,Khan,student1225@univ.edu,Female,25,Physics,68.56,48.69,52.26,58.54,86.72,41.8,78.41,61.5795,D,34.1,Yes,Yes,Bachelor's,Medium,9
S2226,David,Brown,student1226@univ.edu,Female,19,Physics,54.83,46.19,93.85,83.65,98.18,5.0,79.92,81.348,B,27.1,Yes,No,High School,Low,3
S2227,Lucas,Taylor,student1227@univ.edu,Male,24,Business,61.32,76.98,53.05,68.42,62.69,92.4,62.27,62.9705,D,28.2,No,No,Master's,Low,4
S2228,Liam,Ahmed,student1228@univ.edu,Female,21,Business,94.89,46.93,78.2,66.16,54.14,8.8,52.94,62.742,D,13.9,Yes,Yes,Bachelor's,Low,8
S2229,Emma,Williams,student1229@univ.edu,Male,19,Mathematics,98.98,90.56,92.85,73.06,95.76,58.0,86.07,88.843,A,21.0,No,No,Bachelor's,High,2
S2230,Lucas,Taylor,student1230@univ.edu,Male,22,Mathematics,82.38,99.58,42.09,77.13,62.93,87.2,92.43,69.521,C,14.4,No,Yes,None,Medium,3
S2231,Ali,Taylor,student1231@univ.edu,Female,22,Engineering,95.84,61.98,89.73,57.1,86.08,42.1,70.6,75.8685,B,12.8,No,Yes,Bachelor's,Low,3
S2232,Maria,Wilson,student1232@univ.edu,Female,23,Mathematics,82.14,67.22,64.64,85.39,53.03,80.0,77.45,68.4485,C,21.1,Yes,No,Bachelor's,High,8
S2233,Zainab,Wilson,student1233@univ.edu,Female,24,Engineering,51.66,82.7,79.48,94.15,88.03,80.4,65.36,81.489,B,34.6,No,No,Master's,High,2
S2234,David,Khan,student1234@univ.edu,Male,19,Data Science,99.84,96.23,62.34,63.9,56.35,6.0,72.51,69.979,C,11.4,Yes,Yes,Bachelor's,High,8
S2235,Maria,Ahmed,student1235@univ.edu,Male,18,Business,54.95,93.65,81.73,59.02,84.78,41.2,60.44,77.9715,B,12.3,No,Yes,PhD,Low,7
S2236,John,Williams,student1236@univ.edu,Male,22,Business,84.13,43.46,55.26,88.03,76.62,69.1,87.99,65.929,C,12.3,Yes,Yes,PhD,Low,1
S2237,Omar,Khan,student1237@univ.edu,Male,25,Physics,62.64,50.14,41.32,59.18,97.77,42.2,74.6,59.2225,D,28.8,No,No,High School,High,8
S2238,Liam,Wilson,student1238@univ.edu,Female,24,Physics,69.6,85.28,96.87,52.06,51.85,54.5,77.36,78.151,B,20.3,Yes,No,PhD,Medium,1
S2239,Sophia,Anderson,student1239@univ.edu,Male,23,Business,82.3,81.33,40.98,80.96,64.6,59.4,51.85,60.2205,D,16.5,No,Yes,PhD,Low,9
S2240,Omar,Jones,student1240@univ.edu,Male,18,Data Science,71.82,47.99,89.45,61.99,53.48,15.1,81.12,70.394,C,30.3,Yes,No,None,Low,1
S2241,Sophia,Khan,student1241@univ.edu,Female,22,Data Science,62.53,70.12,50.15,58.59,93.96,41.2,60.13,63.4785,D,13.9,Yes,No,PhD,Medium,5
S2242,Fatima,Miller,student1242@univ.edu,Male,22,CS,66.72,86.85,63.53,99.08,79.7,2.8,69.17,76.798,B,16.8,Yes,Yes,Bachelor's,Low,8
S2243,David,Khan,student1243@univ.edu,Male,23,Engineering,67.08,53.13,89.35,64.59,76.75,15.0,70.64,73.6955,C,7.2,No,Yes,None,Medium,4
S2244,Sara,Williams,student1244@univ.edu,Female,23,Physics,97.97,92.28,52.36,95.17,56.57,51.2,72.44,70.409,C,8.6,No,Yes,PhD,Medium,6
S2245,Emma,Williams,student1245@univ.edu,Male,20,Engineering,89.93,43.18,91.94,58.91,74.45,57.4,61.37,70.0245,C,9.1,Yes,Yes,Bachelor's,Low,1
S2246,Ahmed,Anderson,student1246@univ.edu,Male,25,Physics,72.93,86.93,69.87,90.95,69.94,14.6,92.51,79.8505,B,15.4,Yes,Yes,High School,High,3
S2247,Hassan,Davis,student1247@univ.edu,Male,21,CS,59.99,76.95,61.97,75.1,65.79,75.6,71.39,68.9215,C,20.7,Yes,No,None,Low,5
S2248,Omar,Davis,student1248@univ.edu,Male,21,Business,90.55,58.91,79.75,53.93,88.61,37.3,80.61,73.167,C,5.0,No,Yes,Bachelor's,High,2
S2249,Liam,Wilson,student1249@univ.edu,Female,18,Engineering,57.86,83.26,60.48,86.68,53.06,92.1,80.7,70.886,C,10.7,Yes,No,None,Low,1
S2250,Hassan,Miller,student1250@univ.edu,Male,21,Physics,60.52,86.94,60.84,94.6,82.33,38.8,80.35,77.274,B,10.3,No,Yes,High School,High,9
S2251,Ali,Wilson,student1251@univ.edu,Female,18,Engineering,68.3,96.03,84.01,58.15,91.15,15.0,77.97,82.7,B,12.6,Yes,Yes,High School,Medium,8
S2252,Ali,Johnson,student1252@univ.edu,Male,24,Business,94.02,62.07,58.59,86.28,95.37,75.8,91.13,73.8375,C,10.0,No,Yes,None,High,3
S2253,Maria,Johnson,student1253@univ.edu,Female,22,Mathematics,56.59,81.16,52.05,72.25,87.3,56.8,90.63,71.9765,C,10.9,Yes,Yes,Bachelor's,High,6
S2254,Hassan,Brown,student1254@univ.edu,Female,20,Physics,56.11,76.16,88.46,87.69,64.12,38.7,70.86,79.5935,B,34.5,No,Yes,Master's,Low,8
S2255,Liam,Johnson,student1255@univ.edu,Female,20,Mathematics,74.7,71.51,88.32,85.7,80.03,35.6,81.79,82.342,B,22.8,No,No,None,Medium,6
S2256,David,Davis,student1256@univ.edu,Male,25,CS,63.82,93.42,69.86,51.33,57.07,15.1,55.14,67.666,C,27.9,Yes,Yes,Master's,High,8
S2257,Fatima,Jones,student1257@univ.edu,Male,25,Data Science,78.44,40.19,71.6,58.94,55.85,34.1,54.54,58.4975,D,29.6,Yes,No,Bachelor's,High,3
S2258,Sophia,Johnson,student1258@univ.edu,Male,22,Engineering,72.58,56.93,81.76,73.55,81.93,2.9,74.0,74.424,C,25.0,Yes,Yes,PhD,Low,4
S2259,Maria,Wilson,student1259@univ.edu,Female,23,Physics,71.75,72.3,70.56,96.68,92.56,50.2,95.01,81.7935,B,26.1,Yes,No,None,Medium,8
S2260,Ali,Taylor,student1260@univ.edu,Male,25,Engineering,55.6,50.7,65.02,67.1,53.36,89.7,82.5,63.341,D,24.0,Yes,Yes,High School,High,10
S2261,Ahmed,Williams,student1261@univ.edu,Male,25,CS,57.05,94.47,99.69,81.44,55.3,79.5,83.46,86.8155,A,24.5,No,No,PhD,Low,10
S2262,Ahmed,Jones,student1262@univ.edu,Male,19,CS,91.05,78.86,48.86,50.6,78.28,2.9,57.88,60.887,D,32.9,No,Yes,Bachelor's,Medium,8
S2263,Omar,Jones,student1263@univ.edu,Male,19,Engineering,94.29,68.67,75.56,85.56,60.91,88.1,72.67,73.051,C,10.6,No,Yes,High School,High,6
S2264,David,Khan,student1264@univ.edu,Female,21,Physics,61.73,88.88,93.15,80.15,80.59,45.2,70.04,84.9955,B,13.2,Yes,Yes,None,High,10
S2265,Sara,Wilson,student1265@univ.edu,Female,23,Business,55.67,67.05,81.23,85.77,60.73,19.1,89.15,77.188,B,7.8,No,No,Bachelor's,High,6
S2266,Ali,Williams,student1266@univ.edu,Male,18,Business,52.67,73.52,92.86,95.23,55.82,75.2,56.89,78.396,B,30.1,Yes,Yes,None,High,9
S2267,Zainab,Davis,student1267@univ.edu,Male,24,Data Science,80.41,40.17,60.18,57.32,77.28,32.3,76.96,60.831,D,18.5,No,Yes,PhD,High,8
S2268,David,Jones,student1268@univ.edu,Male,20,Engineering,85.77,61.94,56.32,63.08,93.11,25.3,95.57,69.864,C,32.2,No,Yes,None,Medium,3
S2269,Fatima,Brown,student1269@univ.edu,Female,21,Engineering,68.64,48.33,91.08,99.79,84.26,16.1,94.62,83.3445,B,17.4,Yes,Yes,High School,High,7
S2270,Sophia,Wilson,student1270@univ.edu,Male,25,Physics,83.98,81.38,63.65,57.81,90.94,48.7,92.62,74.759,C,18.3,Yes,No,None,High,9
S2271,Liam,Jones,student1271@univ.edu,Female,22,Engineering,85.65,68.74,82.58,86.03,63.32,9.3,68.75,75.366,B,18.5,Yes,Yes,PhD,High,10
S2272,Hassan,Miller,student1272@univ.edu,Female,23,Physics,96.77,58.11,48.86,86.25,94.3,78.6,97.06,70.3645,C,23.4,No,Yes,PhD,High,3
S2273,Ali,Ahmed,student1273@univ.edu,Male,25,Engineering,53.24,68.07,85.35,84.15,68.85,47.1,90.27,79.977,B,28.0,No,Yes,High School,Low,9
S2274,Hassan,Khan,student1274@univ.edu,Male,20,CS,59.61,52.58,72.94,61.37,92.62,44.7,92.56,73.0275,C,15.5,No,No,Master's,Medium,5
S2275,Ahmed,Williams,student1275@univ.edu,Male,18,Mathematics,53.43,95.51,56.12,60.76,73.56,0.2,96.62,73.385,C,23.9,Yes,Yes,Master's,Medium,10
S2276,Liam,Johnson,student1276@univ.edu,Female,18,Engineering,93.4,43.24,69.67,83.32,63.39,81.8,96.85,69.5665,C,11.1,No,No,None,Medium,9
S2277,Liam,Jones,student1277@univ.edu,Female,19,Mathematics,89.63,91.93,81.82,59.31,63.01,49.3,62.0,74.671,C,21.6,No,No,PhD,High,1
S2278,Liam,Wilson,student1278@univ.edu,Male,21,Business,78.73,70.68,40.71,83.08,78.38,44.0,56.38,61.0605,D,21.4,No,No,Bachelor's,Medium,4
S2279,Ahmed,Johnson,student1279@univ.edu,Female,25,Data Science,54.18,77.14,78.25,74.63,53.95,76.1,84.54,74.7835,C,31.7,Yes,Yes,Bachelor's,High,9
S2280,Fatima,Ahmed,student1280@univ.edu,Male,22,Business,63.67,58.16,72.5,69.33,96.5,6.3,78.16,73.6055,C,31.9,No,No,PhD,High,9
S2281,Hassan,Brown,student1281@univ.edu,Male,20,Engineering,64.89,98.0,53.22,65.01,63.57,36.7,66.37,67.4695,C,19.6,No,Yes,Bachelor's,Low,6
S2282,Lucas,Johnson,student1282@univ.edu,Female,25,Physics,78.04,56.91,85.18,97.38,66.78,57.6,84.22,78.452,B,5.7,No,Yes,High School,High,10
S2283,Hassan,Miller,student1283@univ.edu,Female,24,Business,62.9,75.33,58.21,75.4,61.67,46.1,53.1,63.965,D,30.3,No,No,None,Medium,6
S2284,John,Davis,student1284@univ.edu,Female,18,CS,53.65,99.61,56.61,78.06,50.15,18.2,52.36,66.821,C,5.0,Yes,No,PhD,High,3
S2285,Sophia,Jones,student1285@univ.edu,Female,25,Mathematics,86.54,92.87,68.27,97.46,84.63,29.9,67.72,79.94,B,19.3,No,No,None,Medium,10
S2286,Zainab,Smith,student1286@univ.edu,Male,20,Physics,64.95,72.18,80.57,82.69,79.53,30.0,59.69,75.922,B,5.6,Yes,Yes,High School,High,5
S2287,Lucas,Smith,student1287@univ.edu,Male,22,Physics,72.62,99.42,95.73,97.89,90.48,99.2,85.93,94.5345,A,15.6,No,Yes,Bachelor's,Low,8
S2288,Sophia,Johnson,student1288@univ.edu,Male,20,Engineering,56.38,82.08,48.48,55.32,52.05,32.6,97.4,64.0995,D,24.1,Yes,No,PhD,High,2
S2289,Maria,Anderson,student1289@univ.edu,Female,21,CS,90.13,52.52,63.79,92.33,96.43,20.5,83.08,73.6065,C,16.1,No,No,High School,Medium,2
S2290,David,Williams,student1290@univ.edu,Male,19,Mathematics,78.28,64.34,44.02,66.77,66.54,82.3,82.74,60.6825,D,32.8,Yes,No,High School,Low,4
S2291,David,Khan,student1291@univ.edu,Female,20,CS,95.08,60.07,85.51,90.52,95.65,42.1,50.33,77.4175,B,24.2,No,Yes,None,High,9
S2292,Emma,Smith,student1292@univ.edu,Female,23,Business,74.77,60.64,66.86,92.78,55.36,44.4,75.61,69.0915,C,24.4,No,No,PhD,Low,5
S2293,David,Anderson,student1293@univ.edu,Female,25,Engineering,97.07,85.63,82.42,63.57,87.2,54.9,90.86,82.2175,B,16.2,No,No,None,High,3
S2294,Hassan,Smith,student1294@univ.edu,Male,19,Physics,94.59,75.06,59.33,70.44,78.97,59.6,82.71,70.5955,C,6.2,No,Yes,None,Low,8
S2295,Ahmed,Anderson,student1295@univ.edu,Female,22,Physics,78.82,42.29,90.66,86.3,67.91,59.1,61.39,72.529,C,27.1,Yes,No,High School,High,7
S2296,Zainab,Williams,student1296@univ.edu,Female,19,Business,96.69,92.65,72.09,54.95,53.96,3.4,92.42,73.961,C,26.5,Yes,Yes,None,Medium,9
S2297,Sara,Taylor,student1297@univ.edu,Female,20,Physics,66.15,57.81,96.62,87.78,80.24,81.9,98.22,85.315,A,20.9,Yes,No,Bachelor's,High,10
S2298,Omar,Smith,student1298@univ.edu,Female,20,Data Science,68.28,99.82,44.73,55.52,51.32,19.5,63.95,61.238,D,17.5,No,Yes,Bachelor's,Medium,6
S2299,Emma,Miller,student1299@univ.edu,Female,23,Engineering,52.27,97.25,70.86,95.72,75.06,29.2,60.35,78.9205,B,21.1,Yes,Yes,High School,High,2
S2300,Omar,Ahmed,student1300@univ.edu,Female,18,Business,79.46,96.43,85.99,63.82,80.21,17.3,66.93,81.0265,B,27.4,No,Yes,None,High,1
S2301,Sophia,Jones,student1301@univ.edu,Female,25,Engineering,86.1,88.67,76.01,78.78,86.63,76.7,53.16,77.123,B,26.4,Yes,No,Bachelor's,Medium,5
S2302,Omar,Anderson,student1302@univ.edu,Female,23,Mathematics,88.68,53.24,41.39,55.86,99.57,58.4,93.67,62.4995,D,24.7,No,No,Master's,Medium,7
S2303,Omar,Ahmed,student1303@univ.edu,Female,20,Engineering,57.49,71.96,98.34,63.47,63.0,75.5,96.46,82.2505,B,32.1,No,No,Master's,Medium,7
S2304,Emma,Jones,student1304@univ.edu,Female,24,Engineering,72.21,53.46,57.9,70.2,66.12,65.3,81.67,63.6555,D,23.3,No,Yes,None,Medium,2
S2305,Maria,Wilson,student1305@univ.edu,Female,19,Mathematics,58.84,55.58,54.96,74.35,67.06,10.4,88.22,64.7965,D,5.4,No,Yes,High School,High,6
S2306,Hassan,Wilson,student1306@univ.edu,Female,23,Business,83.11,76.66,69.14,50.0,86.58,30.1,83.43,72.5325,C,23.5,No,No,Bachelor's,High,1
S2307,Liam,Khan,student1307@univ.edu,Male,23,Engineering,57.9,42.45,72.53,94.43,96.59,50.7,68.87,72.859,C,23.4,Yes,Yes,PhD,High,1
S2308,David,Ahmed,student1308@univ.edu,Male,25,CS,95.21,98.17,85.98,50.38,98.72,30.5,81.6,84.332,B,7.1,No,No,PhD,Medium,2
S2309,David,Williams,student1309@univ.edu,Female,24,Engineering,61.53,95.12,63.6,88.68,97.29,20.7,91.82,82.9525,B,17.8,Yes,Yes,Bachelor's,High,5
S2310,Ahmed,Anderson,student1310@univ.edu,Female,24,Business,64.57,62.85,66.4,73.53,93.97,87.0,90.5,74.51,C,24.5,Yes,Yes,None,High,10
S2311,Emma,Brown,student1311@univ.edu,Female,24,Physics,92.55,70.93,72.1,76.19,99.55,74.8,54.05,73.8895,C,26.1,No,No,Master's,Low,10
S2312,Ahmed,Wilson,student1312@univ.edu,Male,25,Mathematics,72.92,67.97,63.66,60.41,68.8,34.5,73.13,66.226,C,31.8,No,Yes,Master's,Low,2
S2313,Sara,Williams,student1313@univ.edu,Male,18,Physics,51.2,92.93,94.87,80.37,97.42,76.5,69.87,88.9395,A,30.2,Yes,Yes,Bachelor's,Medium,10
S2314,Sara,Ahmed,student1314@univ.edu,Male,20,Business,74.73,81.32,91.08,76.86,88.05,62.8,87.6,86.0185,A,8.5,Yes,Yes,Master's,Medium,3
S2315,Ahmed,Wilson,student1315@univ.edu,Female,20,Data Science,54.23,56.69,67.3,58.21,58.42,0.4,75.07,63.648,D,23.3,No,No,Bachelor's,Low,9
S2316,Emma,Wilson,student1316@univ.edu,Female,22,Physics,99.27,66.81,40.01,61.91,52.27,38.0,67.49,54.616,F,22.9,Yes,Yes,High School,High,5
S2317,Ahmed,Brown,student1317@univ.edu,Female,25,Engineering,79.41,65.74,94.06,53.35,60.72,29.0,85.32,75.9775,B,14.1,Yes,No,Master's,High,3
S2318,David,Smith,student1318@univ.edu,Female,18,Engineering,62.83,97.56,47.46,53.31,88.94,21.8,73.68,68.5125,C,10.5,Yes,No,None,Medium,5
S2319,Lucas,Johnson,student1319@univ.edu,Male,22,Mathematics,78.19,50.52,54.67,50.69,81.58,25.2,62.83,58.5035,D,11.0,No,Yes,Master's,High,3
S2320,John,Ahmed,student1320@univ.edu,Female,22,Engineering,53.84,45.37,49.14,61.02,61.22,94.2,94.52,58.787,D,10.3,Yes,No,Bachelor's,High,5
S2321,Zainab,Khan,student1321@univ.edu,Male,22,CS,89.99,92.84,50.79,83.98,87.1,48.6,55.65,70.354,C,29.2,No,No,PhD,Low,10
S2322,Omar,Taylor,student1322@univ.edu,Male,25,CS,96.27,93.8,88.17,65.81,57.07,84.8,50.9,75.6865,B,9.5,Yes,No,Master's,Low,6
S2323,John,Wilson,student1323@univ.edu,Female,21,Physics,93.72,92.3,74.77,67.14,91.09,21.4,57.2,76.944,B,12.9,Yes,Yes,Bachelor's,Medium,9
S2324,Hassan,Ahmed,student1324@univ.edu,Male,22,Business,67.09,70.66,97.37,56.6,89.71,17.4,58.18,78.885,B,11.5,No,No,Master's,Medium,2
S2325,Emma,Wilson,student1325@univ.edu,Male,23,Mathematics,66.29,79.58,53.89,78.77,98.63,88.9,76.9,72.9225,C,26.4,No,Yes,Master's,Low,3
S2326,Fatima,Miller,student1326@univ.edu,Male,19,Data Science,51.75,73.8,69.14,67.11,57.51,49.6,81.24,69.838,C,9.8,No,No,Master's,High,6
S2327,John,Taylor,student1327@univ.edu,Male,23,Physics,82.57,44.17,98.65,83.82,95.33,89.5,72.43,81.0985,B,5.7,No,Yes,PhD,Low,2
S2328,Zainab,Brown,student1328@univ.edu,Female,23,Business,76.75,75.75,89.59,87.07,67.06,6.3,60.21,78.6575,B,16.2,Yes,Yes,Bachelor's,Low,8
S2329,Sara,Jones,student1329@univ.edu,Female,20,Mathematics,72.97,40.82,83.72,79.23,70.8,91.6,56.61,68.462,C,14.2,Yes,No,High School,Medium,10
S2330,Sophia,Anderson,student1330@univ.edu,Male,21,Mathematics,95.38,59.5,51.34,63.8,73.42,41.5,74.61,61.6435,D,16.9,Yes,No,None,High,7
S2331,Omar,Wilson,student1331@univ.edu,Female,25,Physics,58.39,95.94,86.16,75.43,81.35,15.5,78.27,84.6015,B,27.6,Yes,No,PhD,Medium,1
S2332,Zainab,Johnson,student1332@univ.edu,Male,22,Business,50.48,58.24,60.85,62.6,99.74,68.3,65.2,67.0765,C,5.4,Yes,No,None,Medium,5
S2333,Liam,Anderson,student1333@univ.edu,Female,20,Business,53.67,96.39,71.83,95.15,80.0,79.7,61.02,79.844,B,6.1,Yes,No,None,Low,5
S2334,Fatima,Taylor,student1334@univ.edu,Female,18,Engineering,61.17,55.01,76.55,88.32,96.34,4.7,54.03,73.598,C,12.7,Yes,Yes,High School,Low,1
S2335,Emma,Anderson,student1335@univ.edu,Female,18,Data Science,51.66,58.87,76.56,74.65,62.75,98.7,51.31,66.8765,C,31.7,No,No,Master's,Medium,6
S2336,Omar,Smith,student1336@univ.edu,Female,25,CS,75.14,77.7,83.59,98.27,69.92,69.7,55.29,78.3185,B,10.1,Yes,Yes,High School,Low,2
S2337,Hassan,Wilson,student1337@univ.edu,Female,20,Engineering,65.7,85.7,79.7,77.34,75.22,32.1,87.1,80.984,B,34.9,No,No,None,Low,3
S2338,John,Anderson,student1338@univ.edu,Male,19,Mathematics,59.02,70.08,44.1,66.43,66.15,15.1,67.2,59.418,D,29.2,Yes,No,PhD,High,5
S2339,Sara,Jones,student1339@univ.edu,Female,25,Data Science,87.5,92.93,67.44,54.77,98.84,39.3,51.37,72.937,C,18.7,Yes,Yes,None,High,6
S2340,Maria,Jones,student1340@univ.edu,Male,20,Data Science,60.22,42.41,79.84,77.19,86.28,22.1,75.41,72.258,C,27.4,Yes,Yes,None,Medium,2
S2341,Lucas,Wilson,student1341@univ.edu,Male,20,Business,84.38,95.33,57.76,93.02,73.94,49.4,76.8,75.846,B,20.6,Yes,Yes,High School,High,4
S2342,Liam,Davis,student1342@univ.edu,Female,21,Data Science,67.46,51.78,58.78,93.34,87.57,78.2,71.43,68.78,C,22.0,No,Yes,Bachelor's,Medium,3
S2343,Fatima,Jones,student1343@univ.edu,Male,25,Physics,75.59,93.05,47.47,80.23,73.37,66.0,55.53,66.594,C,22.4,Yes,No,None,High,1
S2344,Lucas,Anderson,student1344@univ.edu,Female,18,Data Science,96.69,64.05,65.12,69.67,50.86,43.6,87.75,66.844,C,24.5,Yes,No,Bachelor's,Low,4
S2345,Omar,Khan,student1345@univ.edu,Male,18,Mathematics,51.87,89.97,99.21,82.51,77.16,11.9,84.45,89.3355,A,6.8,Yes,Yes,Master's,Low,6
S2346,Sara,Williams,student1346@univ.edu,Male,22,Physics,75.01,80.3,57.12,88.11,81.26,95.7,69.74,71.9185,C,23.5,Yes,Yes,None,Medium,10
S2347,Sara,Jones,student1347@univ.edu,Female,23,Physics,92.72,50.56,71.89,70.58,99.06,27.0,69.04,71.0755,C,26.5,Yes,Yes,High School,High,7
S2348,Zainab,Ahmed,student1348@univ.edu,Female,25,Engineering,79.4,95.08,84.59,73.81,52.04,27.8,57.8,76.17,B,14.3,Yes,Yes,Master's,Low,6
S2349,John,Taylor,student1349@univ.edu,Female,20,Data Science,63.84,54.73,40.81,84.03,75.6,64.6,87.68,62.326,D,34.4,No,Yes,PhD,Medium,1
S2350,Zainab,Davis,student1350@univ.edu,Female,25,Business,69.88,54.65,94.03,93.83,54.91,77.1,79.98,78.1485,B,9.3,No,No,None,High,5
S2351,David,Ahmed,student1351@univ.edu,Male,20,Engineering,84.01,88.85,63.19,89.55,57.45,98.4,54.29,70.08,C,32.3,No,Yes,High School,Low,5
S2352,John,Anderson,student1352@univ.edu,Female,19,Business,94.54,46.35,92.15,51.12,80.52,96.9,68.9,71.6035,C,25.3,No,Yes,None,High,6
S2353,David,Brown,student1353@univ.edu,Male,25,Data Science,52.05,53.32,42.34,56.22,61.58,91.4,95.18,57.43,D,24.9,No,Yes,High School,Medium,5
S2354,Zainab,Miller,student1354@univ.edu,Male,24,Engineering,53.58,70.22,48.74,92.64,87.46,43.5,72.62,69.011,C,31.3,No,No,High School,Medium,9
S2355,David,Brown,student1355@univ.edu,Male,24,Data Science,66.25,89.83,59.35,91.69,75.71,16.7,66.25,73.786,C,30.0,No,Yes,Bachelor's,Medium,6
S2356,Liam,Smith,student1356@univ.edu,Male,18,Mathematics,61.64,48.85,60.73,69.44,60.91,58.4,82.19,62.9065,D,15.4,Yes,No,None,Low,9
S2357,Zainab,Ahmed,student1357@univ.edu,Male,19,Engineering,63.25,72.86,90.87,79.21,74.69,1.7,60.15,78.484,B,26.2,No,Yes,High School,Medium,4
S2358,John,Miller,student1358@univ.edu,Male,21,Business,61.06,82.67,40.67,95.29,50.04,19.6,76.19,63.9965,D,6.5,No,Yes,High School,High,3
S2359,Ali,Smith,student1359@univ.edu,Female,22,Mathematics,59.79,91.64,78.47,95.58,93.14,0.3,83.48,86.6225,A,18.9,No,Yes,Master's,Low,6
S2360,Zainab,Miller,student1360@univ.edu,Male,19,CS,56.53,96.13,47.88,89.15,50.63,18.1,92.74,70.862,C,33.1,No,Yes,None,Medium,1
S2361,Maria,Miller,student1361@univ.edu,Male,18,Business,96.7,87.08,89.39,60.48,50.35,47.5,84.63,78.0215,B,13.2,Yes,No,Master's,Medium,10
S2362,Fatima,Williams,student1362@univ.edu,Male,21,Data Science,57.21,79.17,86.71,86.51,80.58,39.3,69.22,81.629,B,6.5,No,Yes,Bachelor's,Low,5
S2363,Ahmed,Johnson,student1363@univ.edu,Female,20,Business,60.22,66.02,70.0,55.05,98.68,36.9,88.39,74.022,C,22.5,No,No,Bachelor's,Medium,2
S2364,Ahmed,Taylor,student1364@univ.edu,Female,21,CS,62.31,46.73,52.76,94.7,92.8,83.1,94.92,70.175,C,15.7,No,No,High School,High,6
S2365,John,Brown,student1365@univ.edu,Male,23,Business,96.65,82.58,78.07,57.46,62.6,67.5,73.89,72.933,C,16.4,No,Yes,High School,Low,3
S2366,John,Jones,student1366@univ.edu,Female,25,Mathematics,87.79,99.56,49.38,83.12,59.83,93.6,50.23,66.172,C,22.5,Yes,Yes,High School,High,9
S2367,Lucas,Anderson,student1367@univ.edu,Male,19,Physics,89.48,84.21,51.4,80.51,81.31,44.5,94.05,73.2125,C,23.6,Yes,No,None,High,2
S2368,Fatima,Davis,student1368@univ.edu,Female,18,Business,55.24,41.0,77.6,88.84,91.13,27.2,58.27,71.096,C,18.1,No,Yes,None,Medium,1
S2369,Fatima,Taylor,student1369@univ.edu,Male,19,Engineering,91.82,69.78,99.47,77.58,68.1,12.3,56.32,79.0705,B,20.2,Yes,Yes,PhD,Low,7
S2370,Liam,Smith,student1370@univ.edu,Female,20,CS,70.41,76.88,93.46,52.98,71.62,67.2,65.38,76.584,B,34.8,No,No,High School,Medium,5
S2371,John,Williams,student1371@univ.edu,Female,24,Business,63.14,81.38,75.59,85.29,55.77,84.2,69.0,74.2415,C,33.7,Yes,Yes,Master's,High,1
S2372,Fatima,Smith,student1372@univ.edu,Female,20,CS,78.79,83.18,72.31,69.16,57.64,18.4,89.97,74.46,C,26.2,Yes,No,PhD,Medium,5
S2373,Hassan,Johnson,student1373@univ.edu,Male,18,Physics,91.11,73.49,99.9,66.01,78.42,87.9,69.46,81.7465,B,9.8,Yes,No,None,Medium,4
S2374,Lucas,Davis,student1374@univ.edu,Male,23,Mathematics,88.93,53.4,72.84,99.58,55.13,52.6,52.44,67.2465,C,15.8,Yes,Yes,None,High,1
S2375,David,Williams,student1375@univ.edu,Male,22,Engineering,94.5,96.53,65.21,79.52,60.1,14.4,81.8,75.3425,B,31.5,No,No,High School,Medium,8
S2376,Sara,Smith,student1376@univ.edu,Female,25,Data Science,96.41,81.8,94.57,85.54,61.73,64.3,83.56,84.084,B,17.7,Yes,Yes,Master's,High,4
S2377,Sara,Johnson,student1377@univ.edu,Female,25,Business,61.91,54.21,54.05,76.32,72.2,52.0,90.71,65.644,C,33.7,No,No,Master's,Low,10
S2378,David,Anderson,student1378@univ.edu,Male,21,Mathematics,71.19,59.34,45.85,88.5,52.28,2.8,69.94,59.5235,D,19.6,No,No,Bachelor's,High,7
S2379,Emma,Anderson,student1379@univ.edu,Female,21,CS,50.73,95.32,78.05,87.6,74.99,39.9,54.3,78.915,B,30.9,Yes,Yes,High School,Low,6
S2380,Lucas,Smith,student1380@univ.edu,Male,20,Physics,93.97,93.25,45.75,82.86,96.43,78.5,77.65,73.2035,C,6.1,Yes,Yes,None,High,9
S2381,Hassan,Taylor,student1381@univ.edu,Male,19,CS,57.73,64.31,62.39,99.89,51.22,55.5,56.05,65.7725,C,18.0,Yes,No,High School,High,1
S2382,Fatima,Davis,student1382@univ.edu,Male,24,Physics,93.07,42.3,65.41,72.99,81.55,28.2,50.85,62.162,D,26.0,No,No,High School,Medium,10
S2383,Ali,Wilson,student1383@univ.edu,Male,19,Physics,66.47,42.91,72.85,85.31,91.79,92.9,88.93,73.984,C,30.9,No,Yes,Bachelor's,Low,9
S2384,Lucas,Taylor,student1384@univ.edu,Female,23,Mathematics,68.41,57.04,99.5,89.89,65.62,23.8,70.17,80.085,B,23.3,Yes,No,Bachelor's,High,8
S2385,Zainab,Anderson,student1385@univ.edu,Female,22,Business,51.96,77.75,53.26,68.8,56.58,25.3,76.25,64.4355,D,10.2,No,No,PhD,Medium,5
S2386,David,Davis,student1386@univ.edu,Female,25,Data Science,66.34,75.05,62.55,72.86,52.17,35.5,83.14,68.128,C,31.6,Yes,Yes,High School,Medium,3
S2387,Hassan,Johnson,student1387@univ.edu,Male,19,Business,94.42,78.03,47.93,98.46,82.2,89.5,70.05,69.988,C,22.2,Yes,Yes,None,Low,10
S2388,Maria,Williams,student1388@univ.edu,Female,25,Engineering,51.28,83.04,76.46,51.61,77.61,50.8,52.56,70.636,C,8.2,Yes,No,Bachelor's,Medium,2
S2389,Sophia,Khan,student1389@univ.edu,Male,21,Business,70.32,41.14,83.66,66.76,61.46,68.2,62.64,66.138,C,18.9,Yes,Yes,PhD,Medium,9
S2390,Omar,Ahmed,student1390@univ.edu,Male,25,Physics,51.57,46.31,68.92,74.31,91.58,97.6,59.72,67.2255,C,26.0,No,No,PhD,High,3
S2391,David,Miller,student1391@univ.edu,Male,24,Physics,68.55,61.57,54.75,50.07,86.78,78.3,98.87,66.8345,C,18.5,Yes,No,PhD,Low,4
S2392,Ali,Smith,student1392@univ.edu,Male,25,Engineering,58.63,49.29,77.25,94.96,63.82,17.3,86.98,73.7595,C,31.1,No,No,None,Low,6
S2393,Fatima,Khan,student1393@univ.edu,Male,19,CS,62.61,44.52,72.35,64.31,87.67,78.8,72.58,67.9105,C,17.7,No,Yes,Bachelor's,Low,5
S2394,Ali,Brown,student1394@univ.edu,Male,24,Physics,93.88,78.46,50.27,62.89,62.25,74.8,53.17,60.033,D,22.5,No,Yes,Master's,Low,6
S2395,Ali,Davis,student1395@univ.edu,Female,25,Engineering,71.8,88.92,64.34,91.02,83.76,23.3,55.79,74.8885,C,11.3,Yes,Yes,None,Medium,2
S2396,John,Ahmed,student1396@univ.edu,Female,22,Physics,63.69,85.16,66.11,63.9,55.93,32.5,90.64,71.741,C,20.4,No,No,High School,Low,5
S2397,John,Jones,student1397@univ.edu,Female,21,Data Science,79.47,89.02,98.96,82.88,84.61,71.0,97.27,92.154,A,11.7,Yes,No,Master's,Medium,4
S2398,Liam,Johnson,student1398@univ.edu,Female,25,Physics,57.11,79.95,90.96,91.08,61.94,23.8,51.57,78.5145,B,11.8,No,No,None,Medium,1
S2399,David,Wilson,student1399@univ.edu,Male,24,Mathematics,62.97,84.12,84.06,89.62,78.62,20.8,95.52,85.809,A,13.4,Yes,Yes,Bachelor's,Medium,4
S2400,Liam,Miller,student1400@univ.edu,Male,19,Engineering,77.31,56.31,93.33,89.1,58.62,70.3,69.03,76.44,B,6.3,Yes,No,PhD,Medium,2
S2401,David,Jones,student1401@univ.edu,Female,21,Business,61.88,99.58,84.13,54.43,86.3,88.1,60.68,79.573,B,9.9,No,No,None,Low,7
S2402,Lucas,Wilson,student1402@univ.edu,Female,20,Engineering,83.96,50.99,94.2,53.99,53.04,7.5,55.11,67.489,C,17.7,No,No,High School,Medium,7
S2403,Omar,Brown,student1403@univ.edu,Female,20,CS,74.57,52.87,43.27,65.34,58.27,44.6,88.59,57.5485,D,8.9,No,No,High School,High,5
S2404,Ali,Anderson,student1404@univ.edu,Female,23,Physics,88.6,57.34,67.36,51.8,59.21,60.7,73.45,62.713,D,9.0,Yes,No,High School,High,1
S2405,Lucas,Taylor,student1405@univ.edu,Female,20,Engineering,97.41,98.52,84.81,75.02,52.07,67.6,91.62,82.194,B,34.0,Yes,No,Master's,High,1
S2406,Sophia,Smith,student1406@univ.edu,Female,19,Data Science,55.79,99.3,75.0,69.74,87.25,99.6,61.31,78.855,B,17.8,Yes,Yes,PhD,High,7
S2407,Sara,Williams,student1407@univ.edu,Female,22,Engineering,66.73,87.69,50.51,77.85,99.05,68.3,83.93,74.341,C,17.1,No,Yes,None,Medium,10
S2408,Ahmed,Wilson,student1408@univ.edu,Female,21,Data Science,65.98,77.74,60.43,64.94,88.92,62.0,55.91,68.164,C,13.0,Yes,Yes,Master's,High,1
S2409,Zainab,Miller,student1409@univ.edu,Male,24,Physics,57.56,71.2,59.07,74.29,93.03,99.0,54.49,68.186,C,20.4,Yes,No,None,High,2
S2410,Hassan,Khan,student1410@univ.edu,Male,18,Business,90.52,98.24,55.68,66.74,50.3,6.1,56.67,65.1925,C,22.9,Yes,Yes,Bachelor's,Medium,4
S2411,David,Davis,student1411@univ.edu,Male,20,Physics,87.99,81.74,60.59,59.76,55.89,7.4,90.45,68.4695,C,17.5,Yes,No,Bachelor's,Low,5
S2412,Sophia,Anderson,student1412@univ.edu,Male,20,CS,74.22,96.68,70.89,82.47,77.95,56.1,82.78,80.6275,B,16.8,No,No,None,Low,1
S2413,Sara,Davis,student1413@univ.edu,Female,18,Mathematics,76.89,58.99,91.29,83.67,98.89,35.9,58.3,79.8785,B,26.0,Yes,Yes,Master's,Low,1
S2414,Fatima,Miller,student1414@univ.edu,Male,24,Business,52.98,60.03,84.52,91.46,83.04,9.7,69.24,78.149,B,33.5,No,No,High School,Low,3
S2415,Emma,Davis,student1415@univ.edu,Female,24,Business,77.78,91.28,90.11,93.74,68.71,30.6,88.18,87.389,A,31.3,Yes,No,Master's,Medium,1
S2416,Omar,Wilson,student1416@univ.edu,Male,18,Mathematics,89.57,48.99,93.02,85.22,57.31,67.4,64.28,73.3765,C,8.6,Yes,No,Master's,Medium,3
S2417,Hassan,Khan,student1417@univ.edu,Female,24,Engineering,78.69,96.76,64.97,84.37,57.64,88.1,96.06,77.802,B,24.6,Yes,Yes,None,Low,5
S2418,Liam,Johnson,student1418@univ.edu,Female,19,Physics,63.27,70.45,60.76,52.83,68.14,9.4,95.73,67.861,C,5.2,No,No,Master's,High,3
S2419,Liam,Davis,student1419@univ.edu,Male,24,Engineering,83.38,95.58,43.46,55.49,85.69,54.0,77.65,67.1515,C,24.0,Yes,No,Bachelor's,Medium,10
S2420,Lucas,Taylor,student1420@univ.edu,Male,21,Engineering,68.07,60.21,95.83,90.63,51.59,29.6,81.6,79.1555,B,18.9,No,Yes,None,High,8
S2421,Hassan,Khan,student1421@univ.edu,Female,24,Physics,77.24,82.96,43.95,61.65,92.61,66.7,82.66,67.5125,C,19.7,Yes,No,None,High,5
S2422,John,Brown,student1422@univ.edu,Female,25,CS,74.38,68.97,84.47,67.78,97.08,54.9,62.92,77.5255,B,22.6,No,Yes,None,High,5
S2423,Sara,Williams,student1423@univ.edu,Female,25,Business,69.06,77.61,62.69,57.26,94.44,92.7,68.27,70.459,C,27.3,Yes,No,Master's,Low,6
S2424,Emma,Wilson,student1424@univ.edu,Male,20,Data Science,85.94,70.26,96.93,59.76,95.65,3.8,56.8,79.809,B,26.9,No,Yes,PhD,Low,4
S2425,Sophia,Ahmed,student1425@univ.edu,Male,22,Mathematics,94.19,98.03,65.18,88.77,50.77,47.0,96.24,77.786,B,6.3,No,Yes,High School,Low,5
S2426,Omar,Jones,student1426@univ.edu,Female,19,Business,50.26,81.53,89.0,63.09,98.89,19.3,86.19,84.6815,B,27.1,Yes,Yes,High School,High,6
S2427,Sara,Khan,student1427@univ.edu,Male,19,Engineering,96.68,55.08,56.96,72.45,68.32,53.7,52.32,59.9155,D,29.9,Yes,No,Bachelor's,High,6
S2428,Emma,Ahmed,student1428@univ.edu,Female,24,Mathematics,75.58,94.58,57.95,57.58,93.46,85.4,77.47,73.475,C,7.0,No,No,None,Medium,5
S2429,Ahmed,Ahmed,student1429@univ.edu,Male,22,Data Science,85.04,57.64,75.73,83.9,59.34,91.1,67.15,69.592,C,14.7,Yes,No,High School,Medium,10
S2430,David,Ahmed,student1430@univ.edu,Male,22,Business,92.78,62.3,99.88,86.41,72.33,39.8,90.76,84.843,B,28.8,Yes,No,Master's,Low,6
S2431,Liam,Miller,student1431@univ.edu,Male,23,Business,73.36,46.13,71.05,68.08,52.21,81.2,67.19,62.2155,D,19.8,Yes,Yes,Master's,Medium,9
S2432,Sophia,Anderson,student1432@univ.edu,Male,22,CS,91.75,94.0,96.18,89.24,52.0,28.1,82.21,85.9805,A,25.8,No,Yes,Master's,High,8
S2433,Liam,Khan,student1433@univ.edu,Male,24,Business,58.88,57.17,87.17,62.0,97.16,0.6,58.29,74.561,C,20.1,No,Yes,Bachelor's,High,4
S2434,Sophia,Wilson,student1434@univ.edu,Female,24,Business,57.96,55.54,87.75,84.6,90.53,85.5,77.94,79.781,B,34.3,Yes,No,None,High,2
S2435,Lucas,Johnson,student1435@univ.edu,Female,18,Data Science,82.87,95.22,66.16,86.5,76.49,11.9,64.69,76.352,B,33.1,Yes,No,High School,Low,4
S2436,John,Ahmed,student1436@univ.edu,Male,20,Data Science,93.51,88.33,63.19,98.43,76.27,1.8,58.24,74.7235,C,13.4,No,Yes,None,Medium,6
S2437,Sophia,Anderson,student1437@univ.edu,Female,25,Mathematics,94.62,48.46,51.52,61.62,87.44,35.4,80.96,62.227,D,16.6,Yes,Yes,None,High,10
S2438,Liam,Taylor,student1438@univ.edu,Female,23,Engineering,82.19,86.16,97.84,54.69,67.08,37.9,81.93,82.031,B,17.9,Yes,Yes,Master's,Low,7
S2439,Lucas,Miller,student1439@univ.edu,Male,24,Data Science,76.27,94.78,97.56,63.15,88.09,7.7,99.17,90.6635,A,8.1,No,Yes,High School,Low,4
S2440,Sophia,Anderson,student1440@univ.edu,Female,18,Mathematics,66.57,44.71,84.82,56.14,74.25,81.4,83.46,70.7065,C,17.1,Yes,Yes,Bachelor's,Medium,3
S2441,Ahmed,Davis,student1441@univ.edu,Male,23,Business,99.0,89.51,57.78,58.48,81.9,40.6,75.79,70.5505,C,28.2,No,Yes,None,High,1
S2442,John,Wilson,student1442@univ.edu,Female,20,Mathematics,65.98,72.85,54.71,66.71,98.24,49.0,95.63,72.8055,C,30.4,Yes,Yes,PhD,Low,7
S2443,Sophia,Brown,student1443@univ.edu,Female,23,Mathematics,87.21,80.15,99.32,70.7,73.57,26.5,91.41,86.144,A,31.6,No,Yes,Master's,Low,1
S2444,Lucas,Miller,student1444@univ.edu,Female,18,Mathematics,76.6,69.57,43.99,95.19,70.92,51.2,77.44,65.843,C,5.4,No,No,PhD,High,8
S2445,Fatima,Smith,student1445@univ.edu,Female,21,Physics,80.43,81.87,90.61,59.78,95.29,76.7,75.57,82.6835,B,28.7,Yes,Yes,Bachelor's,Low,5
S2446,Sara,Taylor,student1446@univ.edu,Female,25,Mathematics,69.67,42.05,61.33,98.59,95.13,90.6,97.1,73.4985,C,20.1,No,Yes,Bachelor's,Low,8
S2447,Maria,Ahmed,student1447@univ.edu,Female,24,Data Science,98.24,85.76,65.13,90.51,99.62,97.1,80.86,80.596,B,11.2,Yes,No,Bachelor's,Medium,2
S2448,Emma,Williams,student1448@univ.edu,Female,25,Physics,78.58,42.0,89.92,94.07,77.54,42.7,85.69,78.467,B,20.0,No,No,Bachelor's,Medium,3
S2449,Maria,Miller,student1449@univ.edu,Male,20,Engineering,96.89,67.32,45.44,96.47,67.21,99.0,54.33,62.0695,D,30.3,No,No,High School,Medium,4
S2450,Fatima,Johnson,student1450@univ.edu,Male,19,Mathematics,50.38,49.06,61.25,87.66,62.02,29.5,85.92,66.5895,C,18.0,Yes,No,PhD,Medium,2
S2451,Maria,Wilson,student1451@univ.edu,Male,20,CS,78.63,89.41,97.12,89.44,51.7,0.7,63.23,82.5295,B,34.7,Yes,No,Master's,Medium,4
S2452,Fatima,Davis,student1452@univ.edu,Male,20,Business,85.86,58.82,81.94,71.89,86.34,76.8,55.78,72.5445,C,23.5,No,Yes,PhD,High,6
S2453,Omar,Williams,student1453@univ.edu,Female,20,Business,87.25,67.25,85.3,75.52,61.67,17.8,92.48,77.7555,B,19.7,Yes,Yes,High School,Low,7
S2454,Fatima,Williams,student1454@univ.edu,Female,21,Physics,95.25,65.73,85.45,96.62,80.33,5.2,84.56,82.28,B,13.8,No,No,None,High,6
S2455,Fatima,Taylor,student1455@univ.edu,Female,24,Business,50.22,86.35,43.63,68.91,95.83,92.4,70.38,67.8085,C,5.3,No,No,Bachelor's,High,7
S2456,Ali,Anderson,student1456@univ.edu,Male,18,Business,50.02,68.87,52.19,52.1,97.51,79.2,71.57,65.2175,C,23.3,No,Yes,None,Medium,2
S2457,Fatima,Johnson,student1457@univ.edu,Male,24,Physics,73.61,87.34,69.48,88.14,50.22,10.3,59.86,71.519,C,22.3,Yes,No,Bachelor's,High,1
S2458,Ahmed,Anderson,student1458@univ.edu,Male,19,Business,51.46,44.41,62.09,78.66,65.85,77.7,50.48,59.862,D,20.5,No,Yes,Master's,Low,9
S2459,Sara,Davis,student1459@univ.edu,Female,18,Mathematics,98.73,51.5,64.65,90.74,91.87,84.4,67.47,70.4395,C,21.1,Yes,No,Bachelor's,High,7
S2460,David,Williams,student1460@univ.edu,Male,23,Engineering,61.1,73.09,86.89,53.78,76.82,90.5,57.42,73.2325,C,30.3,No,Yes,Bachelor's,High,2
S2461,Sophia,Johnson,student1461@univ.edu,Female,23,Physics,73.63,96.83,40.88,81.06,90.38,54.4,71.09,70.0535,C,14.5,No,No,None,Medium,7
S2462,Emma,Johnson,student1462@univ.edu,Male,23,CS,53.06,44.49,79.63,62.39,92.67,70.3,91.69,73.781,C,21.5,Yes,No,None,High,4
S2463,John,Jones,student1463@univ.edu,Female,18,Physics,76.1,42.59,40.01,95.16,72.13,76.2,55.74,55.976,D,25.4,Yes,No,None,High,3
S2464,Sara,Wilson,student1464@univ.edu,Male,22,Data Science,69.0,49.39,43.78,55.5,67.95,68.9,54.59,51.907,F,11.3,Yes,No,High School,Medium,4
S2465,Liam,Williams,student1465@univ.edu,Female,21,CS,52.23,78.47,64.5,92.15,72.77,64.7,95.11,77.2735,B,32.7,No,No,Bachelor's,Low,5
S2466,David,Williams,student1466@univ.edu,Male,22,Data Science,66.76,63.94,90.46,54.43,82.64,54.8,87.26,78.0985,B,27.1,No,Yes,None,Medium,9
S2467,Omar,Johnson,student1467@univ.edu,Male,24,Physics,69.57,89.53,48.7,51.25,68.36,47.9,52.65,60.79,D,6.6,Yes,No,High School,Medium,4
S2468,Omar,Anderson,student1468@univ.edu,Female,23,Data Science,99.5,44.32,73.28,61.75,88.75,99.6,53.98,65.184,C,31.0,Yes,No,Master's,High,9
S2469,Zainab,Williams,student1469@univ.edu,Female,21,CS,60.39,51.78,80.71,66.65,95.2,33.8,84.25,75.5195,B,32.9,Yes,Yes,Master's,Medium,4
S2470,Fatima,Johnson,student1470@univ.edu,Male,18,Mathematics,77.24,58.0,53.77,81.33,64.12,8.8,68.52,62.515,D,28.8,No,No,Bachelor's,Medium,1
S2471,Sara,Williams,student1471@univ.edu,Female,23,Physics,99.37,77.6,70.74,56.59,98.25,76.5,86.21,76.4365,B,17.8,No,No,None,Low,1
S2472,Lucas,Johnson,student1472@univ.edu,Male,18,Physics,89.6,81.11,94.68,71.87,81.14,21.4,70.22,82.8445,B,34.8,No,Yes,Bachelor's,High,4
S2473,Ali,Jones,student1473@univ.edu,Female,21,Business,99.67,47.45,70.73,60.21,93.91,53.3,98.39,72.122,C,8.7,Yes,Yes,Bachelor's,Low,4
S2474,Maria,Wilson,student1474@univ.edu,Male,18,Physics,98.41,96.63,49.44,92.77,55.2,9.6,84.72,71.5335,C,21.1,No,No,Bachelor's,Low,10
S2475,Liam,Johnson,student1475@univ.edu,Female,18,Physics,74.48,60.46,77.67,52.25,62.57,61.9,52.33,64.349,D,10.1,Yes,No,High School,Medium,7
S2476,Omar,Khan,student1476@univ.edu,Male,19,Mathematics,84.82,82.79,75.53,67.8,66.05,94.4,66.53,73.0505,C,18.2,Yes,No,Bachelor's,Low,1
S2477,Emma,Williams,student1477@univ.edu,Male,24,Business,55.52,71.45,41.62,81.57,65.14,72.3,78.18,62.5905,D,32.8,Yes,No,Master's,Low,5
S2478,Omar,Davis,student1478@univ.edu,Male,22,Engineering,72.06,53.37,45.44,95.65,58.59,21.5,57.09,58.2775,D,28.8,No,Yes,None,Medium,10
S2479,John,Wilson,student1479@univ.edu,Female,25,Data Science,90.45,90.77,49.41,93.4,93.41,97.1,50.13,70.9885,C,28.5,No,Yes,PhD,Medium,8
S2480,Sophia,Jones,student1480@univ.edu,Male,22,CS,75.27,89.09,48.18,94.76,70.93,30.7,53.97,67.63,C,15.6,No,Yes,PhD,High,8
S2481,Omar,Ahmed,student1481@univ.edu,Female,22,Engineering,85.13,63.76,55.57,53.14,98.16,43.7,76.21,66.328,C,33.0,Yes,No,PhD,Medium,7
S2482,John,Johnson,student1482@univ.edu,Female,20,Business,87.29,75.32,67.25,92.05,79.17,49.8,81.61,76.526,B,16.0,No,Yes,None,Medium,4
S2483,Sara,Davis,student1483@univ.edu,Female,19,Mathematics,62.67,55.47,62.3,89.0,56.92,99.1,54.65,62.9845,D,6.2,No,No,Bachelor's,Medium,7
S2484,Sara,Johnson,student1484@univ.edu,Male,25,CS,93.78,81.39,93.44,95.12,77.3,6.9,83.26,87.334,A,24.1,Yes,Yes,None,High,1
S2485,Ali,Anderson,student1485@univ.edu,Female,23,Data Science,72.99,58.54,76.73,65.58,99.68,69.7,80.86,75.4815,B,15.9,Yes,No,None,Low,6
S2486,Zainab,Williams,student1486@univ.edu,Female,23,Physics,60.51,90.64,92.57,95.59,78.26,36.2,96.99,91.1535,A,9.6,Yes,Yes,High School,Medium,7
S2487,David,Miller,student1487@univ.edu,Female,23,Physics,93.27,53.04,71.62,70.13,50.09,7.8,92.03,67.5125,C,33.0,No,Yes,None,High,3
S2488,Omar,Taylor,student1488@univ.edu,Male,22,Engineering,70.89,40.89,45.39,81.7,96.65,93.5,97.16,65.391,C,24.1,Yes,Yes,High School,Medium,8
S2489,Emma,Brown,student1489@univ.edu,Female,24,Data Science,87.52,56.11,67.8,71.21,61.74,59.0,98.31,69.641,C,33.2,Yes,Yes,Master's,Low,8
S2490,Omar,Anderson,student1490@univ.edu,Female,22,Business,77.4,51.46,89.32,71.38,84.43,75.4,72.04,75.7315,B,22.5,No,Yes,High School,Low,8
S2491,Zainab,Davis,student1491@univ.edu,Female,25,Data Science,69.09,70.5,51.65,77.33,75.75,24.0,74.4,66.2995,C,6.9,Yes,No,PhD,Medium,5
S2492,Hassan,Anderson,student1492@univ.edu,Female,24,Mathematics,90.49,52.22,45.47,67.8,66.27,76.2,64.08,56.081,D,5.9,Yes,Yes,High School,Medium,7
S2493,Emma,Smith,student1493@univ.edu,Male,19,Engineering,79.22,85.79,59.77,89.64,64.13,82.8,75.42,72.456,C,32.0,No,Yes,Master's,High,5
S2494,Ahmed,Johnson,student1494@univ.edu,Male,24,Engineering,69.53,54.48,63.33,81.68,96.44,43.1,57.54,68.4105,C,6.2,Yes,Yes,None,Low,8
S2495,Fatima,Johnson,student1495@univ.edu,Female,25,Mathematics,55.48,82.42,58.38,84.49,95.6,57.2,83.57,76.466,B,23.5,No,No,PhD,Medium,9
S2496,David,Khan,student1496@univ.edu,Female,18,Data Science,94.77,74.71,48.11,61.55,75.66,97.2,51.25,60.0495,D,13.9,Yes,No,High School,Medium,4
S2497,Ahmed,Brown,student1497@univ.edu,Female,22,Mathematics,51.77,99.17,55.05,98.48,62.92,84.7,61.78,72.5785,C,25.6,No,No,Bachelor's,Medium,4
S2498,Hassan,Brown,student1498@univ.edu,Female,23,CS,93.16,99.99,80.94,83.01,55.12,44.5,60.4,78.1065,B,13.5,Yes,Yes,None,Medium,7
S2499,Hassan,Smith,student1499@univ.edu,Male,18,Mathematics,68.0,92.17,63.16,59.86,57.83,66.5,96.89,72.727,C,6.1,Yes,Yes,PhD,High,7
S2500,Zainab,Williams,student1500@univ.edu,Male,22,Data Science,81.97,85.6,77.95,87.52,76.11,78.4,57.25,77.5345,B,26.9,No,Yes,PhD,High,8
S2501,Omar,Taylor,student1501@univ.edu,Male,21,Mathematics,96.11,63.19,72.18,58.69,65.39,2.4,94.54,70.694,C,14.3,No,Yes,High School,Low,7
S2502,Zainab,Miller,student1502@univ.edu,Male,20,Business,57.59,85.2,72.94,53.17,52.1,58.8,56.22,66.7925,C,21.5,No,No,None,Low,7
S2503,Zainab,Ahmed,student1503@univ.edu,Female,22,Physics,78.35,97.4,54.91,76.38,72.76,98.5,82.53,73.449,C,28.2,Yes,No,None,High,6
S2504,Hassan,Miller,student1504@univ.edu,Female,21,Mathematics,88.22,41.4,71.29,77.68,87.31,94.7,65.99,67.8785,C,26.1,Yes,Yes,Bachelor's,Low,6
S2505,David,Jones,student1505@univ.edu,Male,25,Physics,87.88,72.27,41.42,59.45,94.58,83.2,65.8,61.9255,D,15.5,Yes,Yes,Bachelor's,High,10
S2506,Ahmed,Khan,student1506@univ.edu,Male,19,Mathematics,76.28,53.08,65.9,67.42,79.26,10.6,99.91,70.6695,C,27.4,No,Yes,PhD,Medium,3
S2507,Maria,Ahmed,student1507@univ.edu,Female,21,Data Science,81.24,73.47,74.36,97.29,86.16,99.4,61.3,77.4325,B,32.8,Yes,Yes,PhD,Medium,4
S2508,Omar,Jones,student1508@univ.edu,Female,19,CS,87.88,67.99,50.92,64.25,68.2,61.0,60.13,60.307,D,23.3,No,Yes,Master's,High,10
S2509,Hassan,Williams,student1509@univ.edu,Female,22,CS,92.05,74.55,55.39,57.78,74.81,22.3,79.47,66.1055,C,26.1,Yes,Yes,PhD,Medium,4
S2510,Ahmed,Jones,student1510@univ.edu,Female,19,Physics,88.09,73.06,53.17,99.63,86.48,67.4,87.04,74.194,C,31.0,No,Yes,Bachelor's,Medium,9
S2511,Maria,Jones,student1511@univ.edu,Female,21,Data Science,67.7,97.61,44.23,65.12,86.38,85.7,99.13,72.597,C,30.3,No,No,High School,High,6
S2512,Maria,Smith,student1512@univ.edu,Male,24,Data Science,99.84,73.13,60.87,84.01,71.23,11.2,85.07,71.977,C,15.5,No,Yes,Master's,Medium,10
S2513,Sara,Smith,student1513@univ.edu,Male,20,Data Science,71.73,90.77,98.74,61.58,77.18,91.6,78.09,85.2405,A,34.8,No,Yes,PhD,Low,3
S2514,Ali,Jones,student1514@univ.edu,Female,18,Business,51.22,59.19,61.23,77.51,96.19,92.0,70.46,69.8925,C,5.9,Yes,Yes,Bachelor's,Medium,4
S2515,Omar,Anderson,student1515@univ.edu,Female,18,Engineering,68.13,66.29,67.63,69.31,81.6,1.3,79.76,71.529,C,34.6,No,No,Master's,Low,6
S2516,Maria,Ahmed,student1516@univ.edu,Male,20,Mathematics,56.39,68.22,79.19,98.08,82.13,90.0,80.04,80.398,B,12.4,Yes,No,High School,High,6
S2517,Hassan,Wilson,student1517@univ.edu,Female,23,Data Science,56.07,56.72,78.91,71.64,89.23,94.7,60.89,72.2265,C,18.2,Yes,Yes,High School,Low,5
S2518,Sara,Wilson,student1518@univ.edu,Male,18,Data Science,64.08,62.79,96.99,79.21,55.76,3.8,83.56,79.284,B,31.5,No,Yes,Bachelor's,Medium,1
S2519,Ahmed,Williams,student1519@univ.edu,Male,25,Data Science,52.67,75.91,91.45,97.24,76.14,29.4,60.22,82.2295,B,12.3,No,No,None,Low,10
S2520,John,Miller,student1520@univ.edu,Male,22,CS,84.43,74.81,87.64,99.46,97.97,37.3,74.5,86.4255,A,11.7,Yes,No,Bachelor's,Medium,6
S2521,Omar,Khan,student1521@univ.edu,Male,23,Data Science,53.7,78.19,97.1,55.08,68.08,34.9,62.99,77.5455,B,24.3,Yes,No,Bachelor's,Medium,4
S2522,David,Brown,student1522@univ.edu,Female,22,Mathematics,60.16,61.11,53.85,91.72,64.75,75.9,65.64,64.386,D,26.2,Yes,No,Bachelor's,Low,8
S2523,Zainab,Williams,student1523@univ.edu,Female,21,Data Science,54.64,58.95,77.02,69.11,80.06,35.8,80.69,73.226,C,5.2,No,No,None,Medium,10
S2524,Emma,Jones,student1524@univ.edu,Male,25,Mathematics,53.16,76.7,93.23,79.74,61.06,95.7,53.22,77.0735,B,18.5,Yes,No,PhD,Low,1
S2525,Emma,Smith,student1525@univ.edu,Female,21,Business,63.39,47.97,77.45,68.75,77.8,99.5,50.6,66.274,C,19.7,Yes,Yes,PhD,Medium,5
S2526,Ahmed,Johnson,student1526@univ.edu,Female,23,Engineering,78.59,55.18,98.65,70.06,57.78,31.7,56.53,73.219,C,13.2,Yes,No,High School,High,4
S2527,Lucas,Anderson,student1527@univ.edu,Female,23,CS,98.23,42.53,46.02,57.94,78.99,50.9,58.44,53.9185,F,21.4,Yes,Yes,PhD,High,5
S2528,Lucas,Davis,student1528@univ.edu,Female,25,Mathematics,93.78,44.36,66.36,78.64,80.12,55.8,59.89,64.8955,D,9.6,Yes,Yes,Bachelor's,Low,9
S2529,Ahmed,Smith,student1529@univ.edu,Male,25,Physics,93.8,54.6,98.64,77.34,70.92,57.9,88.7,80.988,B,14.7,Yes,Yes,PhD,Low,7
S2530,Hassan,Wilson,student1530@univ.edu,Female,23,Business,58.8,41.17,62.77,59.47,69.14,37.4,72.34,60.346,D,26.4,No,No,None,High,3
S2531,Maria,Khan,student1531@univ.edu,Male,23,Engineering,63.25,54.72,84.37,77.09,62.27,16.6,73.5,72.4025,C,31.2,No,Yes,PhD,High,3
S2532,Ali,Ahmed,student1532@univ.edu,Male,19,Engineering,53.82,79.3,41.82,98.66,66.55,5.5,82.22,67.6115,C,22.7,No,No,Bachelor's,High,7
S2533,Omar,Smith,student1533@univ.edu,Female,24,Engineering,88.92,43.67,81.69,85.72,74.92,10.6,86.46,74.3905,C,7.2,No,Yes,PhD,High,1
S2534,Emma,Anderson,student1534@univ.edu,Male,23,Mathematics,53.49,66.2,96.08,74.05,62.38,90.1,50.18,74.8595,C,25.4,No,No,High School,Medium,8
S2535,Emma,Ahmed,student1535@univ.edu,Female,25,Business,77.83,94.79,62.96,95.8,89.14,28.0,92.84,82.661,B,31.9,Yes,No,PhD,Low,3
S2536,Ali,Brown,student1536@univ.edu,Female,24,Data Science,62.39,87.48,41.28,78.77,85.45,7.7,99.42,71.49,C,20.1,No,No,High School,Low,8
S2537,Maria,Jones,student1537@univ.edu,Male,23,Physics,62.17,58.33,41.67,56.75,63.47,62.4,56.09,52.697,F,19.8,Yes,No,Master's,High,8
S2538,Emma,Johnson,student1538@univ.edu,Female,21,Business,99.54,95.49,93.52,77.38,54.87,7.5,82.55,84.05,B,34.7,No,No,None,Low,2
S2539,Zainab,Wilson,student1539@univ.edu,Male,22,Business,87.84,59.78,83.35,59.05,50.01,7.0,50.12,65.0055,C,24.1,No,No,High School,Low,3
S2540,David,Wilson,student1540@univ.edu,Male,24,Business,91.85,44.35,46.4,88.38,79.84,62.2,52.45,58.2105,D,29.2,No,Yes,Master's,Medium,10
S2541,Omar,Khan,student1541@univ.edu,Female,21,Mathematics,78.6,99.64,43.28,98.36,60.57,59.1,64.25,68.553,C,24.4,No,Yes,Master's,Medium,1
S2542,Sophia,Taylor,student1542@univ.edu,Female,18,Physics,93.55,92.2,88.29,68.04,50.63,4.1,92.32,80.99,B,11.6,Yes,No,Bachelor's,Low,6
S2543,Emma,Miller,student1543@univ.edu,Female,25,Mathematics,82.27,67.96,88.59,71.75,67.95,46.0,82.63,77.948,B,13.5,Yes,Yes,Master's,Medium,3
S2544,Ahmed,Brown,student1544@univ.edu,Male,19,Physics,97.31,79.98,47.23,71.07,98.1,43.6,72.29,68.7455,C,25.0,No,No,None,High,9
S2545,David,Wilson,student1545@univ.edu,Female,19,Physics,64.07,80.27,58.09,64.26,84.5,54.7,71.93,69.489,C,18.7,Yes,Yes,None,Low,1
S2546,Emma,Miller,student1546@univ.edu,Male,22,Mathematics,79.77,51.67,86.8,89.71,92.89,73.8,73.3,79.099,B,17.1,No,No,None,Medium,8
S2547,Fatima,Wilson,student1547@univ.edu,Male,23,Physics,84.51,52.0,71.52,80.89,57.24,28.3,65.55,65.984,C,5.7,Yes,Yes,None,Medium,7
S2548,Zainab,Ahmed,student1548@univ.edu,Female,21,Business,69.65,68.17,97.4,53.2,53.66,43.3,93.89,77.8365,B,31.5,No,Yes,Bachelor's,Low,7
S2549,David,Jones,student1549@univ.edu,Female,18,Mathematics,93.99,94.69,68.86,91.94,50.58,79.3,78.39,76.1755,B,31.5,Yes,No,PhD,Low,8
S2550,Sara,Miller,student1550@univ.edu,Female,21,Physics,98.99,40.6,80.62,59.35,97.78,92.3,74.2,71.0365,C,18.8,Yes,No,High School,High,9
S2551,Sophia,Anderson,student1551@univ.edu,Male,25,Engineering,74.69,86.95,70.59,98.96,65.01,89.1,73.25,77.6795,B,26.0,No,No,Bachelor's,Medium,8
S2552,Liam,Taylor,student1552@univ.edu,Female,25,Mathematics,69.53,43.45,96.58,68.83,72.98,47.8,96.79,78.283,B,10.3,No,No,Bachelor's,Low,6
S2553,Ahmed,Jones,student1553@univ.edu,Male,23,CS,73.6,68.69,63.92,80.82,69.73,52.1,86.18,71.6195,C,20.1,Yes,Yes,High School,Medium,1
S2554,Ahmed,Anderson,student1554@univ.edu,Female,23,Mathematics,92.64,78.27,53.79,53.89,86.52,52.9,57.24,64.128,D,18.2,Yes,No,High School,Medium,1
S2555,Omar,Johnson,student1555@univ.edu,Female,25,Mathematics,82.27,81.21,59.6,67.23,65.5,86.9,71.85,67.789,C,24.7,No,No,PhD,Medium,7
S2556,Ali,Brown,student1556@univ.edu,Male,20,Mathematics,52.24,43.51,91.17,90.12,76.77,84.0,64.42,75.308,B,19.1,No,Yes,PhD,Medium,3
S2557,David,Brown,student1557@univ.edu,Male,25,Physics,77.11,65.12,69.88,73.86,99.78,31.2,99.34,78.429,B,20.0,No,No,None,Low,3
S2558,Maria,Davis,student1558@univ.edu,Female,21,Mathematics,50.87,75.03,61.26,95.23,72.2,16.3,70.77,72.177,C,13.9,No,No,PhD,Low,9
S2559,Ahmed,Davis,student1559@univ.edu,Female,22,CS,88.93,43.96,72.66,78.76,77.56,37.9,53.39,65.6795,C,6.5,Yes,No,PhD,High,10
S2560,David,Miller,student1560@univ.edu,Female,21,Data Science,66.42,48.11,47.99,96.43,75.13,28.8,70.56,62.7365,D,32.5,Yes,No,High School,Low,4
S2561,Hassan,Ahmed,student1561@univ.edu,Female,19,Mathematics,73.6,79.82,40.32,99.13,90.16,95.1,66.07,68.38,C,5.4,No,No,Master's,Medium,3
S2562,David,Brown,student1562@univ.edu,Female,18,Engineering,89.93,71.3,56.84,72.69,63.34,26.6,79.98,66.5555,C,13.4,Yes,Yes,None,High,2
S2563,Hassan,Khan,student1563@univ.edu,Male,24,CS,52.32,49.71,76.3,78.26,58.52,18.1,61.3,66.359,C,18.4,No,No,None,Low,5
S2564,Fatima,Miller,student1564@univ.edu,Male,22,Data Science,57.93,72.11,82.7,91.75,87.7,89.9,51.8,78.0545,B,14.6,Yes,Yes,Bachelor's,Low,9
S2565,John,Davis,student1565@univ.edu,Male,20,Physics,69.9,94.76,89.6,61.08,70.78,8.6,54.79,78.3095,B,21.6,Yes,No,PhD,High,8
S2566,John,Johnson,student1566@univ.edu,Male,18,Mathematics,61.5,40.94,95.6,93.08,95.69,26.0,64.16,79.5875,B,18.8,Yes,Yes,PhD,Low,8
S2567,Liam,Wilson,student1567@univ.edu,Female,18,Data Science,66.9,78.56,64.73,79.6,82.21,43.9,67.42,72.752,C,12.7,Yes,Yes,High School,Low,1
S2568,Sara,Anderson,student1568@univ.edu,Male,24,Engineering,99.91,44.42,84.43,86.28,78.22,59.5,91.72,76.8675,B,7.6,No,Yes,PhD,Low,9
S2569,Liam,Ahmed,student1569@univ.edu,Male,19,CS,91.27,40.39,44.48,53.99,53.52,32.8,63.5,49.2975,F,9.1,No,Yes,Bachelor's,Medium,8
S2570,Hassan,Smith,student1570@univ.edu,Male,19,CS,94.2,49.04,43.45,88.31,86.52,49.6,51.57,58.9755,D,19.6,Yes,No,High School,High,3
S2571,Emma,Miller,student1571@univ.edu,Female,19,Physics,96.85,65.37,47.49,65.54,84.3,19.9,89.04,65.5275,C,30.4,Yes,No,None,High,8
S2572,Maria,Johnson,student1572@univ.edu,Male,22,Physics,67.05,88.14,66.91,90.26,82.0,57.4,93.45,80.903,B,8.0,No,Yes,PhD,Medium,9
S2573,Emma,Anderson,student1573@univ.edu,Female,21,Physics,64.85,56.91,52.68,75.46,63.4,40.8,74.62,61.842,D,25.3,No,Yes,PhD,High,2
S2574,Lucas,Brown,student1574@univ.edu,Male,18,Data Science,61.7,77.54,57.22,63.73,97.34,84.9,64.25,69.333,C,28.8,No,No,Bachelor's,Low,1
S2575,Emma,Wilson,student1575@univ.edu,Female,21,Mathematics,91.51,64.67,78.87,97.64,66.08,41.6,88.61,78.388,B,13.3,Yes,No,Bachelor's,Medium,1
S2576,Omar,Anderson,student1576@univ.edu,Male,21,Business,83.98,54.06,61.51,88.25,57.61,44.4,50.44,61.7855,D,25.0,No,Yes,High School,Medium,1
S2577,Emma,Taylor,student1577@univ.edu,Female,19,CS,61.81,70.85,73.44,99.28,99.36,59.2,96.2,84.1,B,25.6,No,No,None,Medium,5
S2578,Liam,Davis,student1578@univ.edu,Male,21,Business,68.85,87.85,64.74,68.22,87.31,12.3,93.28,77.5505,B,26.2,No,Yes,Bachelor's,High,2
S2579,Ahmed,Anderson,student1579@univ.edu,Female,18,CS,75.34,89.95,50.14,82.46,70.74,15.7,77.24,70.105,C,31.7,Yes,No,Bachelor's,Medium,4
S2580,Zainab,Smith,student1580@univ.edu,Female,18,Physics,76.41,90.79,44.44,80.58,96.8,79.0,63.88,69.901,C,17.0,Yes,No,None,Medium,1
S2581,Ahmed,Johnson,student1581@univ.edu,Male,23,Mathematics,94.44,60.31,54.17,84.38,54.56,27.3,51.64,59.6085,D,12.3,No,Yes,Master's,Medium,2
S2582,John,Wilson,student1582@univ.edu,Female,20,Mathematics,69.03,87.61,43.46,51.92,54.38,68.5,99.99,63.6765,D,21.3,No,No,High School,High,7
S2583,Zainab,Khan,student1583@univ.edu,Female,22,CS,95.43,52.73,77.12,64.59,84.12,9.7,88.1,73.0595,C,6.9,Yes,No,Master's,High,9
S2584,Ali,Jones,student1584@univ.edu,Male,21,Data Science,72.07,84.31,87.74,95.47,58.9,82.2,66.94,80.7675,B,15.0,Yes,No,None,High,6
S2585,Maria,Anderson,student1585@univ.edu,Male,22,Physics,87.32,96.9,60.38,71.19,95.86,98.8,50.96,73.2145,C,31.5,Yes,Yes,PhD,Medium,10
S2586,Maria,Khan,student1586@univ.edu,Female,22,Mathematics,96.51,40.82,63.23,98.03,92.02,37.4,81.96,71.096,C,21.0,No,No,High School,Low,10
S2587,Omar,Khan,student1587@univ.edu,Male,22,Mathematics,95.38,66.42,88.97,60.68,65.32,50.6,99.35,78.226,B,18.1,No,No,None,High,5
S2588,Liam,Williams,student1588@univ.edu,Male,24,Engineering,52.85,78.87,53.36,99.87,94.44,44.3,85.35,76.399,B,13.0,Yes,No,None,Low,10
S2589,John,Smith,student1589@univ.edu,Male,25,Mathematics,60.29,82.11,47.15,84.88,52.14,89.4,54.19,61.606,D,12.5,No,No,High School,Low,7
S2590,Fatima,Smith,student1590@univ.edu,Female,23,Engineering,73.85,50.57,70.07,88.82,77.43,1.0,70.11,70.0925,C,12.1,Yes,No,Master's,High,9
S2591,Lucas,Williams,student1591@univ.edu,Female,22,Mathematics,71.58,98.33,78.77,69.84,96.78,65.3,55.46,80.5475,B,29.9,Yes,Yes,PhD,High,2
S2592,Maria,Taylor,student1592@univ.edu,Female,25,Mathematics,82.04,76.92,75.98,95.35,92.77,65.2,95.61,84.5365,B,34.6,Yes,No,Master's,Low,6
S2593,Ahmed,Jones,student1593@univ.edu,Female,25,Data Science,97.24,49.86,82.83,77.27,67.8,38.2,66.52,70.701,C,21.0,No,No,Bachelor's,High,3
S2594,Emma,Davis,student1594@univ.edu,Female,23,Data Science,55.62,41.23,43.41,84.05,59.14,21.9,86.67,57.9185,D,7.4,No,Yes,Master's,Low,10
S2595,Emma,Johnson,student1595@univ.edu,Female,18,Physics,72.59,87.0,65.69,54.74,60.53,24.0,54.23,65.8165,C,27.5,No,Yes,Bachelor's,Low,10
S2596,Ali,Wilson,student1596@univ.edu,Female,24,Mathematics,59.62,44.78,54.31,81.58,75.73,80.0,56.42,60.024,D,31.3,Yes,Yes,High School,Medium,4
S2597,John,Johnson,student1597@univ.edu,Male,21,Physics,94.71,48.46,85.55,93.95,79.84,6.6,83.97,78.2985,B,32.9,Yes,No,Bachelor's,Low,5
S2598,Liam,Jones,student1598@univ.edu,Female,23,Physics,98.23,74.49,92.36,58.91,51.64,56.4,92.17,77.632,B,23.9,No,No,None,Medium,5
S2599,Liam,Johnson,student1599@univ.edu,Female,20,Physics,73.94,76.21,56.88,86.89,70.68,30.7,60.07,67.796,C,20.2,Yes,Yes,Bachelor's,Medium,10
S2600,Sara,Williams,student1600@univ.edu,Male,25,Physics,55.2,81.21,45.71,51.27,91.52,26.5,70.92,64.297,D,23.6,Yes,Yes,None,High,8
S2601,Hassan,Smith,student1601@univ.edu,Male,22,CS,89.26,63.61,55.21,96.31,72.22,50.6,80.97,69.4705,C,5.4,No,No,None,High,5
S2602,Sophia,Johnson,student1602@univ.edu,Male,25,CS,84.86,86.43,46.24,99.15,58.46,89.8,89.81,70.583,C,24.7,Yes,No,Master's,Low,2
S2603,Maria,Miller,student1603@univ.edu,Female,24,Mathematics,67.73,98.46,59.35,67.71,97.74,61.8,81.41,77.4935,B,26.3,No,No,PhD,High,2
S2604,Liam,Khan,student1604@univ.edu,Male,20,CS,94.37,56.27,72.29,55.35,63.31,78.9,54.77,62.57,D,26.7,No,Yes,Master's,High,1
S2605,Ali,Khan,student1605@univ.edu,Female,18,Mathematics,98.79,82.18,98.42,82.93,89.92,60.1,77.14,88.3815,A,21.9,No,No,Master's,High,2
S2606,Ahmed,Anderson,student1606@univ.edu,Female,18,Data Science,77.89,95.71,63.96,51.49,59.69,69.8,94.23,72.3395,C,26.0,Yes,Yes,None,High,1
S2607,John,Jones,student1607@univ.edu,Female,19,Business,78.29,81.18,53.2,74.12,71.16,43.2,93.4,70.658,C,24.2,No,Yes,PhD,Low,3
S2608,Lucas,Taylor,student1608@univ.edu,Male,22,Engineering,64.88,80.87,50.01,63.59,74.52,92.6,79.25,66.2815,C,8.5,No,Yes,None,Medium,5
S2609,Sara,Ahmed,student1609@univ.edu,Male,19,CS,79.23,53.43,50.38,73.67,75.03,50.2,99.78,65.591,C,32.0,Yes,No,PhD,Medium,3
S2610,Ali,Ahmed,student1610@univ.edu,Female,24,CS,71.98,72.11,51.56,50.91,75.82,55.2,55.26,59.7665,D,23.7,No,No,Bachelor's,Medium,7
S2611,David,Miller,student1611@univ.edu,Female,20,Data Science,65.11,73.75,85.74,52.58,61.25,52.5,73.93,72.923,C,26.8,No,Yes,None,High,10
S2612,Omar,Williams,student1612@univ.edu,Female,25,CS,53.36,82.01,43.66,50.8,75.8,31.6,88.76,63.987,D,15.3,Yes,Yes,Master's,High,2
S2613,Lucas,Brown,student1613@univ.edu,Male,21,Mathematics,62.64,99.81,99.84,80.96,74.09,23.1,57.05,86.721,A,32.6,Yes,No,None,Low,5
S2614,Hassan,Williams,student1614@univ.edu,Female,19,Mathematics,59.89,42.02,71.36,78.0,60.44,7.4,98.64,68.942,C,20.1,No,Yes,High School,Medium,3
S2615,David,Khan,student1615@univ.edu,Male,18,Business,77.1,43.91,72.66,61.66,99.41,71.8,67.7,68.5285,C,25.4,No,Yes,High School,Low,2
S2616,Fatima,Taylor,student1616@univ.edu,Female,22,Business,80.08,44.68,61.45,82.33,93.28,28.9,67.51,66.9115,C,33.6,Yes,No,High School,Medium,4
S2617,Hassan,Taylor,student1617@univ.edu,Male,25,Business,80.43,84.58,81.42,94.21,94.38,38.9,60.66,82.8005,B,32.5,No,No,Master's,Low,9
S2618,Emma,Miller,student1618@univ.edu,Female,20,Mathematics,69.41,48.18,68.29,63.87,84.28,92.0,64.4,65.42,C,24.3,Yes,No,Master's,Low,9
S2619,Omar,Anderson,student1619@univ.edu,Male,23,Physics,71.06,77.35,59.74,91.6,57.99,56.6,78.88,70.6495,C,10.0,Yes,Yes,High School,Low,6
S2620,Maria,Jones,student1620@univ.edu,Male,24,Physics,91.71,59.48,55.91,83.13,78.4,9.7,71.47,66.4145,C,33.5,No,Yes,Master's,Medium,7
S2621,Ahmed,Davis,student1621@univ.edu,Male,24,Business,73.81,67.44,95.54,51.69,91.07,80.0,59.67,77.2915,B,34.5,No,No,Master's,High,1
S2622,Omar,Smith,student1622@univ.edu,Male,18,Business,99.39,52.94,57.46,68.76,51.94,25.6,90.46,62.373,D,8.1,No,No,Master's,Medium,3
S2623,Hassan,Miller,student1623@univ.edu,Male,23,Mathematics,71.98,91.97,66.18,75.39,74.79,55.3,53.11,72.0505,C,18.5,Yes,Yes,High School,High,2
S2624,Sophia,Taylor,student1624@univ.edu,Male,24,Data Science,82.48,75.17,61.02,86.58,69.81,51.0,91.73,73.609,C,21.4,No,Yes,Bachelor's,Low,9
S2625,David,Ahmed,student1625@univ.edu,Female,21,CS,52.52,96.67,45.17,64.36,60.61,23.8,63.75,63.4515,D,7.8,Yes,No,Bachelor's,Medium,10
S2626,Maria,Brown,student1626@univ.edu,Female,25,Engineering,82.67,74.48,51.16,99.14,68.91,11.6,74.8,69.2295,C,10.7,No,No,PhD,High,8
S2627,Zainab,Wilson,student1627@univ.edu,Female,22,Physics,92.57,47.43,51.37,84.23,99.17,21.1,69.05,65.333,C,21.1,Yes,No,None,Medium,3
S2628,Sophia,Taylor,student1628@univ.edu,Female,25,Physics,97.12,50.25,81.62,68.64,86.16,9.7,78.53,73.6165,C,33.9,Yes,No,Bachelor's,Medium,10
S2629,Emma,Anderson,student1629@univ.edu,Male,21,Mathematics,99.87,99.34,64.4,54.85,64.98,27.6,89.8,73.8525,C,5.8,Yes,Yes,PhD,Medium,8
S2630,Sophia,Anderson,student1630@univ.edu,Female,24,Mathematics,64.11,83.53,86.92,59.07,80.27,99.7,99.47,82.9495,B,32.4,Yes,No,Bachelor's,Low,10
S2631,Sara,Taylor,student1631@univ.edu,Male,21,Engineering,78.77,42.96,82.54,74.38,62.33,40.2,65.3,67.7825,C,32.0,Yes,Yes,High School,High,8
S2632,Sara,Anderson,student1632@univ.edu,Male,25,Engineering,72.54,82.23,51.52,74.73,80.54,86.4,77.69,69.422,C,30.7,Yes,Yes,PhD,Low,8
S2633,Fatima,Miller,student1633@univ.edu,Male,24,Business,78.19,64.73,73.78,88.39,94.81,54.9,73.3,77.244,B,16.3,No,No,High School,High,4
S2634,Hassan,Taylor,student1634@univ.edu,Female,22,Engineering,57.87,58.43,84.57,86.31,77.84,66.7,99.95,80.9005,B,19.7,Yes,No,High School,Low,7
S2635,John,Taylor,student1635@univ.edu,Male,22,CS,92.81,49.24,77.98,60.06,86.67,15.6,90.45,72.718,C,17.1,Yes,Yes,PhD,Medium,10
S2636,Lucas,Jones,student1636@univ.edu,Female,23,CS,95.48,90.39,76.0,79.75,72.67,27.5,69.85,78.0185,B,33.4,No,Yes,PhD,Low,8
S2637,Lucas,Smith,student1637@univ.edu,Female,21,Physics,72.48,43.83,84.38,51.03,76.21,51.0,73.84,68.461,C,20.6,No,Yes,Bachelor's,Medium,10
S2638,Zainab,Brown,student1638@univ.edu,Female,20,CS,64.02,57.39,43.41,69.93,84.75,88.1,62.3,59.2185,D,7.4,Yes,Yes,Bachelor's,High,5
S2639,Zainab,Anderson,student1639@univ.edu,Female,23,CS,57.04,58.38,83.89,88.21,90.62,4.3,87.76,81.026,B,13.2,Yes,No,None,High,9
S2640,Maria,Jones,student1640@univ.edu,Female,22,CS,84.19,49.65,56.36,69.98,82.97,50.7,92.26,66.4375,C,18.9,Yes,No,Bachelor's,Medium,9
S2641,Emma,Khan,student1641@univ.edu,Male,18,Business,65.61,70.49,74.31,91.78,98.87,5.1,98.25,83.4415,B,33.6,No,Yes,PhD,Medium,3
S2642,Liam,Khan,student1642@univ.edu,Male,24,Physics,95.48,40.7,54.54,98.81,90.99,45.7,78.29,67.4425,C,22.1,Yes,Yes,Bachelor's,Low,3
S2643,Fatima,Davis,student1643@univ.edu,Female,23,Mathematics,83.55,58.06,90.33,80.36,88.86,62.9,83.53,81.14,B,25.9,Yes,No,PhD,Low,8
S2644,Sara,Davis,student1644@univ.edu,Male,19,Physics,82.28,96.02,68.83,57.25,92.26,74.5,72.3,76.566,B,7.7,Yes,Yes,None,Low,7
S2645,Maria,Johnson,student1645@univ.edu,Female,20,Physics,77.97,58.63,78.58,68.98,64.06,13.9,80.46,71.254,C,31.3,Yes,Yes,PhD,High,9
S2646,Liam,Miller,student1646@univ.edu,Male,24,Physics,52.29,61.63,87.64,50.47,71.6,16.7,67.44,71.4265,C,21.2,No,Yes,None,Medium,2
S2647,Lucas,Miller,student1647@univ.edu,Male,23,Engineering,96.6,68.39,93.72,80.14,78.22,47.0,86.88,83.266,B,32.6,No,Yes,None,High,2
S2648,John,Williams,student1648@univ.edu,Male,22,Mathematics,81.4,73.7,83.92,91.08,73.12,99.8,51.14,76.413,B,18.4,Yes,Yes,None,Medium,7
S2649,Sophia,Brown,student1649@univ.edu,Male,25,Engineering,99.7,88.52,48.93,81.5,92.37,35.6,51.42,68.623,C,25.5,No,Yes,High School,Medium,8
S2650,Sara,Ahmed,student1650@univ.edu,Male,22,Business,76.87,51.42,91.27,89.3,51.35,42.8,85.81,76.1975,B,19.1,Yes,No,Master's,High,3
S2651,Maria,Taylor,student1651@univ.edu,Male,20,Business,85.51,92.3,77.11,90.0,60.46,43.2,96.53,82.497,B,9.3,Yes,Yes,PhD,Low,1
S2652,Omar,Anderson,student1652@univ.edu,Male,19,Data Science,52.81,85.45,76.57,92.55,94.09,8.1,81.61,84.127,B,13.2,No,Yes,Bachelor's,Low,10
S2653,Liam,Brown,student1653@univ.edu,Male,23,Data Science,81.59,83.36,95.28,63.33,52.96,77.4,86.33,80.413,B,7.0,Yes,Yes,Master's,High,7
S2654,Sophia,Johnson,student1654@univ.edu,Male,25,Business,88.23,45.21,54.93,93.56,61.35,25.3,91.2,65.184,C,18.2,No,Yes,Master's,Medium,6
S2655,Sara,Khan,student1655@univ.edu,Male,23,Business,88.93,41.3,54.38,82.7,67.56,70.4,68.08,60.044,D,24.5,No,Yes,High School,High,1
S2656,Lucas,Khan,student1656@univ.edu,Male,21,Engineering,88.51,75.64,70.79,64.49,87.54,47.5,55.41,71.0205,C,12.3,Yes,No,PhD,Low,9
S2657,Ali,Williams,student1657@univ.edu,Male,18,Business,61.31,91.79,85.05,99.36,78.01,61.2,96.65,89.2285,A,19.7,No,No,PhD,Medium,6
S2658,Emma,Jones,student1658@univ.edu,Male,22,Mathematics,98.77,75.07,66.83,97.51,97.73,5.4,96.93,82.23,B,18.8,No,No,Bachelor's,High,5
S2659,Liam,Brown,student1659@univ.edu,Female,23,Engineering,99.76,52.79,78.03,78.72,61.39,89.0,72.09,69.6985,C,21.0,No,Yes,High School,Low,3
S2660,Lucas,Jones,student1660@univ.edu,Male,23,Business,53.78,45.43,67.15,92.16,93.61,24.4,60.86,69.583,C,10.5,No,No,Master's,Medium,9
S2661,Sara,Davis,student1661@univ.edu,Male,24,Engineering,96.82,81.98,76.62,63.07,64.15,67.0,94.62,76.489,B,21.0,Yes,Yes,PhD,High,7
S2662,Liam,Khan,student1662@univ.edu,Male,24,Engineering,64.47,83.31,89.34,70.8,62.27,79.8,85.42,80.7045,B,15.9,Yes,Yes,High School,High,4
S2663,Fatima,Anderson,student1663@univ.edu,Male,23,CS,84.46,50.35,50.83,59.2,74.92,54.0,50.41,55.54,D,13.6,No,Yes,None,Low,1
S2664,Sophia,Johnson,student1664@univ.edu,Male,19,Data Science,66.91,41.69,81.72,76.01,53.56,33.7,55.39,64.684,D,22.6,No,No,PhD,High,4
S2665,Sara,Taylor,student1665@univ.edu,Male,18,Engineering,98.39,64.5,87.25,74.8,69.22,97.8,99.16,79.9145,B,9.4,No,No,Master's,High,3
S2666,Fatima,Ahmed,student1666@univ.edu,Female,23,Physics,55.08,74.96,66.83,60.64,67.78,27.8,51.91,65.432,C,32.0,No,Yes,None,High,6
S2667,David,Khan,student1667@univ.edu,Female,20,Engineering,74.89,82.36,59.39,83.64,58.01,94.9,64.13,68.1255,C,33.0,No,No,None,High,1
S2668,Maria,Anderson,student1668@univ.edu,Female,22,Physics,71.4,88.6,40.81,55.89,93.04,15.6,77.42,65.956,C,24.8,No,Yes,None,Low,4
S2669,Ali,Ahmed,student1669@univ.edu,Male,21,CS,66.3,76.63,87.83,53.08,69.29,38.9,59.22,73.305,C,14.1,No,No,Master's,Medium,1
S2670,Zainab,Ahmed,student1670@univ.edu,Male,24,Business,82.28,46.65,59.68,69.25,99.1,13.8,61.6,64.7105,D,23.8,Yes,Yes,High School,Medium,1
S2671,Sophia,Smith,student1671@univ.edu,Male,20,Engineering,56.55,80.95,61.44,70.49,94.99,0.2,67.65,72.6635,C,23.0,Yes,No,PhD,High,6
S2672,Liam,Miller,student1672@univ.edu,Female,22,CS,85.83,99.05,60.16,65.99,59.74,26.0,63.48,69.2475,C,16.7,Yes,No,High School,Low,6
S2673,Emma,Johnson,student1673@univ.edu,Male,25,Mathematics,99.03,94.34,69.92,62.9,75.26,8.7,90.17,77.5895,B,13.6,Yes,No,Master's,High,9
S2674,Lucas,Brown,student1674@univ.edu,Male,24,CS,90.23,92.3,82.15,66.94,80.09,98.6,75.01,80.5185,B,10.1,Yes,No,Bachelor's,High,7
S2675,Zainab,Anderson,student1675@univ.edu,Female,19,Data Science,93.0,58.13,86.31,58.17,90.95,76.2,63.93,73.792,C,11.5,No,Yes,PhD,High,6
S2676,Omar,Khan,student1676@univ.edu,Female,24,Data Science,67.98,85.05,63.55,70.17,94.28,0.4,65.65,73.7675,C,24.6,No,No,PhD,High,3
S2677,Lucas,Khan,student1677@univ.edu,Male,18,Business,66.24,91.07,79.79,95.23,81.2,22.4,51.99,80.4035,B,31.6,No,No,Bachelor's,Medium,3
S2678,Liam,Khan,student1678@univ.edu,Male,18,Physics,75.85,80.7,83.24,61.22,51.76,67.0,52.47,70.0915,C,16.5,Yes,No,None,High,5
S2679,Ali,Wilson,student1679@univ.edu,Male,22,Business,52.29,55.03,57.82,84.22,74.06,39.9,85.9,67.87,C,8.7,Yes,Yes,PhD,High,6
S2680,Hassan,Miller,student1680@univ.edu,Male,20,Physics,97.27,97.23,45.8,57.09,94.24,83.2,55.65,66.523,C,5.4,No,No,PhD,High,6
S2681,Lucas,Miller,student1681@univ.edu,Female,21,Physics,57.19,67.05,93.68,67.7,85.7,50.5,73.79,80.2765,B,17.2,No,No,PhD,Medium,8
S2682,Hassan,Wilson,student1682@univ.edu,Male,19,Physics,95.15,47.79,80.63,66.06,93.51,65.4,92.12,75.532,B,12.0,Yes,Yes,Master's,Low,8
S2683,Maria,Ahmed,student1683@univ.edu,Male,22,Physics,54.18,46.59,78.89,96.85,83.7,59.7,68.42,74.275,C,14.7,Yes,Yes,Bachelor's,Low,1
S2684,Ali,Ahmed,student1684@univ.edu,Female,25,Data Science,91.13,78.85,43.53,71.4,52.2,63.8,67.29,59.639,D,12.3,No,Yes,PhD,Low,3
S2685,Sara,Khan,student1685@univ.edu,Male,19,Data Science,57.6,66.26,89.07,84.52,98.4,23.0,93.65,85.912,A,24.9,No,Yes,Bachelor's,Low,5
S2686,Fatima,Williams,student1686@univ.edu,Male,18,Engineering,51.91,45.67,73.96,80.12,95.9,37.3,93.24,75.409,B,24.2,No,No,None,Low,9
S2687,Omar,Williams,student1687@univ.edu,Female,23,Data Science,85.97,84.42,90.87,57.05,56.33,5.1,94.01,79.797,B,32.4,Yes,No,PhD,High,4
S2688,Ahmed,Wilson,student1688@univ.edu,Female,23,Business,64.01,87.96,98.47,96.98,55.63,58.8,78.6,86.738,A,26.0,No,Yes,High School,High,5
S2689,Liam,Smith,student1689@univ.edu,Male,21,Data Science,85.72,83.52,97.43,67.29,76.95,45.9,97.62,87.0835,A,9.9,No,Yes,High School,Low,1
S2690,John,Davis,student1690@univ.edu,Female,19,Business,77.75,52.14,91.37,52.24,87.85,76.1,90.95,77.0635,B,27.5,Yes,Yes,High School,Medium,7
S2691,Ahmed,Wilson,student1691@univ.edu,Female,22,Mathematics,55.44,81.39,40.66,65.02,69.11,20.6,70.78,61.2455,D,10.4,Yes,No,High School,High,2
S2692,Lucas,Davis,student1692@univ.edu,Male,21,Data Science,96.61,40.64,93.14,66.78,56.82,43.7,81.48,71.489,C,21.8,No,Yes,Master's,Low,1
S2693,Zainab,Anderson,student1693@univ.edu,Female,24,Business,72.62,58.31,44.5,54.64,75.53,18.1,56.09,55.176,D,7.3,Yes,No,None,Medium,2
S2694,Liam,Smith,student1694@univ.edu,Male,24,Physics,86.72,63.93,91.07,81.0,66.88,61.4,77.57,78.478,B,6.4,No,Yes,PhD,Low,8
S2695,Fatima,Ahmed,student1695@univ.edu,Male,25,CS,75.05,90.11,56.81,67.34,67.59,84.8,63.16,67.619,C,18.9,Yes,No,None,Medium,1
S2696,David,Johnson,student1696@univ.edu,Male,20,Physics,80.22,63.42,76.6,81.46,82.25,76.5,64.18,73.6775,C,8.1,No,No,High School,Low,1
S2697,Fatima,Ahmed,student1697@univ.edu,Male,23,Engineering,65.14,40.68,42.28,50.34,94.28,94.4,56.29,53.0705,F,14.2,No,Yes,None,High,1
S2698,John,Davis,student1698@univ.edu,Female,22,Business,60.02,61.14,86.27,99.1,77.93,97.2,67.91,79.1635,B,15.2,Yes,Yes,None,Low,2
S2699,Omar,Miller,student1699@univ.edu,Male,19,Physics,77.13,69.94,46.7,58.53,84.38,77.2,74.07,62.88,D,28.1,No,No,Master's,Low,1
S2700,Fatima,Anderson,student1700@univ.edu,Male,21,Data Science,72.01,96.94,64.64,82.97,83.0,28.7,80.02,78.9105,B,15.0,No,Yes,High School,Low,2
S2701,Emma,Miller,student1701@univ.edu,Male,22,Data Science,69.51,96.46,89.05,85.79,77.56,21.9,65.24,84.748,B,19.8,Yes,Yes,Bachelor's,Low,7
S2702,David,Smith,student1702@univ.edu,Male,21,Mathematics,83.63,50.85,81.72,58.58,65.54,44.8,89.61,70.8315,C,28.2,Yes,No,None,Low,1
S2703,Ahmed,Ahmed,student1703@univ.edu,Female,21,CS,84.53,51.11,40.36,55.59,68.89,99.4,76.05,54.4275,F,11.1,Yes,No,None,Medium,10
S2704,Sara,Davis,student1704@univ.edu,Female,21,Business,52.3,49.8,64.18,57.63,65.79,41.3,81.9,63.221,D,29.1,Yes,Yes,High School,High,2
S2705,Maria,Jones,student1705@univ.edu,Female,19,Physics,66.94,87.34,42.52,62.34,95.87,19.9,63.91,65.668,C,30.0,Yes,Yes,Master's,High,3
S2706,Emma,Smith,student1706@univ.edu,Male,22,CS,70.59,40.36,80.41,58.41,91.33,94.4,90.71,72.283,C,34.7,Yes,No,PhD,High,2
S2707,David,Smith,student1707@univ.edu,Female,18,Mathematics,54.84,47.63,98.14,83.7,78.97,38.6,81.21,80.457,B,18.3,Yes,Yes,High School,Medium,3
S2708,Sara,Jones,student1708@univ.edu,Female,18,Engineering,61.8,72.28,79.32,71.04,95.61,69.1,93.12,81.1835,B,16.1,Yes,No,PhD,Low,7
S2709,Sara,Anderson,student1709@univ.edu,Male,19,CS,52.58,54.85,53.46,76.89,94.32,78.8,58.0,64.0625,D,26.1,No,No,Bachelor's,High,2
S2710,Liam,Davis,student1710@univ.edu,Female,24,Mathematics,99.81,45.54,61.31,52.37,96.38,84.3,69.03,63.2335,D,6.7,No,No,PhD,Medium,3
S2711,David,Davis,student1711@univ.edu,Male,19,Business,86.83,61.59,98.6,93.06,61.09,82.1,55.65,78.298,B,6.2,Yes,No,None,Low,6
S2712,Omar,Khan,student1712@univ.edu,Female,23,Engineering,54.37,56.45,53.44,58.53,85.88,83.6,60.78,60.7725,D,15.0,Yes,No,Master's,High,4
S2713,Lucas,Miller,student1713@univ.edu,Female,21,Data Science,51.01,70.67,73.69,68.01,80.46,66.8,69.73,72.6555,C,26.9,No,Yes,Bachelor's,Medium,1
S2714,John,Smith,student1714@univ.edu,Female,22,Mathematics,85.96,98.75,64.03,53.6,86.69,40.4,94.73,77.4135,B,8.5,Yes,No,Master's,Medium,8
S2715,John,Smith,student1715@univ.edu,Female,22,Data Science,71.96,47.46,86.1,56.84,63.17,66.7,77.85,69.306,C,24.1,No,No,Master's,High,7
S2716,Ahmed,Taylor,student1716@univ.edu,Male,20,Engineering,89.34,62.36,92.04,83.29,84.74,83.7,66.52,79.8685,B,13.1,No,No,PhD,Low,8
S2717,Ahmed,Johnson,student1717@univ.edu,Male,20,Mathematics,96.17,95.92,60.45,84.63,70.49,35.1,87.34,76.7105,B,24.6,Yes,Yes,Master's,Medium,9
S2718,John,Smith,student1718@univ.edu,Female,25,Mathematics,79.97,92.61,79.62,83.85,91.7,29.7,50.98,80.3685,B,18.7,No,Yes,Bachelor's,Medium,9
S2719,Fatima,Brown,student1719@univ.edu,Male,18,Engineering,59.36,63.66,72.94,77.61,89.77,34.4,68.5,73.643,C,8.5,No,No,Master's,Low,3
S2720,Omar,Johnson,student1720@univ.edu,Female,20,Business,89.11,81.94,56.71,97.63,60.57,55.1,80.04,71.9725,C,12.4,Yes,No,Bachelor's,Medium,9
S2721,Hassan,Brown,student1721@univ.edu,Female,20,Mathematics,97.79,45.27,56.32,75.36,59.19,5.2,79.16,60.8225,D,11.6,No,Yes,None,Low,6
S2722,Fatima,Davis,student1722@univ.edu,Female,18,Engineering,79.01,82.75,72.32,72.47,85.89,77.9,80.38,77.673,B,9.9,No,No,None,High,10
S2723,Zainab,Johnson,student1723@univ.edu,Female,23,CS,84.1,98.37,49.24,62.38,77.52,13.9,60.58,66.98,C,19.1,No,No,PhD,Low,10
S2724,Fatima,Smith,student1724@univ.edu,Female,24,Data Science,66.87,72.25,88.65,54.94,77.86,13.3,66.85,75.425,B,33.6,No,No,High School,Medium,2
S2725,Maria,Jones,student1725@univ.edu,Female,18,Mathematics,69.08,69.91,44.14,77.41,87.63,19.8,96.58,68.674,C,24.7,No,Yes,None,Low,1
S2726,Sophia,Miller,student1726@univ.edu,Male,24,CS,86.73,51.24,45.67,65.74,92.75,57.7,98.7,64.811,D,30.1,Yes,Yes,High School,Low,4
S2727,Lucas,Brown,student1727@univ.edu,Male,25,Mathematics,96.39,78.03,60.53,76.2,61.95,28.6,65.6,67.354,C,34.4,Yes,Yes,Bachelor's,Low,9
S2728,Maria,Khan,student1728@univ.edu,Female,20,Business,81.45,75.43,47.09,60.31,77.78,36.8,82.23,64.6155,D,21.2,No,Yes,High School,Low,2
S2729,Liam,Johnson,student1729@univ.edu,Male,22,Engineering,89.49,79.12,68.54,91.91,91.45,93.2,62.06,76.626,B,12.1,No,Yes,Master's,Medium,1
S2730,Sophia,Smith,student1730@univ.edu,Female,20,Mathematics,58.58,41.56,63.98,99.98,93.64,84.7,68.43,70.0125,C,32.8,Yes,No,Bachelor's,High,2
S2731,Sophia,Johnson,student1731@univ.edu,Male,21,Engineering,60.6,72.92,83.31,66.12,64.37,85.2,89.62,76.759,B,26.0,Yes,Yes,Master's,High,7
S2732,David,Smith,student1732@univ.edu,Male,25,Physics,76.6,75.7,97.18,92.12,55.21,57.8,75.06,82.5115,B,33.8,Yes,No,High School,Low,5
S2733,Omar,Smith,student1733@univ.edu,Male,24,Mathematics,58.83,52.45,85.21,93.65,61.64,86.6,92.48,77.479,B,24.5,No,Yes,Master's,High,5
S2734,Omar,Smith,student1734@univ.edu,Female,24,Business,81.75,52.5,50.77,99.8,97.27,77.9,81.44,70.046,C,28.3,Yes,No,Bachelor's,Medium,10
S2735,Sophia,Taylor,student1735@univ.edu,Male,21,Business,64.58,56.57,96.13,67.14,73.12,95.3,81.45,78.216,B,31.7,Yes,No,Master's,Medium,4
S2736,Zainab,Miller,student1736@univ.edu,Female,21,CS,89.58,82.7,63.53,87.8,70.93,6.4,51.69,70.3385,C,27.8,Yes,Yes,High School,High,1
S2737,Fatima,Jones,student1737@univ.edu,Female,23,Business,90.41,76.38,68.45,61.44,50.65,2.9,87.48,69.169,C,21.9,No,Yes,Master's,High,8
S2738,David,Jones,student1738@univ.edu,Female,19,Engineering,73.19,90.75,65.29,81.24,52.55,17.5,98.89,75.9035,B,19.2,No,No,Master's,Medium,1
S2739,Lucas,Johnson,student1739@univ.edu,Male,21,Physics,59.04,57.74,56.83,85.24,83.43,92.9,73.65,67.7865,C,29.7,Yes,No,PhD,Low,10
S2740,Sophia,Johnson,student1740@univ.edu,Male,24,Business,82.34,94.72,93.7,87.06,79.49,60.6,57.93,85.411,A,28.2,No,Yes,Bachelor's,Low,3
S2741,Emma,Smith,student1741@univ.edu,Male,22,Mathematics,99.64,84.62,59.93,60.36,78.78,42.6,98.85,73.598,C,16.0,Yes,No,PhD,Medium,2
S2742,Ahmed,Taylor,student1742@univ.edu,Female,24,Business,81.13,63.7,74.72,92.44,55.52,51.3,64.51,70.7625,C,19.9,Yes,No,High School,High,2
S2743,Ahmed,Smith,student1743@univ.edu,Female,24,Physics,51.79,45.72,54.4,71.05,67.6,83.0,70.46,59.5505,D,24.0,No,No,None,High,9
S2744,Maria,Taylor,student1744@univ.edu,Male,23,Engineering,50.86,55.42,87.84,60.82,90.62,92.9,53.87,72.6245,C,5.9,No,No,High School,High,9
S2745,Liam,Smith,student1745@univ.edu,Female,19,Mathematics,66.02,97.41,86.45,77.13,58.75,73.0,55.54,78.4525,B,12.4,Yes,Yes,High School,High,5
S2746,Ali,Brown,student1746@univ.edu,Male,19,CS,59.79,58.62,57.78,93.17,94.13,76.0,60.83,69.1665,C,12.5,No,No,High School,High,2
S2747,Ali,Brown,student1747@univ.edu,Male,21,CS,90.65,59.79,80.89,98.35,56.07,32.0,77.42,75.0455,B,31.5,No,Yes,High School,High,10
S2748,Ahmed,Davis,student1748@univ.edu,Male,25,CS,92.24,51.38,82.23,87.41,58.46,46.7,77.89,72.6205,C,14.9,No,No,PhD,High,7
S2749,Hassan,Smith,student1749@univ.edu,Male,20,Mathematics,62.93,88.41,73.75,50.28,73.89,88.5,80.31,74.1665,C,21.4,No,No,High School,High,8
S2750,Sara,Miller,student1750@univ.edu,Female,24,CS,66.28,56.54,76.04,56.74,97.26,78.6,79.19,72.9005,C,29.9,Yes,Yes,Master's,Low,9
S2751,Maria,Khan,student1751@univ.edu,Male,18,Business,61.81,59.82,74.47,53.81,66.48,68.4,74.76,67.286,C,12.8,Yes,No,High School,Low,4
S2752,Ali,Davis,student1752@univ.edu,Male,20,Mathematics,95.42,64.86,44.91,55.06,82.91,6.5,90.1,62.901,D,8.7,Yes,Yes,None,High,1
S2753,Ahmed,Johnson,student1753@univ.edu,Male,20,Mathematics,75.13,66.02,80.22,69.15,79.43,4.0,96.69,78.0715,B,33.5,Yes,No,Bachelor's,High,7
S2754,Liam,Anderson,student1754@univ.edu,Male,19,Mathematics,82.81,64.68,68.19,66.92,57.48,13.0,63.49,64.986,D,26.1,Yes,Yes,PhD,Low,7
S2755,Ali,Smith,student1755@univ.edu,Male,19,Data Science,70.77,70.22,66.31,55.68,62.41,58.1,56.51,63.4425,D,10.3,No,No,PhD,Medium,1
S2756,Fatima,Ahmed,student1756@univ.edu,Male,23,Engineering,81.55,88.87,91.6,94.11,96.51,53.6,71.25,89.1145,A,29.6,No,No,PhD,Low,4
S2757,Fatima,Brown,student1757@univ.edu,Male,23,Data Science,69.29,89.16,41.39,80.77,59.24,94.3,51.32,61.018,D,28.6,Yes,No,PhD,High,4
S2758,Omar,Anderson,student1758@univ.edu,Female,19,Data Science,66.98,87.9,55.08,89.82,84.75,69.5,94.17,77.169,B,30.1,Yes,No,High School,Low,1
S2759,Zainab,Taylor,student1759@univ.edu,Female,22,Data Science,81.72,46.07,47.28,68.58,98.23,29.4,61.99,60.082,D,13.3,Yes,No,None,High,7
S2760,Omar,Anderson,student1760@univ.edu,Female,22,Engineering,79.55,87.98,42.12,70.51,55.98,16.1,77.46,62.9305,D,18.5,Yes,Yes,High School,Low,3
S2761,Lucas,Miller,student1761@univ.edu,Female,18,Data Science,64.68,47.22,56.54,65.88,69.96,85.0,55.75,57.9715,D,25.8,No,No,Bachelor's,Low,1
S2762,Sophia,Smith,student1762@univ.edu,Male,19,CS,57.47,47.48,99.31,71.92,61.2,46.0,77.66,75.8715,B,16.7,No,No,Bachelor's,Low,7
S2763,Emma,Jones,student1763@univ.edu,Female,21,Mathematics,68.43,96.87,56.21,80.52,61.08,65.3,51.95,68.08,C,7.1,No,No,High School,High,3
S2764,Omar,Anderson,student1764@univ.edu,Female,23,Mathematics,70.76,89.16,79.82,74.65,55.95,56.5,88.44,78.625,B,9.1,No,Yes,High School,Medium,3
S2765,Ali,Jones,student1765@univ.edu,Female,19,Business,81.43,73.14,47.1,91.9,82.48,10.7,97.77,71.9355,C,22.9,No,Yes,High School,High,3
S2766,Hassan,Taylor,student1766@univ.edu,Male,22,Physics,95.73,92.5,76.11,95.01,87.32,5.7,65.35,82.2905,B,16.3,No,Yes,None,Medium,4
S2767,David,Davis,student1767@univ.edu,Female,19,CS,51.81,99.36,99.07,73.48,83.84,37.7,62.91,87.581,A,5.2,No,No,PhD,Medium,5
S2768,Ahmed,Jones,student1768@univ.edu,Female,22,Engineering,62.18,76.64,57.51,61.99,96.23,36.2,72.4,70.0495,C,28.0,Yes,Yes,Bachelor's,Medium,1
S2769,David,Davis,student1769@univ.edu,Male,19,Physics,59.69,76.77,90.88,97.26,57.28,67.4,81.0,82.493,B,17.5,Yes,No,Bachelor's,Medium,3
S2770,Liam,Brown,student1770@univ.edu,Female,24,Mathematics,75.11,85.27,99.85,86.75,65.99,63.2,59.45,83.83,B,14.4,Yes,Yes,PhD,Medium,1
S2771,Omar,Khan,student1771@univ.edu,Male,21,Data Science,71.49,53.93,75.31,82.01,67.23,96.9,90.17,73.056,C,26.4,No,No,PhD,Medium,3
S2772,Emma,Smith,student1772@univ.edu,Female,25,Business,86.45,50.03,58.56,87.27,61.6,85.8,59.93,61.822,D,18.7,No,Yes,Bachelor's,High,3
S2773,Liam,Anderson,student1773@univ.edu,Male,18,Business,62.12,85.57,80.41,53.8,57.11,49.7,50.27,69.4345,C,25.8,Yes,Yes,Bachelor's,High,4
S2774,Sara,Brown,student1774@univ.edu,Female,24,Mathematics,79.72,60.69,90.69,53.38,74.34,50.0,76.21,74.469,C,5.4,Yes,No,None,Low,10
S2775,Sara,Brown,student1775@univ.edu,Female,21,CS,94.19,48.1,50.28,57.66,91.72,67.4,55.76,57.989,D,5.3,No,No,Bachelor's,Medium,1
S2776,David,Ahmed,student1776@univ.edu,Female,22,Physics,95.53,58.89,67.15,57.37,97.73,11.4,84.91,71.282,C,21.8,No,Yes,High School,High,5
S2777,Sophia,Wilson,student1777@univ.edu,Male,23,Business,97.94,61.52,59.15,71.03,56.47,100.0,58.37,60.887,D,34.5,No,Yes,High School,High,4
S2778,Maria,Williams,student1778@univ.edu,Female,23,Mathematics,88.66,97.91,57.0,57.87,91.16,51.9,90.87,75.517,B,13.2,No,No,PhD,High,5
S2779,Sophia,Miller,student1779@univ.edu,Male,20,CS,95.3,81.88,91.65,92.73,91.23,91.0,73.52,87.0755,A,25.5,No,Yes,PhD,High,6
S2780,Ali,Davis,student1780@univ.edu,Male,21,Mathematics,61.73,71.85,65.3,78.9,69.45,96.7,78.31,71.224,C,10.2,No,Yes,High School,Low,3
S2781,Fatima,Khan,student1781@univ.edu,Male,19,Mathematics,59.88,98.13,60.34,68.41,55.5,58.2,59.33,68.231,C,14.3,Yes,Yes,PhD,High,3
S2782,Lucas,Wilson,student1782@univ.edu,Male,18,CS,50.32,94.19,76.21,53.48,99.5,10.3,57.33,77.058,B,7.3,No,Yes,High School,Low,5
S2783,Sophia,Williams,student1783@univ.edu,Female,19,CS,85.34,70.72,53.16,79.55,82.78,57.3,81.56,69.3335,C,31.4,Yes,No,None,Medium,5
S2784,Zainab,Khan,student1784@univ.edu,Female,19,CS,96.87,94.34,53.79,55.83,99.11,59.8,62.77,70.351,C,14.3,Yes,Yes,PhD,Low,9
S2785,Lucas,Miller,student1785@univ.edu,Female,21,Mathematics,59.35,64.26,71.22,87.16,74.18,78.9,69.3,72.375,C,11.9,Yes,Yes,Master's,High,7
S2786,Lucas,Davis,student1786@univ.edu,Male,25,Business,81.85,53.83,64.56,90.14,69.76,4.8,73.97,68.4425,C,26.9,No,Yes,Bachelor's,Medium,6
S2787,Emma,Smith,student1787@univ.edu,Female,18,Engineering,87.32,53.96,57.7,77.2,62.36,46.6,61.48,61.143,D,11.0,No,No,High School,Low,2
S2788,Omar,Miller,student1788@univ.edu,Male,20,Engineering,96.38,79.74,43.24,57.48,99.18,92.3,89.77,68.0465,C,12.2,Yes,No,Bachelor's,Low,9
S2789,Emma,Anderson,student1789@univ.edu,Male,24,Mathematics,82.34,70.06,71.25,89.34,62.66,99.1,96.97,76.295,B,8.1,No,No,Bachelor's,Low,10
S2790,Lucas,Brown,student1790@univ.edu,Male,19,Mathematics,98.51,79.54,89.0,65.39,51.19,19.1,71.59,75.2835,B,33.9,No,No,PhD,High,3
S2791,Liam,Ahmed,student1791@univ.edu,Female,18,Business,67.23,81.16,91.08,61.13,75.62,87.1,95.88,83.0045,B,12.4,Yes,No,Bachelor's,Medium,7
S2792,Sara,Williams,student1792@univ.edu,Female,20,CS,67.5,41.34,54.13,73.53,68.85,14.6,94.13,62.69,D,34.9,Yes,Yes,Master's,Low,8
S2793,Lucas,Williams,student1793@univ.edu,Male,24,Mathematics,77.15,43.24,75.98,96.13,63.07,84.1,58.3,67.866,C,10.3,Yes,Yes,PhD,High,9
S2794,Emma,Khan,student1794@univ.edu,Female,19,Data Science,69.18,71.96,91.35,64.87,81.73,27.7,58.67,77.155,B,5.6,No,Yes,High School,Medium,5
S2795,Hassan,Ahmed,student1795@univ.edu,Female,18,CS,50.07,51.46,64.52,95.28,68.21,96.0,73.87,68.478,C,31.9,No,Yes,Bachelor's,Low,6
S2796,Liam,Williams,student1796@univ.edu,Male,24,Mathematics,86.59,77.95,95.93,52.68,70.11,69.5,76.29,79.0275,B,22.4,No,Yes,Bachelor's,Medium,6
S2797,Emma,Ahmed,student1797@univ.edu,Male,21,Data Science,87.59,73.13,94.18,54.18,51.15,39.9,67.06,73.4475,C,15.5,Yes,Yes,None,High,5
S2798,Sophia,Davis,student1798@univ.edu,Female,25,Physics,87.35,75.15,52.49,84.93,79.45,28.1,65.65,67.906,C,20.4,No,No,High School,Medium,7
S2799,Ahmed,Anderson,student1799@univ.edu,Male,23,Business,67.25,58.15,55.54,59.53,56.1,23.5,71.57,59.149,D,12.8,No,No,None,Medium,1
S2800,David,Miller,student1800@univ.edu,Male,23,Data Science,76.11,78.39,50.83,65.83,60.69,68.1,84.52,65.1245,C,24.0,No,No,High School,Medium,5
S2801,Maria,Brown,student1801@univ.edu,Female,19,Mathematics,68.0,89.77,51.76,56.82,85.86,89.6,54.22,65.605,C,23.5,Yes,Yes,Bachelor's,Low,10
S2802,Fatima,Anderson,student1802@univ.edu,Female,19,Engineering,50.8,99.88,94.47,66.61,65.66,75.5,85.53,85.7105,A,7.4,Yes,No,Bachelor's,Low,6
S2803,Emma,Wilson,student1803@univ.edu,Male,24,Mathematics,78.12,90.31,95.87,64.02,58.16,83.5,96.31,84.39,B,32.3,No,No,Master's,Low,3
S2804,Zainab,Smith,student1804@univ.edu,Female,18,Engineering,56.19,73.45,43.11,86.82,78.87,78.1,88.18,67.859,C,18.8,Yes,No,PhD,Low,2
S2805,Maria,Ahmed,student1805@univ.edu,Male,23,Business,54.0,51.61,75.62,85.1,60.75,97.9,59.58,67.6035,C,10.9,Yes,No,Master's,Low,4
S2806,Hassan,Jones,student1806@univ.edu,Male,19,Business,87.77,80.89,73.85,97.75,63.55,75.8,54.37,74.376,C,14.2,No,Yes,High School,Low,3
S2807,John,Anderson,student1807@univ.edu,Female,20,CS,50.48,96.26,63.43,86.22,81.07,21.0,74.52,77.724,B,31.0,No,Yes,High School,Low,6
S2808,Emma,Khan,student1808@univ.edu,Male,19,CS,97.95,52.71,77.9,84.74,86.99,79.2,97.82,78.2395,B,16.5,Yes,No,High School,High,6
S2809,Ahmed,Wilson,student1809@univ.edu,Male,23,Engineering,75.76,55.36,96.84,84.71,86.98,32.2,90.95,84.362,B,21.9,No,No,High School,High,4
S2810,Maria,Brown,student1810@univ.edu,Male,22,Engineering,99.15,48.94,50.22,94.15,74.11,99.6,78.14,64.325,D,33.4,No,No,PhD,Medium,4
S2811,Fatima,Khan,student1811@univ.edu,Female,25,Business,52.9,84.2,47.22,64.81,72.71,37.7,57.15,62.5675,D,24.6,No,No,Bachelor's,Medium,10
S2812,Lucas,Khan,student1812@univ.edu,Female,23,Data Science,79.18,64.39,42.0,65.0,89.38,29.3,85.69,63.5885,D,25.3,No,No,Master's,High,10
S2813,Emma,Jones,student1813@univ.edu,Female,20,Engineering,67.47,43.76,61.83,87.06,59.65,23.9,90.65,65.9965,C,12.5,No,Yes,Bachelor's,High,10
S2814,Omar,Ahmed,student1814@univ.edu,Male,18,Engineering,92.17,92.5,60.26,61.44,57.61,65.9,96.75,71.961,C,25.0,No,No,None,Medium,2
S2815,Hassan,Jones,student1815@univ.edu,Male,20,Data Science,68.06,73.46,65.85,95.6,83.23,10.9,80.61,76.6555,B,16.8,No,No,Master's,High,7
S2816,David,Anderson,student1816@univ.edu,Female,22,CS,63.02,59.87,70.2,76.74,70.48,95.4,75.72,69.985,C,32.3,Yes,Yes,High School,High,9
S2817,Ahmed,Khan,student1817@univ.edu,Female,22,CS,92.88,60.64,85.47,65.01,85.5,29.4,80.96,76.763,B,8.9,No,No,High School,High,9
S2818,Ali,Williams,student1818@univ.edu,Female,19,Engineering,68.73,57.42,63.53,88.8,62.83,29.5,97.16,71.038,C,13.6,No,Yes,None,Medium,10
S2819,Ali,Johnson,student1819@univ.edu,Male,19,CS,50.84,67.33,59.84,65.62,66.24,4.6,81.41,66.4005,C,7.0,Yes,No,Master's,Medium,2
S2820,Zainab,Brown,student1820@univ.edu,Female,23,CS,69.51,60.22,89.61,98.16,94.83,24.6,62.88,81.788,B,16.4,No,No,PhD,Low,9
S2821,Maria,Williams,student1821@univ.edu,Male,21,Physics,82.73,72.88,90.99,99.15,71.08,41.9,81.81,84.2285,B,9.5,No,No,PhD,Medium,5
S2822,Ahmed,Brown,student1822@univ.edu,Female,25,CS,62.72,86.41,53.97,83.34,79.55,37.0,93.99,74.7035,C,30.4,No,Yes,High School,Low,6
S2823,Liam,Ahmed,student1823@univ.edu,Male,20,Business,71.6,80.47,58.88,55.68,55.33,27.3,78.35,65.106,C,32.8,Yes,No,High School,High,1
S2824,Fatima,Johnson,student1824@univ.edu,Male,23,Mathematics,52.84,57.67,89.51,63.16,58.94,4.1,75.13,72.447,C,25.1,No,No,High School,Low,7
S2825,David,Smith,student1825@univ.edu,Female,21,Engineering,79.4,71.72,44.76,75.77,51.79,30.1,86.67,62.1445,D,8.1,No,Yes,None,High,8
S2826,Lucas,Johnson,student1826@univ.edu,Male,23,Engineering,87.81,90.41,59.55,92.57,71.22,77.8,83.05,75.9505,B,15.2,Yes,No,None,Low,5
S2827,Emma,Ahmed,student1827@univ.edu,Female,25,Business,70.67,44.09,66.9,59.24,99.45,43.9,52.83,63.961,D,33.9,Yes,No,Bachelor's,High,6
S2828,Emma,Taylor,student1828@univ.edu,Male,25,Mathematics,71.01,44.7,51.22,55.22,93.69,29.1,86.27,62.144,D,9.1,No,No,None,Medium,4
S2829,Ali,Anderson,student1829@univ.edu,Male,22,Mathematics,54.41,73.37,50.79,53.72,81.65,30.5,70.38,63.313,D,21.7,No,No,Master's,Low,3
S2830,Emma,Ahmed,student1830@univ.edu,Female,19,Business,60.1,78.35,65.49,75.35,93.05,55.4,97.04,78.4075,B,15.6,No,Yes,None,Low,3
S2831,David,Anderson,student1831@univ.edu,Male,19,Data Science,57.73,52.68,85.27,94.24,79.71,30.2,98.54,81.254,B,35.0,No,No,Master's,High,2
S2832,Omar,Wilson,student1832@univ.edu,Female,25,Data Science,74.08,84.71,90.41,52.12,68.44,63.1,72.44,77.5355,B,13.6,Yes,No,PhD,High,10
S2833,John,Williams,student1833@univ.edu,Female,23,Mathematics,76.46,78.78,98.75,60.62,58.68,98.9,98.44,82.9795,B,6.4,No,Yes,Bachelor's,Medium,6
S2834,Zainab,Wilson,student1834@univ.edu,Female,25,Data Science,97.45,95.4,44.44,84.66,82.65,4.1,65.54,69.5615,C,26.1,Yes,No,None,Low,9
S2835,Sara,Taylor,student1835@univ.edu,Male,19,Data Science,53.66,50.14,53.0,91.29,59.65,16.9,84.13,63.8385,D,14.8,No,Yes,PhD,Medium,3
S2836,Sophia,Johnson,student1836@univ.edu,Male,18,Data Science,79.99,85.08,85.4,90.37,70.87,17.9,53.75,79.1545,B,24.7,Yes,No,Master's,Medium,1
S2837,Zainab,Anderson,student1837@univ.edu,Male,23,Mathematics,76.32,45.02,72.44,89.25,91.29,44.7,57.25,70.0265,C,8.1,No,Yes,Bachelor's,Medium,10
S2838,Maria,Davis,student1838@univ.edu,Female,22,Data Science,75.81,73.92,59.66,56.49,56.46,4.1,93.23,66.592,C,20.7,Yes,Yes,PhD,High,1
S2839,Omar,Johnson,student1839@univ.edu,Female,24,Engineering,93.66,73.11,52.34,69.86,56.45,47.8,94.69,66.091,C,16.3,Yes,Yes,Master's,Medium,4
S2840,Zainab,Johnson,student1840@univ.edu,Male,23,Physics,60.28,63.3,56.83,99.24,61.22,92.9,76.63,68.114,C,21.1,No,Yes,Bachelor's,Medium,1
S2841,Lucas,Taylor,student1841@univ.edu,Male,23,Mathematics,52.04,90.67,65.76,99.44,77.6,1.2,66.99,77.7545,B,30.6,No,Yes,High School,High,10
S2842,Ali,Smith,student1842@univ.edu,Female,19,Business,83.61,40.26,50.63,80.12,62.59,36.5,72.55,58.0615,D,34.2,No,Yes,None,High,2
S2843,Hassan,Brown,student1843@univ.edu,Male,22,Data Science,67.26,71.21,97.85,85.46,75.16,76.1,93.48,86.6045,A,27.6,Yes,Yes,High School,Medium,4
S2844,Maria,Khan,student1844@univ.edu,Female,23,CS,50.88,53.03,46.46,97.56,65.1,15.4,60.55,60.3485,D,28.0,No,Yes,High School,Low,4
S2845,Emma,Khan,student1845@univ.edu,Male,19,Mathematics,62.57,84.61,99.13,72.5,75.31,7.8,64.74,83.5,B,20.9,No,No,High School,Low,8
S2846,Ahmed,Taylor,student1846@univ.edu,Female,25,Business,65.47,42.58,90.51,56.84,63.88,63.1,89.27,71.693,C,7.9,Yes,Yes,PhD,High,4
S2847,Lucas,Brown,student1847@univ.edu,Male,20,Physics,80.84,89.89,65.39,83.45,99.0,1.0,96.76,82.746,B,25.0,Yes,Yes,High School,Medium,3
S2848,Maria,Anderson,student1848@univ.edu,Male,22,Engineering,58.63,90.29,84.39,98.01,74.64,80.2,54.65,81.6895,B,9.4,No,No,High School,Low,4
S2849,Hassan,Taylor,student1849@univ.edu,Female,21,Business,70.65,89.97,80.29,84.86,87.18,6.7,90.19,85.43,A,12.4,Yes,No,PhD,Low,5
S2850,Fatima,Brown,student1850@univ.edu,Female,18,Data Science,74.12,49.15,52.8,90.17,85.03,52.4,82.25,66.9275,C,26.2,Yes,Yes,None,Medium,5
S2851,Emma,Ahmed,student1851@univ.edu,Female,21,CS,72.96,77.82,60.34,71.14,74.53,74.0,61.54,67.7645,C,24.7,Yes,No,Bachelor's,Low,4
S2852,Zainab,Wilson,student1852@univ.edu,Male,24,Data Science,98.7,40.86,70.79,54.82,61.94,24.2,87.79,63.631,D,14.4,Yes,Yes,Bachelor's,Low,10
S2853,Zainab,Taylor,student1853@univ.edu,Female,25,Business,52.28,90.88,78.27,58.44,75.54,10.4,86.4,78.6275,B,28.2,Yes,Yes,None,High,2
S2854,Maria,Ahmed,student1854@univ.edu,Female,22,Mathematics,97.55,83.38,72.57,99.13,84.05,17.6,57.1,78.1175,B,33.2,Yes,No,PhD,Low,3
S2855,Ahmed,Anderson,student1855@univ.edu,Male,23,CS,79.1,71.87,68.38,74.66,73.0,85.5,75.11,71.7225,C,21.4,No,No,High School,Low,10
S2856,Fatima,Taylor,student1856@univ.edu,Female,19,CS,89.79,83.84,66.59,50.6,54.1,70.6,87.91,68.966,C,25.3,No,Yes,Bachelor's,High,10
S2857,Emma,Anderson,student1857@univ.edu,Female,24,Business,71.52,45.66,69.9,97.77,50.9,19.8,59.58,64.8345,D,13.2,No,No,None,Low,3
S2858,Hassan,Taylor,student1858@univ.edu,Female,22,Physics,72.69,71.72,66.06,74.89,66.39,71.6,73.14,69.628,C,34.1,No,No,None,High,5
S2859,John,Brown,student1859@univ.edu,Male,18,Physics,93.97,57.48,72.48,91.81,57.51,70.9,56.04,67.668,C,13.2,No,Yes,High School,Medium,2
S2860,Zainab,Smith,student1860@univ.edu,Male,22,Data Science,94.8,98.36,93.28,77.42,95.31,99.8,65.34,88.0305,A,31.6,No,Yes,None,Low,2
S2861,Hassan,Miller,student1861@univ.edu,Male,24,Business,61.93,91.43,77.97,55.09,58.79,39.2,60.9,71.7925,C,32.8,No,No,PhD,Low,10
S2862,Omar,Ahmed,student1862@univ.edu,Female,19,CS,59.96,84.0,83.36,80.78,69.71,86.5,75.25,79.837,B,26.6,No,No,PhD,High,2
S2863,Zainab,Brown,student1863@univ.edu,Male,21,Business,74.81,96.02,75.85,99.87,85.6,44.6,57.06,82.131,B,29.3,Yes,Yes,Bachelor's,Low,6
S2864,Hassan,Williams,student1864@univ.edu,Female,20,CS,95.01,60.81,78.58,51.74,90.77,89.8,69.16,71.4155,C,18.7,No,Yes,Master's,Low,8
S2865,Liam,Jones,student1865@univ.edu,Female,21,Data Science,66.12,94.05,74.7,92.09,73.89,9.2,63.76,79.416,B,32.6,No,No,None,High,10
S2866,Ali,Ahmed,student1866@univ.edu,Female,19,Mathematics,82.6,59.51,41.61,61.77,59.06,17.5,87.3,57.685,D,27.3,Yes,No,PhD,Low,6
S2867,Sophia,Smith,student1867@univ.edu,Male,24,Mathematics,85.41,83.97,99.98,69.69,63.54,85.0,84.98,84.5185,B,14.8,Yes,Yes,High School,High,4
S2868,David,Wilson,student1868@univ.edu,Male,19,Business,88.93,84.19,42.02,68.64,70.95,81.9,54.75,60.696,D,6.0,No,No,High School,Low,8
S2869,Ali,Johnson,student1869@univ.edu,Female,25,CS,78.2,41.1,63.71,94.94,68.23,30.5,97.67,69.6445,C,21.2,Yes,Yes,Master's,Medium,4
S2870,Sophia,Khan,student1870@univ.edu,Female,18,Mathematics,70.12,61.66,46.31,75.22,67.43,59.7,87.23,63.0225,D,30.2,No,No,Master's,High,9
S2871,Lucas,Brown,student1871@univ.edu,Male,22,CS,98.35,41.17,45.82,72.36,56.59,38.3,80.8,55.7335,D,30.8,Yes,No,Master's,Medium,8
S2872,Hassan,Taylor,student1872@univ.edu,Male,25,Data Science,80.57,99.83,87.61,90.9,95.67,1.0,73.89,89.6985,A,30.1,No,No,High School,Medium,4
S2873,Sophia,Brown,student1873@univ.edu,Male,22,Business,86.43,47.33,65.56,52.45,51.49,2.6,58.9,56.838,D,11.4,Yes,Yes,None,High,7
S2874,Emma,Ahmed,student1874@univ.edu,Female,21,CS,67.25,72.57,88.07,54.32,72.0,5.4,98.1,79.0015,B,17.8,Yes,Yes,PhD,Medium,10
S2875,John,Davis,student1875@univ.edu,Male,24,Business,83.5,87.43,56.37,51.08,99.02,59.4,50.39,67.289,C,23.4,No,No,High School,Low,9
S2876,Liam,Ahmed,student1876@univ.edu,Male,20,CS,62.89,52.08,55.39,84.4,82.99,27.9,84.62,67.604,C,25.0,No,No,PhD,High,6
S2877,Omar,Smith,student1877@univ.edu,Male,20,Physics,62.25,69.1,55.07,76.28,67.77,14.4,75.37,66.0075,C,15.0,No,Yes,Master's,Low,1
S2878,Hassan,Miller,student1878@univ.edu,Female,18,Physics,85.74,76.45,76.97,93.8,57.3,94.1,95.13,79.164,B,25.8,No,No,Bachelor's,Medium,6
S2879,Omar,Wilson,student1879@univ.edu,Male,19,CS,76.07,49.61,88.9,74.93,98.19,12.1,69.03,77.3595,B,22.7,No,Yes,None,High,8
S2880,Ahmed,Davis,student1880@univ.edu,Female,18,Data Science,84.16,86.71,67.14,61.09,50.7,67.4,75.93,68.999,C,22.0,Yes,Yes,Master's,Medium,9
S2881,Zainab,Anderson,student1881@univ.edu,Female,22,Business,63.47,57.96,62.75,90.26,84.07,89.4,87.12,72.772,C,24.9,Yes,No,Master's,Low,1
S2882,Hassan,Davis,student1882@univ.edu,Female,23,Engineering,79.94,52.66,98.41,64.72,94.01,16.4,52.38,76.642,B,23.1,No,Yes,PhD,High,5
S2883,David,Brown,student1883@univ.edu,Male,23,CS,72.2,73.5,47.01,96.78,51.26,21.5,52.72,61.2675,D,10.0,Yes,Yes,High School,Medium,5
S2884,Hassan,Wilson,student1884@univ.edu,Male,23,CS,79.85,64.62,69.2,62.52,86.26,57.4,60.58,68.548,C,31.2,Yes,No,Bachelor's,High,8
S2885,Maria,Brown,student1885@univ.edu,Male,19,Physics,64.54,95.22,64.51,58.39,99.94,50.8,57.32,73.97,C,12.2,No,No,None,Medium,7
S2886,John,Anderson,student1886@univ.edu,Female,18,Mathematics,85.77,92.8,45.89,74.67,81.98,52.1,50.32,65.667,C,27.3,Yes,No,Bachelor's,Low,5
S2887,Maria,Ahmed,student1887@univ.edu,Male,25,Physics,90.3,69.0,56.09,52.53,70.73,55.5,81.15,64.093,D,10.3,No,No,Master's,High,6
S2888,Hassan,Johnson,student1888@univ.edu,Female,24,Business,63.0,61.56,41.71,51.82,93.72,95.0,89.8,62.2115,D,24.8,Yes,No,Bachelor's,Medium,8
S2889,Liam,Wilson,student1889@univ.edu,Male,21,Physics,65.03,59.53,92.62,74.8,77.71,5.4,97.86,81.8785,B,31.9,No,No,None,Medium,6
S2890,Sophia,Johnson,student1890@univ.edu,Male,22,Engineering,83.06,56.05,76.47,60.76,87.47,76.0,72.05,71.0165,C,5.3,Yes,No,Master's,Low,10
S2891,Omar,Smith,student1891@univ.edu,Male,23,Data Science,84.78,72.67,88.9,50.47,79.39,23.3,63.99,74.7265,C,34.4,Yes,No,None,High,5
S2892,Liam,Smith,student1892@univ.edu,Male,24,Engineering,85.2,88.3,71.29,64.8,51.91,37.4,93.2,74.098,C,5.9,No,No,Bachelor's,Medium,10
S2893,Hassan,Johnson,student1893@univ.edu,Female,20,Data Science,84.13,58.65,75.97,73.87,60.66,8.9,92.22,72.332,C,5.3,No,Yes,Master's,Low,1
S2894,Sophia,Smith,student1894@univ.edu,Female,25,Engineering,69.64,51.41,82.05,69.71,53.94,44.6,81.24,69.733,C,30.7,Yes,Yes,Master's,High,8
S2895,Omar,Wilson,student1895@univ.edu,Female,18,Physics,69.74,68.53,94.48,56.77,55.33,80.4,63.66,73.138,C,26.3,No,Yes,None,Medium,8
S2896,Sophia,Taylor,student1896@univ.edu,Female,22,Engineering,62.74,44.14,45.51,78.98,50.77,9.9,95.43,58.5335,D,8.2,Yes,No,High School,Medium,6
S2897,David,Williams,student1897@univ.edu,Male,22,Physics,57.84,82.08,59.86,85.52,71.06,27.6,58.92,69.692,C,33.1,No,Yes,Master's,High,7
S2898,John,Smith,student1898@univ.edu,Female,20,Physics,84.63,71.1,82.54,83.78,58.93,37.3,52.18,72.3425,C,25.2,No,No,None,High,7
S2899,Ali,Smith,student1899@univ.edu,Female,25,Business,54.66,69.78,97.5,69.69,92.78,10.4,89.83,85.926,A,8.3,Yes,Yes,None,Medium,2
S2900,Fatima,Brown,student1900@univ.edu,Female,20,Physics,96.89,58.03,98.85,56.88,87.5,76.2,78.18,79.5875,B,30.8,Yes,Yes,None,Low,6
S2901,Lucas,Johnson,student1901@univ.edu,Male,20,Mathematics,91.33,94.28,78.29,74.97,78.66,78.7,62.32,78.65,B,19.4,Yes,Yes,High School,Low,7
S2902,Liam,Jones,student1902@univ.edu,Female,23,Engineering,92.88,45.43,51.62,94.52,74.45,83.6,83.54,65.0295,C,13.3,Yes,No,PhD,Low,8
S2903,Zainab,Miller,student1903@univ.edu,Female,25,CS,95.33,92.19,47.15,73.44,62.79,58.4,88.34,68.626,C,29.8,Yes,No,Master's,High,2
S2904,Liam,Khan,student1904@univ.edu,Male,23,CS,70.43,62.6,96.76,59.78,73.75,50.7,92.23,80.25,B,27.2,No,Yes,Bachelor's,Medium,10
S2905,Fatima,Khan,student1905@univ.edu,Male,18,CS,92.34,92.84,66.04,54.65,82.06,26.3,64.11,71.805,C,23.7,Yes,No,None,Low,8
S2906,Ali,Davis,student1906@univ.edu,Female,20,Mathematics,57.9,83.73,51.69,97.2,89.11,65.5,51.28,70.476,C,32.0,No,No,Bachelor's,High,2
S2907,Sara,Smith,student1907@univ.edu,Female,21,Physics,51.08,46.25,96.03,87.15,54.08,44.5,75.5,75.37,B,30.8,No,No,None,Medium,9
S2908,Emma,Davis,student1908@univ.edu,Male,22,Engineering,89.24,89.89,46.27,65.65,85.42,97.1,92.8,70.753,C,11.8,No,No,None,Medium,2
S2909,David,Wilson,student1909@univ.edu,Female,25,Data Science,53.74,80.93,83.77,64.77,87.14,96.8,60.39,77.3505,B,31.4,No,Yes,Master's,High,3
S2910,Hassan,Jones,student1910@univ.edu,Male,20,Data Science,99.43,41.94,77.52,94.76,77.95,90.5,71.06,72.0855,C,16.2,No,Yes,High School,High,8
S2911,David,Miller,student1911@univ.edu,Female,25,Business,83.74,48.02,45.26,58.88,60.72,36.0,62.82,52.808,F,18.0,No,No,High School,Low,6
S2912,Fatima,Johnson,student1912@univ.edu,Female,22,Mathematics,87.67,78.14,60.32,76.75,76.96,36.8,50.67,67.397,C,34.2,Yes,No,Bachelor's,Medium,9
S2913,Hassan,Ahmed,student1913@univ.edu,Female,19,Engineering,62.29,79.76,49.0,85.68,75.14,85.3,94.93,71.4645,C,27.8,Yes,No,PhD,Medium,8
S2914,Zainab,Williams,student1914@univ.edu,Female,24,Physics,83.69,84.8,76.27,69.82,73.79,72.9,56.75,73.7085,C,14.6,No,Yes,High School,Medium,10
S2915,Maria,Miller,student1915@univ.edu,Female,19,CS,52.16,83.21,68.63,52.0,73.03,70.4,88.34,72.668,C,24.4,Yes,Yes,High School,Medium,6
S2916,Sophia,Miller,student1916@univ.edu,Male,20,Mathematics,91.89,79.57,40.26,61.39,55.54,28.0,67.33,57.644,D,21.2,Yes,No,PhD,Low,3
S2917,Emma,Ahmed,student1917@univ.edu,Male,22,Mathematics,58.48,85.97,98.54,95.09,59.14,83.3,63.88,84.3995,B,8.5,Yes,Yes,High School,Medium,3
S2918,John,Williams,student1918@univ.edu,Female,24,Engineering,84.87,74.51,60.98,76.16,54.87,57.9,97.05,70.457,C,31.6,Yes,No,Master's,High,2
S2919,John,Taylor,student1919@univ.edu,Female,19,Physics,61.22,55.65,55.49,90.77,62.12,44.7,82.86,65.914,C,29.7,Yes,No,Master's,Low,8
S2920,Fatima,Johnson,student1920@univ.edu,Female,20,Business,53.42,94.74,53.35,77.78,63.17,86.5,84.35,71.4155,C,28.3,No,No,Bachelor's,Medium,10
S2921,David,Ahmed,student1921@univ.edu,Male,22,Physics,74.07,41.09,49.53,97.18,62.25,39.4,87.98,62.665,D,21.8,Yes,No,Bachelor's,Low,5
S2922,John,Brown,student1922@univ.edu,Male,20,Business,58.46,61.99,99.95,95.46,60.55,65.4,67.05,80.8395,B,11.6,No,No,Bachelor's,Low,9
S2923,Zainab,Davis,student1923@univ.edu,Male,23,Business,86.47,83.73,57.71,74.14,86.77,46.6,78.18,72.808,C,31.5,No,Yes,Master's,Low,5
S2924,Sara,Khan,student1924@univ.edu,Male,22,CS,61.88,65.63,64.33,65.91,90.93,59.3,63.51,68.694,C,15.6,Yes,Yes,Bachelor's,High,5
S2925,Liam,Smith,student1925@univ.edu,Male,19,CS,67.12,41.49,92.28,80.08,66.36,4.1,91.73,76.3215,B,5.6,No,Yes,Bachelor's,Low,8
S2926,Ahmed,Miller,student1926@univ.edu,Male,20,Engineering,78.37,43.96,78.51,83.74,65.26,46.1,79.97,70.616,C,34.5,No,Yes,Master's,Medium,8
S2927,Zainab,Wilson,student1927@univ.edu,Male,25,Physics,64.25,78.92,62.12,74.92,92.2,55.6,62.17,71.9195,C,30.8,Yes,Yes,PhD,Medium,2
S2928,Hassan,Khan,student1928@univ.edu,Male,19,Business,68.9,97.89,93.9,91.11,81.2,49.3,94.99,92.538,A,23.7,No,No,Bachelor's,Medium,8
S2929,Lucas,Khan,student1929@univ.edu,Female,20,Engineering,90.78,73.11,84.98,59.17,64.67,84.7,79.04,74.797,C,5.4,Yes,Yes,High School,Low,7
S2930,Fatima,Williams,student1930@univ.edu,Male,25,Business,58.96,70.41,53.67,66.72,85.68,31.1,74.75,66.939,C,11.8,No,No,Master's,Medium,6
S2931,Maria,Davis,student1931@univ.edu,Male,25,Mathematics,54.11,59.1,78.62,84.32,67.23,88.4,51.72,69.8275,C,18.6,Yes,Yes,PhD,Low,3
S2932,Sophia,Jones,student1932@univ.edu,Male,18,Data Science,66.42,55.4,95.34,62.33,79.33,40.3,95.49,80.0215,B,23.8,Yes,Yes,High School,Low,5
S2933,Lucas,Williams,student1933@univ.edu,Male,25,Data Science,71.22,41.26,69.79,71.99,99.63,69.5,97.61,73.063,C,26.2,No,Yes,High School,Low,2
S2934,Sophia,Ahmed,student1934@univ.edu,Female,19,Business,77.13,56.38,84.02,98.19,65.08,8.7,78.13,76.893,B,28.6,No,Yes,None,Medium,9
S2935,Omar,Jones,student1935@univ.edu,Male,19,Engineering,68.62,66.95,98.27,81.29,96.53,20.0,72.13,85.277,A,21.7,No,Yes,PhD,Low,5
S2936,Lucas,Johnson,student1936@univ.edu,Female,21,CS,89.5,51.88,81.42,97.45,66.03,76.1,67.98,73.592,C,24.7,No,Yes,None,High,8
S2937,Ahmed,Miller,student1937@univ.edu,Female,24,Physics,51.97,45.24,46.15,86.12,77.01,1.2,63.4,59.18,D,29.3,Yes,No,Master's,High,5
S2938,David,Wilson,student1938@univ.edu,Female,23,Business,71.59,83.06,54.67,86.23,73.0,96.9,78.73,71.4405,C,26.6,Yes,No,PhD,Low,10
S2939,Sara,Khan,student1939@univ.edu,Male,19,Business,69.11,93.68,75.71,79.59,89.16,19.1,56.4,79.007,B,33.6,No,Yes,None,Medium,9
S2940,Liam,Smith,student1940@univ.edu,Male,22,Physics,82.38,96.21,56.53,57.11,53.05,90.1,95.96,69.9455,C,31.2,Yes,Yes,Master's,Low,1
S2941,Liam,Jones,student1941@univ.edu,Male,24,CS,98.31,77.08,97.45,75.99,81.36,51.6,58.8,81.946,B,10.1,No,Yes,Bachelor's,Low,6
S2942,Sara,Davis,student1942@univ.edu,Female,25,Business,75.52,43.17,64.32,62.63,88.03,56.5,87.28,66.837,C,33.4,No,No,High School,High,8
S2943,Emma,Taylor,student1943@univ.edu,Female,20,Mathematics,99.34,84.45,67.43,99.93,73.61,8.4,65.34,76.3225,B,11.1,Yes,Yes,Master's,Medium,7
S2944,Omar,Johnson,student1944@univ.edu,Female,18,CS,65.11,46.61,82.1,63.35,55.26,36.5,61.3,65.0435,C,34.7,No,Yes,PhD,Medium,2
S2945,Sophia,Taylor,student1945@univ.edu,Female,22,Mathematics,51.54,80.18,71.45,61.53,62.24,15.6,77.89,71.2925,C,26.0,Yes,No,High School,Low,2
S2946,Ahmed,Johnson,student1946@univ.edu,Male,24,Data Science,58.28,86.76,62.93,81.19,83.98,52.6,88.26,77.392,B,23.8,Yes,Yes,High School,Medium,10
S2947,John,Brown,student1947@univ.edu,Male,22,Physics,69.76,83.55,44.6,75.55,94.77,55.1,86.34,70.819,C,14.7,Yes,No,Master's,Low,1
S2948,Lucas,Davis,student1948@univ.edu,Male,22,CS,65.82,97.11,75.79,51.07,71.08,71.0,61.69,73.5245,C,9.0,Yes,Yes,Bachelor's,Low,1
S2949,Omar,Ahmed,student1949@univ.edu,Female,22,CS,54.85,84.29,92.05,56.48,78.02,87.8,66.53,79.23,B,8.8,Yes,Yes,Master's,High,3
S2950,Zainab,Khan,student1950@univ.edu,Female,24,Engineering,71.63,81.59,81.15,90.55,61.42,46.8,93.44,81.532,B,31.0,Yes,No,None,Medium,3
S2951,Fatima,Taylor,student1951@univ.edu,Male,18,Engineering,66.91,55.7,62.89,74.18,70.61,23.3,86.16,67.794,C,18.0,Yes,Yes,None,Medium,8
S2952,Lucas,Wilson,student1952@univ.edu,Male,25,Physics,56.13,95.49,47.66,57.3,66.84,33.4,85.63,67.2445,C,21.8,No,Yes,None,High,9
S2953,Ahmed,Miller,student1953@univ.edu,Female,21,CS,64.81,50.77,88.98,73.26,82.78,84.7,63.45,74.2205,C,33.0,Yes,No,PhD,Medium,5
S2954,Maria,Williams,student1954@univ.edu,Male,23,Data Science,94.32,94.29,96.5,62.66,99.23,14.6,89.6,90.3565,A,12.7,No,No,Master's,Low,1
S2955,Maria,Smith,student1955@univ.edu,Male,25,Business,65.1,58.76,63.3,61.18,90.67,62.7,67.92,66.8725,C,27.9,Yes,No,High School,Medium,2
S2956,Hassan,Ahmed,student1956@univ.edu,Female,19,Physics,85.7,47.81,83.72,97.89,59.61,1.3,70.07,72.9995,C,19.1,No,Yes,PhD,Medium,4
S2957,Omar,Miller,student1957@univ.edu,Female,24,Physics,80.6,89.6,64.65,68.1,78.88,24.6,64.38,72.2515,C,11.4,Yes,Yes,None,Medium,9
S2958,David,Khan,student1958@univ.edu,Female,22,Engineering,71.36,40.15,70.14,52.32,53.32,59.1,56.07,56.8355,D,30.6,Yes,Yes,PhD,Low,5
S2959,Ahmed,Miller,student1959@univ.edu,Male,25,Data Science,61.95,89.93,90.19,98.52,62.35,45.6,71.02,84.336,B,25.4,Yes,No,High School,Medium,9
S2960,Ahmed,Johnson,student1960@univ.edu,Female,19,Physics,68.45,55.74,45.01,89.74,58.61,49.4,50.85,56.7815,D,7.8,No,No,PhD,Low,1
S2961,Sara,Wilson,student1961@univ.edu,Male,24,Data Science,79.61,93.08,71.82,62.72,66.78,66.1,72.8,74.098,C,21.3,No,No,Bachelor's,High,9
S2962,Zainab,Khan,student1962@univ.edu,Male,19,Physics,67.54,81.49,52.88,70.44,83.94,23.5,86.25,70.9005,C,30.6,Yes,Yes,None,Low,8
S2963,David,Johnson,student1963@univ.edu,Female,22,Engineering,60.74,79.97,60.39,93.11,74.97,28.1,98.04,77.0485,B,7.0,No,No,Master's,High,1
S2964,Zainab,Anderson,student1964@univ.edu,Male,21,Business,55.82,61.92,78.67,67.87,96.65,68.4,53.93,72.686,C,17.5,Yes,No,None,High,7
S2965,Sophia,Jones,student1965@univ.edu,Female,24,Engineering,93.99,43.56,41.63,78.37,60.64,53.8,64.06,53.743,F,29.2,No,Yes,None,Low,5
S2966,Sophia,Smith,student1966@univ.edu,Female,19,Physics,72.02,89.8,75.63,76.74,68.21,1.5,74.71,77.3795,B,30.8,No,No,Master's,Low,10
S2967,John,Jones,student1967@univ.edu,Male,20,Data Science,81.26,50.25,57.01,70.06,66.49,67.0,58.52,59.264,D,28.3,Yes,No,Master's,High,8
S2968,Hassan,Williams,student1968@univ.edu,Male,19,Mathematics,74.52,62.34,80.17,81.98,61.8,62.0,55.84,70.4705,C,14.2,Yes,No,High School,High,4
S2969,Liam,Anderson,student1969@univ.edu,Female,23,Engineering,93.63,76.02,48.49,73.66,99.66,7.9,72.62,69.0665,C,20.2,No,Yes,High School,Medium,2
S2970,Maria,Davis,student1970@univ.edu,Female,22,Data Science,77.35,68.94,84.15,51.06,69.36,74.8,79.04,73.1595,C,27.2,No,No,Bachelor's,Low,1
S2971,Fatima,Williams,student1971@univ.edu,Female,18,Engineering,74.04,51.92,78.74,90.72,97.03,52.2,91.01,79.757,B,9.6,No,Yes,PhD,High,7
S2972,Sophia,Williams,student1972@univ.edu,Female,19,Physics,96.23,48.44,98.27,55.66,69.52,20.5,99.89,77.843,B,22.8,Yes,No,PhD,Low,1
S2973,David,Brown,student1973@univ.edu,Female,21,Data Science,85.98,47.39,94.67,73.2,60.2,55.9,88.71,75.929,B,26.6,No,No,PhD,Low,9
S2974,Ahmed,Smith,student1974@univ.edu,Female,20,Business,55.58,91.78,57.0,79.0,55.96,59.5,61.07,67.7105,C,30.5,Yes,Yes,None,High,1
S2975,Fatima,Johnson,student1975@univ.edu,Male,20,Data Science,58.89,41.89,41.64,85.28,92.78,92.0,87.4,62.771,D,8.4,No,No,None,High,6
S2976,Ali,Wilson,student1976@univ.edu,Male,18,CS,89.36,98.62,79.32,70.54,51.6,74.2,76.86,77.336,B,14.9,No,No,Master's,Low,2
S2977,Zainab,Jones,student1977@univ.edu,Male,25,Mathematics,91.79,51.91,76.17,86.78,98.22,30.2,72.54,75.6725,B,21.2,Yes,Yes,Bachelor's,Medium,6
S2978,Sophia,Williams,student1978@univ.edu,Male,23,Physics,77.26,46.62,41.65,56.57,70.91,11.8,96.79,57.542,D,26.0,Yes,No,Bachelor's,High,6
S2979,Ahmed,Jones,student1979@univ.edu,Female,18,Data Science,77.72,74.62,47.36,82.67,62.37,85.3,85.1,66.021,C,26.9,Yes,Yes,PhD,Low,5
S2980,Sophia,Ahmed,student1980@univ.edu,Male,23,Physics,81.6,44.8,75.08,91.32,80.87,84.6,84.08,73.6785,C,12.6,No,Yes,Master's,Medium,5
S2981,Maria,Jones,student1981@univ.edu,Male,19,Engineering,71.96,76.15,94.71,94.47,56.65,17.5,50.59,78.635,B,5.4,No,No,PhD,Low,8
S2982,Ali,Davis,student1982@univ.edu,Female,22,Engineering,84.01,91.04,94.39,78.98,53.61,6.2,93.25,85.1205,A,25.8,No,Yes,None,Low,7
S2983,Lucas,Khan,student1983@univ.edu,Male,21,Data Science,55.42,42.87,49.09,65.64,91.39,71.2,89.67,62.7605,D,32.3,Yes,Yes,Master's,High,5
S2984,Sophia,Ahmed,student1984@univ.edu,Female,20,CS,98.06,87.99,63.07,58.17,71.23,72.3,64.95,68.825,C,28.9,Yes,No,PhD,Medium,4
S2985,David,Ahmed,student1985@univ.edu,Female,18,Data Science,87.51,63.67,42.59,67.28,75.91,17.7,64.61,58.8105,D,23.7,Yes,No,Bachelor's,Low,1
S2986,Sophia,Smith,student1986@univ.edu,Female,21,Business,81.56,49.57,68.16,77.0,58.83,66.8,52.67,62.045,D,34.3,No,Yes,High School,Medium,2
S2987,Liam,Smith,student1987@univ.edu,Female,23,CS,65.82,50.57,85.19,59.82,53.07,27.9,52.54,64.745,D,18.0,No,Yes,None,Medium,10
S2988,Fatima,Taylor,student1988@univ.edu,Female,22,Physics,58.05,95.13,87.4,97.63,68.39,26.1,83.43,87.0335,A,20.8,No,No,PhD,High,7
S2989,Fatima,Miller,student1989@univ.edu,Male,20,Data Science,70.47,46.64,69.94,94.86,75.31,32.5,59.31,68.229,C,5.4,Yes,No,Master's,Low,10
S2990,Maria,Smith,student1990@univ.edu,Male,20,Physics,83.08,92.01,45.75,51.65,88.27,52.0,96.18,69.8295,C,33.4,No,Yes,Master's,Low,1
S2991,David,Jones,student1991@univ.edu,Male,23,Mathematics,81.69,72.65,62.88,78.1,75.05,80.4,92.12,73.3285,C,22.5,Yes,No,PhD,High,9
S2992,Ali,Johnson,student1992@univ.edu,Female,22,CS,69.13,42.34,95.93,89.47,89.13,49.9,67.44,78.9495,B,16.7,No,Yes,Bachelor's,High,6
S2993,Sara,Jones,student1993@univ.edu,Male,20,Data Science,80.66,67.87,53.78,62.27,55.77,29.8,69.0,60.453,D,6.3,Yes,No,PhD,Low,5
S2994,David,Johnson,student1994@univ.edu,Male,22,Mathematics,90.69,89.05,59.19,76.19,53.2,88.4,66.36,67.889,C,15.9,No,No,None,High,6
S2995,Fatima,Khan,student1995@univ.edu,Male,20,Data Science,51.31,83.57,84.81,70.3,57.94,5.5,54.62,73.8265,C,5.1,No,No,Master's,Low,1
S2996,Liam,Khan,student1996@univ.edu,Male,19,Business,72.53,69.33,84.01,59.83,88.6,79.7,51.57,73.2695,C,14.7,Yes,No,None,Medium,2
S2997,Lucas,Ahmed,student1997@univ.edu,Female,23,Engineering,87.93,91.6,94.73,80.74,87.97,78.4,72.61,87.6735,A,33.5,Yes,No,High School,Medium,7
S2998,Maria,Taylor,student1998@univ.edu,Male,22,Physics,77.31,47.22,63.29,99.68,57.07,25.4,97.15,69.6805,C,9.6,Yes,Yes,Bachelor's,High,6
S2999,Sara,Johnson,student1999@univ.edu,Female,21,Data Science,82.57,94.6,70.88,68.26,51.55,19.8,95.86,76.0785,B,21.4,Yes,Yes,PhD,Medium,7
S3000,Liam,Ahmed,student2000@univ.edu,Female,25,CS,75.83,90.79,68.04,77.62,84.26,87.5,90.49,79.8275,B,10.6,No,No,PhD,Low,6
S3001,Ali,Smith,student2001@univ.edu,Male,19,Data Science,99.59,82.5,95.67,66.39,92.76,55.9,81.43,86.0715,A,28.5,Yes,Yes,Bachelor's,Medium,7
S3002,Zainab,Davis,student2002@univ.edu,Female,24,Data Science,52.73,89.07,86.16,93.85,87.71,4.6,92.81,89.1255,A,21.9,No,No,Master's,Medium,7
S3003,Ali,Johnson,student2003@univ.edu,Female,21,Data Science,74.55,72.63,89.89,93.23,60.14,89.1,75.75,80.3555,B,11.1,No,Yes,PhD,Medium,6
S3004,Liam,Khan,student2004@univ.edu,Female,23,Data Science,54.57,80.51,47.99,58.94,79.19,34.9,59.01,62.4695,D,31.0,No,No,Bachelor's,Low,8
S3005,Zainab,Jones,student2005@univ.edu,Female,20,CS,57.99,73.64,87.51,95.0,87.87,34.2,84.21,85.4185,A,28.5,Yes,Yes,PhD,High,7
S3006,Omar,Wilson,student2006@univ.edu,Female,24,CS,69.15,61.33,65.98,57.58,62.79,64.3,96.03,67.819,C,33.5,Yes,No,Master's,Low,9
S3007,Maria,Smith,student2007@univ.edu,Female,21,Data Science,57.78,74.13,41.4,54.77,76.39,66.1,50.98,56.637,D,5.0,Yes,Yes,Bachelor's,High,5
S3008,David,Wilson,student2008@univ.edu,Female,19,Engineering,98.18,55.45,43.61,82.65,65.72,35.3,62.57,57.9945,D,18.7,Yes,No,Master's,Medium,8
S3009,Zainab,Anderson,student2009@univ.edu,Male,24,Data Science,97.34,66.42,80.67,69.3,61.28,14.3,63.27,70.596,C,35.0,Yes,Yes,PhD,Medium,8
S3010,Hassan,Anderson,student2010@univ.edu,Male,24,Physics,66.81,56.85,62.32,76.54,98.48,55.2,54.95,67.6775,C,29.3,Yes,No,Bachelor's,Medium,8
S3011,Zainab,Jones,student2011@univ.edu,Female,22,Physics,81.99,47.37,92.09,82.63,95.63,62.5,61.27,77.635,B,29.9,Yes,No,High School,Low,4
S3012,Ahmed,Anderson,student2012@univ.edu,Female,18,CS,76.69,59.31,84.06,52.64,72.28,86.0,69.2,70.401,C,23.6,Yes,Yes,PhD,Medium,9
S3013,Lucas,Miller,student2013@univ.edu,Male,21,Physics,90.78,91.12,41.3,64.65,56.84,48.4,96.99,65.451,C,26.4,No,Yes,Bachelor's,Low,10
S3014,Ahmed,Khan,student2014@univ.edu,Male,18,Physics,81.37,62.86,81.21,73.05,86.4,64.6,93.01,78.8645,B,29.2,No,Yes,High School,Low,4
S3015,David,Ahmed,student2015@univ.edu,Male,23,Business,50.01,84.88,51.54,63.33,62.79,5.4,97.3,68.528,C,7.8,Yes,No,Bachelor's,High,6
S3016,David,Taylor,student2016@univ.edu,Male,21,Data Science,88.16,50.51,65.35,52.45,58.43,89.5,56.03,58.011,D,25.8,No,Yes,None,High,6
S3017,Maria,Smith,student2017@univ.edu,Female,21,Data Science,87.34,65.47,77.48,54.33,69.08,32.7,51.4,66.4335,C,29.5,Yes,Yes,None,High,2
S3018,David,Wilson,student2018@univ.edu,Female,22,Data Science,75.49,46.89,92.36,90.09,76.49,63.2,55.49,75.0145,B,6.2,Yes,Yes,Bachelor's,High,7
S3019,Fatima,Jones,student2019@univ.edu,Male,20,Data Science,95.15,48.32,67.37,95.57,54.87,91.6,95.71,70.166,C,13.9,Yes,Yes,Bachelor's,Low,7
S3020,Zainab,Miller,student2020@univ.edu,Male,19,Mathematics,95.42,77.05,88.51,57.61,78.59,81.1,57.87,75.499,B,14.7,No,No,None,Low,1
S3021,Zainab,Jones,student2021@univ.edu,Male,19,Data Science,76.2,76.45,86.98,62.46,50.77,63.8,78.63,74.512,C,30.6,Yes,Yes,PhD,High,5
S3022,Omar,Ahmed,student2022@univ.edu,Male,19,CS,80.4,52.8,64.87,82.61,94.59,70.4,61.38,69.0515,C,28.4,No,No,None,High,9
S3023,Sara,Miller,student2023@univ.edu,Female,25,CS,99.83,68.47,70.06,97.71,96.04,92.1,51.03,74.932,C,24.7,No,No,None,High,10
S3024,David,Khan,student2024@univ.edu,Male,23,Mathematics,64.94,91.8,82.03,64.98,86.65,81.2,54.23,77.9495,B,29.1,Yes,No,None,High,5
S3025,Ahmed,Anderson,student2025@univ.edu,Male,24,Data Science,66.23,50.45,41.87,92.76,73.33,61.0,85.49,62.4815,D,18.6,No,Yes,Master's,High,10
S3026,David,Anderson,student2026@univ.edu,Male,20,Engineering,59.14,41.15,93.45,75.3,62.74,65.9,59.12,70.5115,C,31.2,No,No,PhD,High,7
S3027,Ali,Khan,student2027@univ.edu,Female,18,Data Science,94.79,79.12,86.19,97.83,87.21,14.7,61.46,82.9655,B,12.0,Yes,No,Master's,High,9
S3028,Omar,Khan,student2028@univ.edu,Female,19,CS,87.22,43.21,54.96,56.81,96.59,47.0,68.86,61.217,D,26.1,Yes,Yes,PhD,Medium,1
S3029,Fatima,Johnson,student2029@univ.edu,Female,25,Business,55.28,98.8,98.87,98.68,57.93,30.1,82.86,90.285,A,12.3,Yes,No,Master's,High,9
S3030,Fatima,Brown,student2030@univ.edu,Male,18,Physics,99.09,76.58,50.76,72.05,73.29,43.2,73.47,65.9035,C,6.2,Yes,Yes,Master's,High,4
S3031,Sophia,Khan,student2031@univ.edu,Male,20,Business,86.55,68.22,94.85,97.65,65.76,66.2,97.23,85.9375,A,13.5,Yes,Yes,Bachelor's,Low,1
S3032,Zainab,Jones,student2032@univ.edu,Male,23,Engineering,92.53,65.8,59.47,72.93,67.84,14.9,71.71,65.8465,C,19.8,No,No,None,High,8
S3033,Fatima,Johnson,student2033@univ.edu,Female,20,Data Science,52.41,74.38,85.79,76.5,70.29,1.7,59.96,75.915,B,30.3,No,Yes,Bachelor's,High,3
S3034,Zainab,Smith,student2034@univ.edu,Female,22,Mathematics,75.25,45.44,67.38,90.24,97.59,39.7,76.81,72.367,C,20.3,No,No,Bachelor's,High,8
S3035,Sophia,Johnson,student2035@univ.edu,Male,24,Data Science,84.93,95.8,84.19,86.13,62.93,32.2,72.54,81.8665,B,10.4,No,No,Bachelor's,Low,6
S3036,Liam,Williams,student2036@univ.edu,Male,19,Engineering,77.15,77.54,49.35,80.98,74.63,42.0,89.36,69.526,C,34.8,No,No,High School,Low,6
S3037,Lucas,Anderson,student2037@univ.edu,Female,23,Engineering,83.33,51.04,56.17,70.85,97.57,93.1,96.76,69.6445,C,13.1,Yes,Yes,PhD,Medium,8
S3038,John,Ahmed,student2038@univ.edu,Male,22,Physics,90.89,73.75,45.99,89.62,73.8,70.7,91.81,69.131,C,34.6,No,Yes,Bachelor's,Low,9
S3039,Fatima,Williams,student2039@univ.edu,Male,19,Engineering,68.72,48.0,91.91,97.41,93.18,32.7,69.45,80.7745,B,33.1,Yes,Yes,Bachelor's,Low,8
S3040,Sara,Jones,student2040@univ.edu,Male,20,Business,92.43,41.05,57.78,50.49,52.94,17.9,60.81,53.069,F,21.3,No,Yes,High School,Medium,7
S3041,Ali,Wilson,student2041@univ.edu,Female,20,Physics,58.15,77.83,81.67,79.39,97.65,61.8,95.72,85.0645,A,7.8,No,No,High School,Low,3
S3042,Emma,Wilson,student2042@univ.edu,Male,25,Data Science,63.54,78.91,89.21,93.3,59.38,65.8,69.3,80.3025,B,25.9,No,No,None,Medium,4
S3043,Liam,Khan,student2043@univ.edu,Male,21,Data Science,52.17,75.02,94.09,82.66,99.0,48.4,88.51,88.461,A,30.4,Yes,No,Bachelor's,Medium,9
S3044,Fatima,Smith,student2044@univ.edu,Male,21,Mathematics,68.22,51.01,46.38,90.04,58.78,21.3,99.48,63.68,D,18.4,No,Yes,PhD,Low,4
S3045,Zainab,Johnson,student2045@univ.edu,Male,20,Engineering,69.0,76.21,93.58,94.75,72.22,2.9,78.87,84.871,B,12.2,Yes,No,Bachelor's,Low,8
S3046,Lucas,Wilson,student2046@univ.edu,Female,20,Engineering,90.26,43.39,51.84,87.55,65.43,26.6,73.99,60.8675,D,29.1,No,No,None,Medium,6
S3047,Sophia,Miller,student2047@univ.edu,Female,18,CS,82.66,76.55,84.21,85.85,71.66,45.7,84.99,81.1585,B,21.4,No,No,Bachelor's,Medium,5
S3048,Ahmed,Khan,student2048@univ.edu,Female,25,Physics,71.84,73.24,83.73,98.24,62.53,78.8,59.7,77.024,B,10.9,Yes,Yes,High School,Medium,7
S3049,Emma,Miller,student2049@univ.edu,Male,24,CS,82.61,79.32,40.51,93.18,98.27,85.4,74.41,69.9215,C,33.5,Yes,Yes,High School,Medium,1
S3050,Lucas,Smith,student2050@univ.edu,Female,18,Physics,52.64,93.73,53.24,90.77,65.29,41.3,65.62,70.632,C,33.4,No,Yes,None,Low,10
S3051,Lucas,Taylor,student2051@univ.edu,Male,24,Business,59.01,91.02,69.51,54.32,82.66,79.6,58.21,71.811,C,16.0,No,Yes,None,High,3
S3052,Fatima,Ahmed,student2052@univ.edu,Female,22,Physics,81.35,98.84,65.2,61.95,56.87,99.3,80.51,72.4875,C,6.9,No,Yes,High School,Medium,5
S3053,Liam,Anderson,student2053@univ.edu,Male,21,Data Science,82.07,98.57,95.11,77.84,91.22,71.7,78.79,90.18,A,23.9,No,Yes,High School,Low,4
S3054,Hassan,Johnson,student2054@univ.edu,Female,21,Mathematics,88.71,86.34,61.58,85.48,77.13,72.9,88.06,76.4215,B,14.5,Yes,No,Bachelor's,Medium,3
S3055,Emma,Ahmed,student2055@univ.edu,Female,25,Physics,70.15,97.39,96.22,65.16,98.97,91.0,93.65,91.822,A,7.0,No,No,None,High,3
S3056,Maria,Khan,student2056@univ.edu,Female,20,Physics,86.13,92.04,67.57,54.67,71.17,33.8,61.02,70.0865,C,31.8,Yes,No,Bachelor's,Low,9
S3057,John,Jones,student2057@univ.edu,Male,20,Physics,84.2,83.65,97.86,65.55,59.77,1.1,88.99,83.1275,B,34.9,Yes,No,High School,Low,5
S3058,Maria,Davis,student2058@univ.edu,Male,22,Mathematics,98.17,44.52,84.24,88.55,67.3,98.7,68.37,72.021,C,15.5,No,Yes,PhD,High,3
S3059,Hassan,Davis,student2059@univ.edu,Male,23,Engineering,60.76,42.94,89.76,93.87,86.85,49.0,81.44,79.328,B,27.3,Yes,No,None,High,5
S3060,Zainab,Davis,student2060@univ.edu,Female,23,Mathematics,77.58,90.26,46.29,95.65,82.96,78.6,92.51,74.9215,C,7.0,No,Yes,Bachelor's,Low,9
S3061,Zainab,Wilson,student2061@univ.edu,Male,25,Engineering,80.09,69.38,75.17,68.94,88.92,81.2,62.81,73.286,C,16.1,No,Yes,None,High,3
S3062,Ali,Taylor,student2062@univ.edu,Male,23,Data Science,99.93,88.88,48.56,68.63,53.67,39.8,80.05,65.1245,C,8.3,Yes,No,PhD,Low,5
S3063,Emma,Taylor,student2063@univ.edu,Male,21,Mathematics,60.06,58.78,57.86,70.34,79.02,54.1,74.02,65.514,C,6.7,Yes,Yes,Master's,High,2
S3064,Maria,Johnson,student2064@univ.edu,Male,18,Engineering,76.16,63.86,77.41,68.79,96.61,54.0,89.53,78.105,B,22.7,No,Yes,High School,Medium,8
S3065,Zainab,Johnson,student2065@univ.edu,Male,23,Data Science,67.31,82.01,83.57,83.31,55.4,22.0,84.86,79.187,B,29.1,No,No,PhD,Medium,6
S3066,Hassan,Taylor,student2066@univ.edu,Male,19,Data Science,76.29,94.92,42.35,67.92,54.72,11.8,88.48,65.4745,C,18.6,Yes,No,Master's,Low,8
S3067,Fatima,Smith,student2067@univ.edu,Female,25,Engineering,61.61,45.27,71.86,51.02,85.83,54.4,64.4,64.3925,D,20.7,Yes,No,Bachelor's,Low,1
S3068,Omar,Johnson,student2068@univ.edu,Female,22,Engineering,52.38,91.69,73.92,71.95,65.76,12.0,85.22,77.6495,B,13.1,Yes,No,PhD,Low,2
S3069,Sophia,Smith,student2069@univ.edu,Male,23,Business,78.63,87.58,44.73,61.21,82.93,34.6,80.29,66.836,C,27.1,No,No,Master's,Medium,7
S3070,Omar,Khan,student2070@univ.edu,Female,19,Data Science,66.79,58.93,70.04,51.44,77.27,18.6,72.83,66.531,C,15.8,No,No,PhD,Medium,7
S3071,David,Williams,student2071@univ.edu,Female,23,Engineering,59.1,61.31,82.83,73.54,99.3,70.7,68.92,77.5165,B,7.0,Yes,No,Master's,Low,9
S3072,Maria,Miller,student2072@univ.edu,Male,18,Data Science,66.2,42.79,43.19,60.3,94.45,87.2,66.58,56.874,D,10.0,No,Yes,Bachelor's,High,6
S3073,Ali,Anderson,student2073@univ.edu,Male,18,Mathematics,52.46,40.94,85.62,72.64,83.9,57.8,50.48,69.208,C,8.9,No,Yes,Bachelor's,Low,7
S3074,David,Khan,student2074@univ.edu,Female,23,CS,97.52,68.62,74.59,63.89,63.08,41.0,58.48,67.648,C,18.1,Yes,No,Bachelor's,Low,4
S3075,Zainab,Ahmed,student2075@univ.edu,Male,25,CS,79.06,45.73,89.99,80.19,63.1,99.7,52.95,70.0785,C,7.0,Yes,Yes,Bachelor's,Low,2
S3076,Ahmed,Johnson,student2076@univ.edu,Female,25,Physics,90.74,51.64,53.08,99.54,94.11,2.1,92.42,71.8165,C,29.2,Yes,Yes,Bachelor's,High,9
S3077,Sara,Taylor,student2077@univ.edu,Female,19,Engineering,71.16,90.81,90.0,77.36,79.27,30.4,93.0,87.1065,A,32.2,No,Yes,Master's,Medium,1
S3078,Ahmed,Miller,student2078@univ.edu,Female,22,Engineering,95.17,74.26,45.67,82.34,89.46,27.9,92.31,70.453,C,12.5,No,No,Bachelor's,High,6
S3079,Hassan,Miller,student2079@univ.edu,Male,19,Data Science,74.17,78.02,64.23,95.96,72.49,35.6,90.9,76.987,B,19.6,Yes,Yes,PhD,Medium,10
S3080,Emma,Brown,student2080@univ.edu,Female,22,Physics,78.7,51.25,51.97,68.7,55.15,23.1,61.07,56.1775,D,20.6,No,Yes,PhD,Medium,9
S3081,Lucas,Ahmed,student2081@univ.edu,Male,23,Engineering,74.59,89.72,92.56,58.33,66.63,26.4,74.59,80.2725,B,34.6,No,No,Bachelor's,High,10
S3082,Sophia,Khan,student2082@univ.edu,Male,22,Data Science,86.66,92.08,82.3,64.14,58.06,25.8,95.39,79.8595,B,7.0,Yes,Yes,PhD,Medium,10
S3083,Maria,Taylor,student2083@univ.edu,Male,20,Engineering,78.33,71.4,41.52,70.14,89.09,50.6,87.99,65.895,C,25.0,Yes,No,Bachelor's,High,2
S3084,Ali,Anderson,student2084@univ.edu,Male,21,Data Science,63.58,94.75,40.57,82.25,85.03,39.1,50.09,65.755,C,15.4,No,Yes,PhD,Medium,2
S3085,Ali,Taylor,student2085@univ.edu,Male,24,Engineering,57.28,90.69,57.47,50.23,54.42,63.9,72.97,64.8955,D,20.1,No,Yes,None,Low,9
S3086,Hassan,Johnson,student2086@univ.edu,Female,21,Business,80.31,83.88,48.6,92.67,81.07,51.4,50.53,67.4265,C,11.5,No,Yes,High School,Medium,10
S3087,Liam,Jones,student2087@univ.edu,Male,18,Data Science,74.46,84.04,77.82,53.8,93.71,18.3,64.03,75.776,B,9.8,Yes,Yes,PhD,High,10
S3088,Zainab,Williams,student2088@univ.edu,Male,20,Business,54.8,46.32,79.83,95.03,84.87,81.0,71.79,74.958,C,12.3,No,Yes,PhD,Medium,9
S3089,Sara,Smith,student2089@univ.edu,Male,21,Business,69.78,56.25,96.52,97.47,75.56,47.2,94.64,85.1825,A,7.1,No,No,High School,Low,4
S3090,John,Jones,student2090@univ.edu,Male,23,Business,75.74,44.01,97.12,99.51,65.59,15.3,82.72,79.967,B,13.3,No,Yes,None,High,8
S3091,John,Ahmed,student2091@univ.edu,Male,22,Business,91.34,40.52,79.53,90.48,94.35,16.7,68.12,73.882,C,25.7,Yes,No,High School,Low,8
S3092,John,Williams,student2092@univ.edu,Female,22,Mathematics,53.81,49.5,40.34,57.09,71.14,79.7,74.53,54.433,F,24.5,No,No,PhD,Low,2
S3093,Maria,Jones,student2093@univ.edu,Male,19,Physics,67.42,92.83,61.54,85.31,92.77,70.3,90.87,80.4475,B,21.6,No,No,Bachelor's,Low,4
S3094,John,Smith,student2094@univ.edu,Male,19,CS,91.13,54.39,70.79,60.17,89.15,50.7,64.98,67.7995,C,5.0,No,No,None,High,6
S3095,Fatima,Wilson,student2095@univ.edu,Female,25,Mathematics,82.42,98.21,69.95,94.86,90.81,30.6,80.75,84.0875,B,8.8,Yes,Yes,PhD,Medium,4
S3096,Omar,Taylor,student2096@univ.edu,Male,22,Engineering,64.5,75.84,76.2,65.83,99.49,46.1,63.11,76.1025,B,30.3,Yes,No,Bachelor's,Low,7
S3097,Ali,Jones,student2097@univ.edu,Female,25,Engineering,92.27,54.24,97.63,66.34,87.44,63.6,74.0,79.1855,B,13.2,No,No,Bachelor's,High,10
S3098,Sara,Johnson,student2098@univ.edu,Female,23,Physics,74.66,69.83,93.11,95.88,51.7,87.9,51.23,76.376,B,32.4,No,Yes,None,Medium,5
S3099,Omar,Anderson,student2099@univ.edu,Female,22,CS,74.92,53.15,46.53,50.66,60.27,55.6,92.61,57.4465,D,31.2,Yes,Yes,PhD,Medium,4
S3100,Lucas,Khan,student2100@univ.edu,Female,19,CS,98.83,99.04,55.96,59.7,51.76,27.7,52.42,63.976,D,9.6,No,No,Master's,High,6
S3101,Sara,Davis,student2101@univ.edu,Male,21,CS,97.36,90.84,89.99,71.1,59.5,4.3,61.22,78.4375,B,31.9,No,No,Bachelor's,High,6
S3102,Omar,Johnson,student2102@univ.edu,Male,25,Business,67.93,41.57,89.46,85.04,53.07,17.5,66.68,70.3435,C,23.8,Yes,Yes,High School,Medium,5
S3103,Sara,Smith,student2103@univ.edu,Female,25,Mathematics,57.03,96.87,56.52,82.38,75.08,65.0,81.26,74.964,C,23.9,Yes,No,Master's,Medium,6
S3104,Lucas,Anderson,student2104@univ.edu,Female,18,Engineering,66.28,83.26,83.84,83.47,51.41,16.0,86.0,79.128,B,30.6,No,No,High School,Low,5
S3105,David,Johnson,student2105@univ.edu,Male,19,Mathematics,51.52,44.94,80.32,94.0,73.63,48.2,54.02,70.3475,C,17.2,Yes,No,None,Medium,7
S3106,Fatima,Miller,student2106@univ.edu,Female,23,Mathematics,51.04,80.24,68.41,56.05,94.94,69.9,52.17,70.4655,C,27.1,No,No,Bachelor's,Low,5
S3107,Maria,Taylor,student2107@univ.edu,Female,25,Mathematics,69.78,78.82,52.09,76.11,87.43,30.8,89.95,72.019,C,25.0,Yes,Yes,Bachelor's,Low,4
S3108,Maria,Anderson,student2108@univ.edu,Female,21,CS,97.05,53.13,93.32,86.27,97.2,66.9,85.61,83.65,B,28.1,Yes,Yes,None,Medium,9
S3109,Hassan,Miller,student2109@univ.edu,Male,21,Physics,93.57,85.51,80.67,81.81,61.33,58.1,91.58,80.5445,B,24.8,No,Yes,Bachelor's,High,5
S3110,Zainab,Johnson,student2110@univ.edu,Female,21,Physics,75.57,45.22,50.14,72.42,76.55,43.9,83.83,61.513,D,7.4,Yes,No,Master's,Medium,6
S3111,Ali,Williams,student2111@univ.edu,Male,20,CS,78.26,69.37,82.29,50.86,65.93,89.7,87.55,73.3265,C,13.8,Yes,Yes,Master's,Low,2
S3112,John,Brown,student2112@univ.edu,Male,20,Engineering,50.3,40.6,84.49,53.02,74.69,69.2,68.95,67.1905,C,33.2,No,Yes,None,Medium,1
S3113,Fatima,Williams,student2113@univ.edu,Male,24,Engineering,60.78,98.12,93.21,55.95,77.85,36.1,79.51,84.244,B,11.7,No,No,PhD,Medium,3
S3114,Ahmed,Taylor,student2114@univ.edu,Female,21,Engineering,51.24,85.09,53.37,67.16,51.81,80.4,90.27,67.0835,C,19.2,No,No,Bachelor's,High,7
S3115,John,Anderson,student2115@univ.edu,Female,25,Physics,87.73,49.53,99.33,55.88,61.66,73.8,58.61,71.094,C,15.7,No,No,Master's,Low,1
S3116,Zainab,Anderson,student2116@univ.edu,Male,23,Physics,57.28,60.5,49.2,71.3,85.24,79.2,71.14,63.472,D,7.6,Yes,No,High School,Low,1
S3117,Ali,Taylor,student2117@univ.edu,Male,22,Mathematics,93.45,49.63,76.04,58.93,88.65,64.1,87.02,71.73,C,10.4,No,Yes,Bachelor's,Low,8
S3118,Emma,Miller,student2118@univ.edu,Male,23,CS,82.17,86.0,79.43,88.96,78.47,37.9,76.63,81.6095,B,13.6,No,No,Master's,Low,3
S3119,Zainab,Brown,student2119@univ.edu,Female,20,Business,61.47,43.53,65.14,93.57,63.54,34.9,84.08,67.6835,C,18.9,Yes,No,Master's,High,2
S3120,Fatima,Johnson,student2120@univ.edu,Female,19,Mathematics,57.89,90.42,68.5,69.48,70.25,65.4,64.64,72.7145,C,31.2,No,Yes,Master's,High,8
S3121,Omar,Khan,student2121@univ.edu,Male,25,Data Science,81.38,96.53,93.45,75.57,54.8,13.1,51.62,79.312,B,20.5,Yes,Yes,PhD,Low,10
S3122,Sara,Smith,student2122@univ.edu,Male,24,Physics,95.04,80.6,78.72,97.67,97.66,82.0,51.46,80.6905,B,24.6,Yes,Yes,None,Medium,2
S3123,Ahmed,Williams,student2123@univ.edu,Female,20,Mathematics,85.92,52.78,69.82,76.78,93.43,37.0,97.14,75.0955,B,17.8,Yes,Yes,PhD,Low,10
S3124,Fatima,Williams,student2124@univ.edu,Male,22,CS,67.43,61.61,47.7,99.75,53.28,63.0,97.23,66.556,C,31.1,Yes,No,High School,Medium,7
S3125,Lucas,Ahmed,student2125@univ.edu,Female,18,Data Science,79.37,68.63,40.44,57.11,58.32,49.9,60.56,54.2785,F,24.9,No,Yes,High School,Low,7
S3126,Emma,Davis,student2126@univ.edu,Female,24,Mathematics,65.54,76.28,47.5,93.11,79.05,51.9,57.37,66.3105,C,7.7,Yes,Yes,None,High,10
S3127,Lucas,Ahmed,student2127@univ.edu,Male,20,CS,99.96,80.12,97.37,74.86,61.62,73.8,50.91,78.212,B,19.3,No,Yes,None,High,6
S3128,Maria,Brown,student2128@univ.edu,Male,23,CS,87.44,73.25,85.85,51.14,96.72,62.7,61.56,76.1105,B,29.8,No,Yes,Master's,Low,1
S3129,Hassan,Smith,student2129@univ.edu,Female,24,Physics,80.72,61.08,98.03,98.61,87.78,25.0,66.72,84.493,B,27.0,Yes,Yes,High School,Medium,1
S3130,Maria,Williams,student2130@univ.edu,Female,25,Business,71.16,93.46,42.14,98.25,63.66,7.4,62.06,67.0365,C,32.2,Yes,Yes,Master's,Medium,3
S3131,Zainab,Smith,student2131@univ.edu,Female,23,Mathematics,80.91,44.88,80.81,69.16,50.31,84.0,89.87,68.6605,C,11.8,No,No,None,Medium,4
S3132,John,Khan,student2132@univ.edu,Female,21,CS,67.08,67.98,42.66,97.71,89.97,88.5,87.47,69.7995,C,34.3,Yes,No,High School,High,9
S3133,Omar,Johnson,student2133@univ.edu,Female,21,Engineering,51.44,86.53,86.92,57.05,71.2,16.4,54.05,75.073,B,13.6,Yes,Yes,Master's,Medium,7
S3134,Ahmed,Anderson,student2134@univ.edu,Male,21,CS,69.75,43.65,62.86,84.01,82.12,30.9,84.87,68.381,C,6.5,No,Yes,Bachelor's,Medium,1
S3135,Zainab,Smith,student2135@univ.edu,Female,24,Business,96.52,82.32,45.75,59.6,64.35,28.2,76.03,62.4735,D,19.9,Yes,Yes,Bachelor's,Medium,4
S3136,Sophia,Williams,student2136@univ.edu,Female,18,CS,81.32,89.18,74.08,62.33,57.14,93.7,56.61,70.176,C,8.3,No,No,Master's,High,6
S3137,Emma,Miller,student2137@univ.edu,Female,22,Physics,54.2,79.65,56.81,88.97,83.77,20.5,86.98,74.7715,C,25.4,Yes,Yes,PhD,Low,6
S3138,Emma,Brown,student2138@univ.edu,Male,25,Mathematics,94.25,40.78,79.57,68.87,72.52,16.7,54.3,65.359,C,32.0,Yes,Yes,Master's,High,7
S3139,Zainab,Taylor,student2139@univ.edu,Male,24,Physics,63.44,50.81,79.49,50.36,61.76,18.2,58.86,63.6305,D,32.6,No,Yes,High School,High,9
S3140,Zainab,Jones,student2140@univ.edu,Female,19,Mathematics,62.19,60.53,82.3,70.71,56.88,73.0,57.46,68.6685,C,23.2,Yes,Yes,None,Low,6
S3141,Fatima,Wilson,student2141@univ.edu,Female,25,Data Science,64.85,54.02,99.55,61.4,79.02,88.8,96.95,81.252,B,21.1,No,Yes,Master's,Low,1
S3142,John,Wilson,student2142@univ.edu,Male,23,Mathematics,78.86,97.76,63.2,84.17,86.28,39.3,84.91,79.976,B,34.8,Yes,No,High School,Medium,3
S3143,Maria,Jones,student2143@univ.edu,Male,23,Data Science,77.23,79.1,67.92,59.72,64.19,13.6,70.56,68.7625,C,22.4,No,Yes,High School,Medium,1
S3144,Hassan,Smith,student2144@univ.edu,Male,24,Physics,74.57,57.82,88.28,92.11,86.76,58.6,91.11,82.959,B,32.8,Yes,No,Bachelor's,Low,6
S3145,John,Brown,student2145@univ.edu,Male,24,Engineering,85.88,95.78,74.7,63.35,59.16,21.0,60.8,72.7975,C,32.5,No,Yes,Master's,Medium,7
S3146,Sara,Smith,student2146@univ.edu,Female,22,Business,65.83,84.44,42.24,69.65,66.92,6.4,96.55,66.64,C,13.7,No,Yes,PhD,Low,3
S3147,Fatima,Khan,student2147@univ.edu,Male,18,Engineering,89.1,57.08,90.58,64.9,87.24,88.6,84.85,78.6675,B,5.4,Yes,No,PhD,Medium,10
S3148,Fatima,Khan,student2148@univ.edu,Female,24,Data Science,58.77,62.73,43.09,82.2,83.01,87.1,77.98,64.106,D,18.2,No,No,None,High,9
S3149,Ahmed,Khan,student2149@univ.edu,Female,21,CS,89.13,51.97,50.25,55.06,63.53,97.6,89.73,59.2295,D,30.8,No,Yes,None,Medium,1
S3150,Omar,Taylor,student2150@univ.edu,Male,22,CS,83.19,98.26,46.12,73.9,56.11,47.4,82.24,67.6315,C,30.1,Yes,Yes,Bachelor's,Low,1
S3151,Hassan,Brown,student2151@univ.edu,Male,19,Engineering,84.16,71.04,44.68,66.72,52.12,29.4,94.36,61.826,D,23.1,Yes,No,Master's,Low,7
S3152,Ali,Ahmed,student2152@univ.edu,Male,21,CS,74.08,93.76,41.54,94.21,91.9,77.0,91.46,74.9265,C,9.7,No,No,None,High,5
S3153,David,Ahmed,student2153@univ.edu,Male,19,Data Science,83.35,60.79,43.3,53.67,53.76,18.0,59.89,52.411,F,8.2,No,No,Master's,Medium,5
S3154,Ali,Jones,student2154@univ.edu,Female,20,Physics,53.99,91.65,66.55,91.48,55.74,24.3,61.98,73.0025,C,33.6,No,No,PhD,Low,5
S3155,Zainab,Khan,student2155@univ.edu,Female,19,Business,92.58,43.23,55.17,58.38,61.89,25.6,53.25,53.9835,F,17.6,Yes,Yes,High School,Medium,5
S3156,Liam,Khan,student2156@univ.edu,Female,21,Mathematics,52.78,98.93,47.59,54.43,72.28,95.2,61.01,64.6005,D,24.4,Yes,Yes,PhD,Low,2
S3157,Liam,Smith,student2157@univ.edu,Male,20,Data Science,57.44,94.72,79.52,60.12,89.49,73.0,67.17,79.293,B,32.2,No,No,Bachelor's,Medium,1
S3158,Fatima,Davis,student2158@univ.edu,Female,21,Data Science,78.84,61.79,53.57,55.13,62.37,13.4,51.44,56.4485,D,31.1,Yes,Yes,Master's,High,5
S3159,John,Williams,student2159@univ.edu,Male,23,Mathematics,86.97,86.48,41.14,76.05,77.18,9.3,65.75,64.542,D,22.0,No,No,High School,Medium,10
S3160,Sara,Miller,student2160@univ.edu,Female,21,Mathematics,53.81,85.14,65.11,99.41,54.52,84.3,88.58,76.193,B,19.6,Yes,Yes,High School,Medium,9
S3161,Ahmed,Anderson,student2161@univ.edu,Male,20,Business,96.04,94.08,58.63,51.72,73.23,80.2,92.02,71.882,C,27.1,Yes,No,Bachelor's,Low,8
S3162,Sophia,Miller,student2162@univ.edu,Female,19,Business,98.68,58.44,59.12,73.06,58.88,67.1,50.44,59.737,D,15.5,No,Yes,High School,Medium,9
S3163,Liam,Taylor,student2163@univ.edu,Female,23,Business,80.3,67.93,66.72,69.3,60.56,19.6,50.36,63.971,D,23.8,Yes,No,Master's,Low,3
S3164,Ahmed,Smith,student2164@univ.edu,Male,18,CS,74.06,91.9,80.13,66.98,68.34,48.0,57.32,75.3215,B,5.7,Yes,No,PhD,Low,2
S3165,Fatima,Johnson,student2165@univ.edu,Female,18,Data Science,87.07,86.71,76.99,66.59,88.07,60.3,93.63,81.532,B,29.7,Yes,No,Master's,Medium,5
S3166,Omar,Khan,student2166@univ.edu,Female,25,Physics,66.42,63.61,96.24,94.75,87.2,93.2,73.46,84.7175,B,34.9,No,No,None,Low,7
S3167,Lucas,Brown,student2167@univ.edu,Male,18,Mathematics,74.66,90.74,71.06,50.95,70.75,16.9,99.15,76.1465,B,33.6,Yes,Yes,High School,High,4
S3168,Ali,Ahmed,student2168@univ.edu,Male,18,Data Science,95.81,42.82,68.35,88.75,55.93,51.5,94.37,68.344,C,15.8,No,No,High School,Medium,2
S3169,Sara,Ahmed,student2169@univ.edu,Male,22,Data Science,97.78,86.92,52.8,62.65,64.03,15.8,94.51,69.0425,C,20.9,Yes,Yes,Master's,High,9
S3170,Maria,Smith,student2170@univ.edu,Male,18,Business,96.35,52.41,85.32,69.16,75.27,44.4,56.42,70.4715,C,12.1,No,Yes,Bachelor's,Medium,6
S3171,Zainab,Brown,student2171@univ.edu,Male,20,Business,63.12,57.17,48.45,71.01,93.47,20.0,73.76,64.1275,D,14.1,Yes,No,Master's,Low,3
S3172,Ahmed,Anderson,student2172@univ.edu,Female,24,Data Science,61.62,69.59,69.47,65.24,98.41,83.6,99.68,77.732,B,18.7,Yes,No,PhD,High,1
S3173,Omar,Davis,student2173@univ.edu,Male,18,Business,64.88,66.98,65.28,54.68,81.87,25.5,57.45,65.344,C,27.4,Yes,Yes,Bachelor's,High,1
S3174,Sophia,Miller,student2174@univ.edu,Female,21,CS,72.07,71.23,79.5,55.72,67.53,41.7,78.71,72.365,C,5.5,No,Yes,High School,Low,8
S3175,David,Williams,student2175@univ.edu,Female,24,Mathematics,65.71,72.69,95.06,64.91,84.67,40.8,67.21,80.3275,B,16.8,Yes,Yes,High School,Medium,4
S3176,Ali,Anderson,student2176@univ.edu,Male,18,Data Science,68.71,59.89,96.8,91.09,66.81,86.6,69.39,79.9515,B,21.7,No,Yes,Bachelor's,Medium,9
S3177,Maria,Anderson,student2177@univ.edu,Female,24,Mathematics,81.03,50.51,50.07,56.73,81.27,75.8,94.54,62.5075,D,11.5,No,No,Bachelor's,Medium,5
S3178,Ali,Miller,student2178@univ.edu,Female,19,CS,88.13,86.11,55.71,87.13,62.19,5.8,79.4,71.0285,C,7.4,No,Yes,Bachelor's,Medium,5
S3179,Fatima,Anderson,student2179@univ.edu,Male,20,Business,86.78,64.0,88.7,64.44,63.35,6.7,87.94,76.2045,B,21.2,Yes,No,High School,High,8
S3180,David,Johnson,student2180@univ.edu,Female,20,Engineering,90.72,70.35,71.1,94.17,53.76,55.1,83.66,73.6935,C,24.1,Yes,Yes,High School,Low,7
S3181,Ali,Johnson,student2181@univ.edu,Male,25,CS,51.61,78.68,67.18,71.42,71.01,42.8,76.45,72.081,C,24.2,Yes,Yes,High School,Low,8
S3182,Hassan,Ahmed,student2182@univ.edu,Male,24,Engineering,52.39,94.58,82.64,58.59,80.91,27.6,89.59,82.2035,B,15.7,Yes,Yes,High School,High,4
S3183,Sophia,Wilson,student2183@univ.edu,Male,25,Mathematics,89.47,82.45,76.12,99.29,89.44,79.3,98.54,86.2225,A,12.1,No,No,High School,Low,10
S3184,Omar,Wilson,student2184@univ.edu,Female,23,Data Science,76.65,42.73,98.24,58.83,90.52,12.9,98.34,80.0835,B,11.6,No,No,Master's,Low,2
S3185,Zainab,Johnson,student2185@univ.edu,Female,22,Business,78.91,90.31,75.04,78.38,99.62,97.4,89.47,84.4465,B,6.2,Yes,Yes,Master's,Low,6
S3186,Liam,Jones,student2186@univ.edu,Female,21,CS,52.63,99.36,67.96,78.46,54.39,2.4,74.37,74.741,C,10.5,No,Yes,Master's,High,7
S3187,David,Davis,student2187@univ.edu,Female,24,Business,62.77,68.35,72.57,68.64,74.66,11.8,58.16,69.2885,C,29.6,No,Yes,Bachelor's,High,6
S3188,Fatima,Brown,student2188@univ.edu,Male,20,Engineering,81.92,98.18,88.51,97.57,76.07,31.1,52.22,84.4935,B,5.1,No,No,High School,Low,3
S3189,Hassan,Davis,student2189@univ.edu,Female,25,Engineering,92.96,72.84,76.76,92.19,90.23,50.9,61.57,78.0325,B,6.3,Yes,Yes,Master's,High,3
S3190,Maria,Taylor,student2190@univ.edu,Male,19,Physics,95.85,67.58,78.82,91.49,63.32,21.6,67.01,74.376,C,8.8,No,No,Bachelor's,High,5
S3191,John,Anderson,student2191@univ.edu,Female,18,Data Science,75.02,59.88,98.29,98.71,53.47,73.6,56.49,77.678,B,17.6,Yes,No,PhD,High,7
S3192,Emma,Williams,student2192@univ.edu,Female,20,Engineering,77.27,79.45,77.1,72.86,65.69,35.8,61.24,72.8435,C,15.0,Yes,Yes,None,Medium,2
S3193,Ahmed,Anderson,student2193@univ.edu,Female,19,Data Science,91.65,53.79,62.82,54.86,99.2,3.9,54.18,63.981,D,10.3,Yes,Yes,PhD,High,4
S3194,Zainab,Davis,student2194@univ.edu,Female,18,Physics,76.88,46.3,81.48,88.27,94.97,87.8,76.18,76.691,B,8.3,No,No,PhD,Medium,8
S3195,Ali,Ahmed,student2195@univ.edu,Female,22,CS,75.84,41.63,79.57,69.04,69.76,94.4,56.32,65.4435,C,33.2,No,No,None,Low,3
S3196,Liam,Johnson,student2196@univ.edu,Male,20,Physics,95.25,57.54,40.83,59.52,93.81,61.9,87.14,61.869,D,32.3,Yes,Yes,Bachelor's,Low,7
S3197,David,Khan,student2197@univ.edu,Female,25,Data Science,89.5,63.75,68.04,74.16,51.64,80.7,66.63,65.4285,C,28.2,No,No,None,Low,10
S3198,Ali,Miller,student2198@univ.edu,Female,20,Engineering,95.45,73.12,84.57,96.29,65.71,12.1,83.6,81.0635,B,12.6,Yes,Yes,Bachelor's,High,3
S3199,Lucas,Taylor,student2199@univ.edu,Female,24,Mathematics,60.91,57.56,69.94,58.57,86.34,26.9,94.13,71.847,C,14.7,Yes,Yes,PhD,Medium,8
S3200,Ahmed,Johnson,student2200@univ.edu,Female,24,Data Science,76.22,99.04,86.78,92.43,61.07,32.5,54.3,81.351,B,25.0,Yes,No,None,High,7
S3201,John,Davis,student2201@univ.edu,Male,19,Business,92.12,57.5,67.05,70.91,59.92,96.1,99.45,69.5095,C,13.8,Yes,Yes,PhD,Low,1
S3202,Hassan,Ahmed,student2202@univ.edu,Female,25,Mathematics,55.56,66.46,99.0,56.84,93.09,51.2,82.26,82.7705,B,20.9,No,No,None,Medium,4
S3203,Sophia,Miller,student2203@univ.edu,Male,23,Data Science,89.73,46.2,57.57,92.42,80.8,0.7,52.67,63.273,D,24.5,Yes,No,None,High,7
S3204,Hassan,Williams,student2204@univ.edu,Female,24,Business,59.15,55.64,45.53,98.48,99.45,38.0,65.7,66.608,C,20.6,Yes,Yes,High School,High,5
S3205,Hassan,Khan,student2205@univ.edu,Male,21,Physics,90.41,42.9,65.8,64.56,56.73,0.8,94.31,63.95,D,17.4,No,Yes,Master's,Low,3
S3206,Emma,Davis,student2206@univ.edu,Male,22,Mathematics,80.6,73.57,72.5,65.18,67.81,23.8,79.81,72.009,C,15.4,No,No,Master's,High,2
S3207,Omar,Brown,student2207@univ.edu,Male,21,Data Science,59.66,85.06,60.95,69.53,65.56,45.5,64.36,68.262,C,28.3,No,No,PhD,High,9
S3208,Hassan,Smith,student2208@univ.edu,Male,20,CS,73.67,51.74,54.54,90.71,94.01,32.3,97.02,71.698,C,27.2,Yes,Yes,PhD,Low,10
S3209,Ali,Miller,student2209@univ.edu,Male,21,Physics,84.1,62.07,80.32,50.52,62.76,3.3,89.36,70.922,C,25.9,Yes,No,PhD,Medium,6
S3210,John,Davis,student2210@univ.edu,Female,18,Business,81.69,41.0,62.63,61.2,67.67,11.6,86.78,62.468,D,16.2,Yes,No,High School,High,10
S3211,John,Ahmed,student2211@univ.edu,Male,22,CS,71.36,90.37,77.88,85.29,57.14,55.1,94.42,80.8595,B,28.3,No,Yes,High School,Low,1
S3212,Sophia,Johnson,student2212@univ.edu,Female,21,Engineering,94.97,86.8,86.74,70.28,88.77,69.6,88.49,84.85,B,33.7,Yes,No,PhD,High,5
S3213,Sara,Brown,student2213@univ.edu,Male,18,Physics,75.96,43.8,85.66,66.51,61.89,40.5,64.34,67.652,C,25.7,No,Yes,High School,Medium,7
S3214,Sophia,Jones,student2214@univ.edu,Male,19,Physics,75.29,61.89,62.52,93.61,53.42,73.1,79.19,68.193,C,17.2,No,Yes,None,Medium,8
S3215,Ali,Miller,student2215@univ.edu,Female,21,Data Science,53.11,97.32,74.07,95.87,71.76,16.3,92.11,84.3495,B,28.9,Yes,No,None,Low,5
S3216,Sara,Khan,student2216@univ.edu,Male,22,Data Science,96.11,63.52,66.98,97.4,69.57,12.2,59.04,70.0485,C,23.3,Yes,Yes,None,Low,10
S3217,Sara,Brown,student2217@univ.edu,Male,18,Business,58.86,71.57,92.25,63.63,58.88,83.9,58.15,73.7005,C,31.3,No,Yes,Master's,High,10
S3218,Liam,Ahmed,student2218@univ.edu,Male,21,Physics,76.42,61.31,92.73,95.63,56.68,33.9,57.95,76.2565,B,26.4,No,No,None,Low,1
S3219,Liam,Johnson,student2219@univ.edu,Male,19,Data Science,90.18,75.77,60.62,86.85,94.83,43.2,59.71,72.5795,C,28.1,No,Yes,Master's,Low,2
S3220,Maria,Davis,student2220@univ.edu,Female,21,Engineering,60.77,98.69,45.5,57.71,53.39,94.8,55.16,60.602,D,25.0,Yes,No,None,Low,4
S3221,David,Anderson,student2221@univ.edu,Male,18,Data Science,76.37,99.85,50.05,80.51,54.97,42.4,91.88,71.5915,C,7.8,No,No,PhD,High,10
S3222,David,Williams,student2222@univ.edu,Male,21,Physics,62.03,86.48,62.02,51.32,62.25,0.3,90.92,69.6765,C,19.6,No,Yes,Master's,Low,1
S3223,Fatima,Ahmed,student2223@univ.edu,Female,22,Mathematics,87.98,64.26,73.85,85.42,97.64,93.8,57.57,74.794,C,6.7,Yes,No,High School,Medium,4
S3224,Zainab,Khan,student2224@univ.edu,Female,20,CS,78.22,69.67,79.41,86.68,54.27,1.4,85.28,75.662,B,18.4,No,No,Master's,Low,6
S3225,Omar,Anderson,student2225@univ.edu,Male,25,Physics,92.8,61.4,59.88,89.47,90.8,66.2,81.35,72.481,C,26.5,Yes,No,Bachelor's,High,6
S3226,David,Khan,student2226@univ.edu,Male,25,Engineering,94.73,99.13,80.05,58.63,94.6,32.3,63.81,80.3995,B,17.6,No,Yes,Master's,High,2
S3227,Liam,Smith,student2227@univ.edu,Female,18,Physics,82.44,82.47,96.26,81.41,68.89,47.0,61.37,81.9355,B,5.0,No,Yes,None,Medium,1
S3228,Maria,Khan,student2228@univ.edu,Male,18,Engineering,86.27,66.94,79.12,58.94,64.69,54.7,62.53,69.004,C,16.1,Yes,Yes,None,Medium,8
S3229,Hassan,Brown,student2229@univ.edu,Female,18,Physics,77.46,40.73,49.51,97.33,83.87,40.8,86.53,65.634,C,7.0,Yes,No,None,High,9
S3230,Maria,Smith,student2230@univ.edu,Male,18,CS,69.22,71.23,74.78,83.75,85.13,77.4,65.97,75.6465,B,28.4,No,No,High School,High,9
S3231,Hassan,Williams,student2231@univ.edu,Female,21,CS,82.41,99.04,72.51,54.77,89.0,93.1,63.9,76.337,B,28.5,Yes,No,PhD,High,7
S3232,Sara,Brown,student2232@univ.edu,Female,22,Engineering,95.41,71.38,92.24,59.35,91.53,8.6,51.12,76.86,B,29.2,Yes,Yes,Master's,High,4
S3233,Fatima,Wilson,student2233@univ.edu,Female,25,Physics,70.83,50.95,61.02,83.17,63.42,80.0,95.41,67.847,C,5.9,No,Yes,High School,Medium,2
S3234,Zainab,Johnson,student2234@univ.edu,Male,19,CS,65.72,41.33,65.38,73.83,84.35,12.9,87.64,68.022,C,6.0,No,No,Bachelor's,High,7
S3235,Sophia,Brown,student2235@univ.edu,Male,25,Business,69.42,61.28,75.92,86.81,56.75,8.0,73.64,71.408,C,32.1,No,No,Master's,Medium,6
S3236,Omar,Ahmed,student2236@univ.edu,Male,22,Physics,71.77,95.09,71.47,64.04,75.54,95.6,97.15,79.542,B,8.7,Yes,No,None,High,7
S3237,Ali,Johnson,student2237@univ.edu,Male,18,CS,53.68,99.79,83.14,82.9,80.64,48.9,64.68,83.29,B,25.1,Yes,Yes,High School,Medium,1
S3238,Sara,Anderson,student2238@univ.edu,Female,23,Mathematics,74.92,96.72,42.42,58.85,58.09,15.3,83.74,64.293,D,28.9,No,Yes,High School,High,4
S3239,Sophia,Taylor,student2239@univ.edu,Female,21,Mathematics,74.72,83.77,73.81,77.19,53.83,57.0,65.26,72.0295,C,18.4,Yes,Yes,Master's,Low,1
S3240,David,Miller,student2240@univ.edu,Female,23,Business,79.42,73.49,47.3,97.89,59.74,26.3,65.73,64.757,D,21.4,No,No,High School,High,7
S3241,Fatima,Taylor,student2241@univ.edu,Male,21,CS,68.14,75.44,58.91,81.41,71.03,46.4,92.24,72.4085,C,11.8,Yes,Yes,High School,Medium,6
S3242,Sara,Davis,student2242@univ.edu,Male,18,Mathematics,80.66,72.34,79.7,52.5,94.39,62.5,89.35,77.799,B,32.7,No,No,High School,High,10
S3243,Ahmed,Miller,student2243@univ.edu,Male,21,Physics,93.91,82.42,49.44,99.44,76.6,86.9,64.71,69.9005,C,14.1,Yes,Yes,Master's,High,8
S3244,David,Khan,student2244@univ.edu,Female,18,Data Science,97.77,65.13,58.53,57.84,87.42,0.3,54.07,63.411,D,11.5,Yes,Yes,None,Low,2
S3245,Sophia,Miller,student2245@univ.edu,Male,22,CS,79.18,80.15,82.18,85.9,58.71,21.4,67.88,76.6665,B,20.8,No,Yes,High School,High,8
S3246,Omar,Ahmed,student2246@univ.edu,Male,24,Business,52.13,47.3,79.05,76.63,55.3,9.6,88.0,70.117,C,10.7,Yes,Yes,High School,Low,8
S3247,Ali,Ahmed,student2247@univ.edu,Female,20,CS,98.46,55.94,45.46,64.72,61.98,9.7,55.03,54.3585,F,25.6,Yes,No,PhD,High,2
S3248,Sophia,Jones,student2248@univ.edu,Female,21,Engineering,85.29,90.16,74.64,58.87,65.69,94.6,83.61,75.3815,B,20.5,No,No,Bachelor's,Low,7
S3249,Hassan,Miller,student2249@univ.edu,Male,18,Engineering,66.8,94.22,48.84,58.89,77.41,93.6,94.49,70.5565,C,9.4,No,No,PhD,Low,3
S3250,Sara,Williams,student2250@univ.edu,Female,23,Mathematics,57.36,72.34,55.14,92.92,94.06,74.9,58.96,70.658,C,7.0,No,Yes,None,Low,5
S3251,Sara,Taylor,student2251@univ.edu,Male,18,Engineering,57.17,41.9,67.55,93.65,71.3,64.3,93.11,70.7315,C,9.1,Yes,No,PhD,High,8
S3252,Ali,Anderson,student2252@univ.edu,Female,23,Business,58.39,95.62,46.56,73.26,75.94,84.8,52.57,65.6855,C,9.1,Yes,Yes,Master's,Low,1
S3253,John,Johnson,student2253@univ.edu,Female,25,Mathematics,52.28,82.12,99.62,55.18,50.23,5.8,83.34,79.6035,B,14.4,Yes,No,PhD,High,1
S3254,Omar,Davis,student2254@univ.edu,Female,21,Business,95.11,64.84,49.92,94.21,51.67,11.9,89.55,65.7545,C,30.0,No,No,Master's,Medium,10
S3255,Lucas,Miller,student2255@univ.edu,Male,19,Physics,77.04,75.9,86.88,74.35,54.19,31.7,72.24,75.705,B,6.7,No,Yes,PhD,High,8
S3256,David,Davis,student2256@univ.edu,Male,23,Business,85.0,65.79,89.79,71.94,84.95,83.2,60.19,77.1465,B,8.8,No,No,PhD,High,6
S3257,Maria,Anderson,student2257@univ.edu,Male,18,Engineering,91.41,67.92,99.67,70.37,74.31,47.2,96.24,84.6065,B,14.1,Yes,Yes,Bachelor's,Medium,3
S3258,Ali,Davis,student2258@univ.edu,Female,21,Physics,89.58,93.21,65.72,68.25,59.65,50.4,51.0,68.479,C,21.6,No,No,Master's,Low,8
S3259,Omar,Khan,student2259@univ.edu,Female,18,Engineering,94.13,49.67,92.45,76.3,79.63,22.9,77.75,77.3435,B,27.9,Yes,Yes,None,High,8
S3260,Maria,Anderson,student2260@univ.edu,Female,19,Business,98.36,46.22,97.45,80.23,77.23,64.8,68.64,77.2665,B,32.6,Yes,Yes,High School,High,9
S3261,Omar,Khan,student2261@univ.edu,Female,20,Engineering,71.95,40.16,50.37,73.32,54.44,88.8,73.05,55.783,D,17.4,Yes,No,None,High,10
S3262,Omar,Miller,student2262@univ.edu,Male,24,Engineering,97.52,58.84,68.77,94.83,82.02,33.0,76.83,73.8895,C,8.2,No,No,PhD,Low,10
S3263,Sophia,Anderson,student2263@univ.edu,Male,24,Engineering,86.16,48.84,43.6,65.88,88.36,61.9,76.74,59.675,D,11.4,Yes,Yes,None,Low,6
S3264,Zainab,Miller,student2264@univ.edu,Male,19,CS,53.53,53.2,77.24,78.92,64.33,33.2,60.18,68.1885,C,13.6,Yes,Yes,PhD,Medium,7
S3265,Hassan,Khan,student2265@univ.edu,Female,22,Physics,84.09,40.67,74.88,65.0,84.37,79.3,83.99,69.346,C,28.6,No,Yes,PhD,High,6
S3266,Omar,Jones,student2266@univ.edu,Female,21,Physics,84.34,53.63,52.25,87.67,59.99,47.5,50.96,58.8065,D,25.6,No,No,High School,Medium,3
S3267,Zainab,Jones,student2267@univ.edu,Male,19,Physics,95.29,59.96,87.87,55.11,87.84,33.9,51.06,71.848,C,11.3,No,No,Bachelor's,Low,9
S3268,John,Anderson,student2268@univ.edu,Female,20,Business,68.65,41.89,42.24,59.43,95.59,42.0,73.92,57.503,D,30.2,No,No,Bachelor's,Low,1
S3269,Lucas,Ahmed,student2269@univ.edu,Male,18,Data Science,79.25,76.47,88.37,90.06,72.09,9.1,77.1,82.111,B,30.8,Yes,Yes,High School,Medium,5
S3270,Sara,Jones,student2270@univ.edu,Female,21,Business,50.61,74.13,41.6,59.16,62.23,86.6,63.74,57.1555,D,31.5,Yes,Yes,None,Low,6
S3271,Emma,Johnson,student2271@univ.edu,Female,25,Physics,66.6,45.82,79.41,81.29,69.96,95.8,77.58,71.282,C,13.3,No,Yes,Master's,High,6
S3272,Maria,Ahmed,student2272@univ.edu,Male,23,Mathematics,53.11,75.7,44.73,98.51,62.5,47.7,75.81,66.3185,C,9.0,Yes,No,High School,Low,1
S3273,Sara,Johnson,student2273@univ.edu,Male,19,Engineering,76.09,99.92,55.07,76.14,50.06,22.1,67.46,68.3075,C,8.1,No,No,PhD,Low,8
S3274,Emma,Jones,student2274@univ.edu,Female,25,Engineering,90.87,96.67,83.31,59.37,82.52,66.5,82.59,82.1645,B,17.0,Yes,Yes,Bachelor's,Medium,1
S3275,Lucas,Jones,student2275@univ.edu,Male,25,Data Science,60.32,40.16,56.82,66.03,52.13,45.2,97.9,60.328,D,17.9,No,Yes,Bachelor's,Low,3
S3276,Hassan,Wilson,student2276@univ.edu,Male,20,Mathematics,76.37,87.72,70.67,91.17,60.52,25.2,74.54,76.213,B,31.0,No,Yes,None,Low,8
S3277,Lucas,Wilson,student2277@univ.edu,Female,25,CS,60.2,61.22,94.91,67.58,86.12,3.8,89.3,81.9125,B,13.0,Yes,No,Master's,Medium,8
S3278,Maria,Miller,student2278@univ.edu,Female,19,Business,56.03,43.82,42.98,86.18,83.29,89.0,62.38,58.5845,D,23.8,Yes,No,High School,High,1
S3279,Maria,Anderson,student2279@univ.edu,Female,22,CS,75.55,57.76,88.66,88.87,53.67,79.7,88.1,77.179,B,28.6,Yes,No,PhD,Medium,1
S3280,Lucas,Smith,student2280@univ.edu,Male,24,Mathematics,53.96,59.3,43.92,75.06,83.0,82.9,82.45,63.3085,D,13.1,Yes,No,PhD,High,8
S3281,Emma,Smith,student2281@univ.edu,Female,24,Data Science,79.37,71.39,47.61,89.16,96.53,44.0,81.98,71.092,C,13.0,No,No,Master's,High,2
S3282,Ali,Jones,student2282@univ.edu,Female,21,Mathematics,51.57,79.67,47.16,65.85,53.73,75.3,94.65,64.5745,D,25.1,Yes,Yes,None,Medium,5
S3283,Omar,Davis,student2283@univ.edu,Female,18,Data Science,55.34,84.94,99.65,75.81,70.78,58.1,61.67,83.1045,B,26.8,Yes,Yes,Master's,Medium,8
S3284,David,Jones,student2284@univ.edu,Female,20,CS,77.5,54.75,50.81,84.33,86.47,37.5,68.42,64.6165,D,33.8,No,Yes,None,Medium,5
S3285,Fatima,Wilson,student2285@univ.edu,Female,19,CS,79.57,59.31,93.81,58.4,83.39,84.3,54.15,74.0865,C,30.5,Yes,No,None,Low,7
S3286,Zainab,Miller,student2286@univ.edu,Male,21,Mathematics,51.45,58.5,99.46,63.68,61.33,99.9,86.31,78.209,B,29.7,No,No,High School,High,6
S3287,Ahmed,Jones,student2287@univ.edu,Female,19,Mathematics,78.67,61.76,63.03,82.6,58.15,89.9,92.19,69.3535,C,25.8,Yes,No,High School,High,5
S3288,Fatima,Taylor,student2288@univ.edu,Female,21,Engineering,91.93,99.98,77.86,82.77,89.21,77.6,70.29,83.5875,B,8.6,Yes,No,PhD,High,3
S3289,Sara,Ahmed,student2289@univ.edu,Male,24,Data Science,86.12,86.68,86.75,74.67,97.81,74.8,67.84,83.7465,B,29.3,No,Yes,Bachelor's,Medium,6
S3290,Sophia,Davis,student2290@univ.edu,Female,25,Engineering,56.56,98.5,63.56,89.78,88.38,65.0,82.93,81.1095,B,33.1,No,No,None,High,9
S3291,Sara,Taylor,student2291@univ.edu,Female,22,Business,79.62,81.59,49.71,74.1,98.16,85.4,53.78,67.6225,C,16.7,No,Yes,PhD,High,7
S3292,Sophia,Miller,student2292@univ.edu,Male,19,Business,83.61,64.38,66.03,94.07,80.25,49.3,64.69,71.838,C,14.4,No,No,Bachelor's,High,10
S3293,Emma,Miller,student2293@univ.edu,Female,22,Mathematics,51.86,63.38,86.31,86.8,96.45,18.2,68.31,80.6185,B,20.7,Yes,Yes,PhD,High,1
S3294,Sophia,Johnson,student2294@univ.edu,Male,23,CS,92.77,69.31,86.85,65.73,84.52,76.8,75.93,78.1865,B,33.7,Yes,No,None,Medium,5
S3295,Maria,Brown,student2295@univ.edu,Female,23,Business,95.31,65.01,53.83,69.76,95.44,92.0,73.83,67.697,C,6.5,Yes,Yes,Bachelor's,Low,7
S3296,Ali,Taylor,student2296@univ.edu,Male,25,Business,92.52,89.7,50.5,83.38,58.08,34.1,60.43,65.8985,C,26.3,Yes,No,Master's,Low,7
S3297,David,Johnson,student2297@univ.edu,Male,24,Engineering,91.23,67.9,95.23,94.72,90.78,78.3,77.04,86.2915,A,29.4,No,Yes,High School,Medium,7
S3298,David,Wilson,student2298@univ.edu,Female,20,Engineering,87.25,57.74,42.64,58.94,59.84,27.4,96.29,58.7325,D,28.7,No,Yes,High School,Low,6
S3299,Maria,Williams,student2299@univ.edu,Male,22,Business,81.67,86.49,84.08,75.73,51.37,94.3,51.35,73.4935,C,22.0,No,Yes,Bachelor's,High,2
S3300,Ali,Davis,student2300@univ.edu,Male,21,Mathematics,83.93,91.27,42.79,55.94,75.88,68.3,84.02,65.6065,C,32.6,No,No,Bachelor's,Low,2
S3301,Hassan,Ahmed,student2301@univ.edu,Female,20,Engineering,90.32,65.23,90.27,63.97,65.91,56.9,81.24,76.3085,B,9.0,Yes,Yes,None,Low,10
S3302,John,Williams,student2302@univ.edu,Female,19,Business,83.12,80.07,94.32,84.3,52.18,78.0,96.22,83.931,B,12.4,Yes,Yes,Bachelor's,High,6
S3303,Hassan,Anderson,student2303@univ.edu,Male,19,CS,66.39,43.53,57.85,53.89,99.02,81.3,82.27,64.2305,D,14.2,No,Yes,High School,High,1
S3304,Fatima,Khan,student2304@univ.edu,Female,21,Engineering,68.8,71.77,44.44,83.12,83.32,89.2,81.24,67.06,C,5.3,Yes,No,None,High,6
S3305,Emma,Wilson,student2305@univ.edu,Male,18,Business,94.85,42.7,68.84,95.04,95.09,90.1,88.49,74.427,C,16.1,No,No,PhD,Medium,5
S3306,Fatima,Wilson,student2306@univ.edu,Male,25,Data Science,50.86,41.75,57.91,98.47,99.95,5.3,63.39,67.89,C,9.8,Yes,No,High School,Low,1
S3307,John,Williams,student2307@univ.edu,Female,18,Engineering,84.94,76.78,65.03,60.83,69.6,12.3,79.79,69.6495,C,26.7,No,No,Master's,Medium,5
S3308,John,Taylor,student2308@univ.edu,Female,25,Data Science,97.74,58.2,79.9,87.44,62.74,82.6,75.97,73.5275,C,17.4,Yes,No,None,Medium,4
S3309,Sara,Brown,student2309@univ.edu,Male,19,Engineering,85.31,84.55,52.59,96.32,59.19,94.6,71.92,69.431,C,26.1,Yes,No,Master's,High,9
S3310,Lucas,Ahmed,student2310@univ.edu,Female,25,Engineering,99.7,93.76,61.42,54.57,75.76,30.8,53.97,67.894,C,13.8,Yes,Yes,Bachelor's,Low,1
S3311,Sara,Taylor,student2311@univ.edu,Female,24,Physics,84.38,48.36,86.95,70.7,80.3,0.9,64.63,72.449,C,9.0,No,No,PhD,Medium,10
S3312,Lucas,Williams,student2312@univ.edu,Male,24,Physics,51.72,83.47,78.63,95.97,73.62,32.3,64.0,79.253,B,9.0,No,No,Bachelor's,High,3
S3313,Ahmed,Ahmed,student2313@univ.edu,Male,21,Data Science,91.35,70.87,59.58,60.14,69.36,38.3,86.21,67.3835,C,11.1,No,No,High School,Medium,2
S3314,Sophia,Anderson,student2314@univ.edu,Male,18,Mathematics,64.23,46.73,79.86,96.69,58.41,76.1,96.03,74.9665,C,8.5,Yes,No,PhD,Low,1
S3315,Ali,Taylor,student2315@univ.edu,Male,22,Business,72.3,79.1,85.92,76.36,72.09,4.8,61.54,77.3905,B,11.6,Yes,No,High School,High,2
S3316,Lucas,Smith,student2316@univ.edu,Male,19,Mathematics,65.6,76.57,75.55,54.99,54.26,21.3,53.73,66.2035,C,22.4,Yes,Yes,PhD,Medium,7
S3317,Hassan,Taylor,student2317@univ.edu,Male,23,Mathematics,63.43,70.94,54.37,72.49,93.25,89.4,100.0,73.0785,C,12.7,Yes,No,Master's,Low,5
S3318,Fatima,Miller,student2318@univ.edu,Female,22,Physics,71.57,95.59,40.01,66.31,52.35,15.5,84.56,63.6045,D,15.3,Yes,Yes,High School,Low,2
S3319,Maria,Khan,student2319@univ.edu,Male,21,Business,68.94,71.26,88.17,64.11,69.03,75.9,94.32,79.2305,B,6.6,Yes,No,High School,Medium,4
S3320,Sara,Johnson,student2320@univ.edu,Female,23,Physics,81.67,99.43,89.36,77.07,55.01,36.1,57.19,79.5525,B,31.8,Yes,Yes,Bachelor's,Low,6
S3321,Ali,Davis,student2321@univ.edu,Female,22,Physics,90.66,70.55,81.86,74.18,88.75,66.3,90.04,80.7065,B,9.1,No,No,None,High,8
S3322,Emma,Khan,student2322@univ.edu,Male,18,Physics,64.85,46.95,44.59,74.1,65.64,7.4,90.67,59.558,D,15.5,No,No,High School,High,6
S3323,Ali,Taylor,student2323@univ.edu,Female,25,CS,60.69,68.23,75.11,54.41,55.66,28.7,57.57,65.0805,C,16.4,No,No,PhD,High,6
S3324,Zainab,Brown,student2324@univ.edu,Male,24,Mathematics,83.34,50.94,89.26,90.12,76.57,42.5,58.07,75.143,B,28.2,No,No,Bachelor's,High,6
S3325,Sophia,Khan,student2325@univ.edu,Female,18,Mathematics,83.52,75.83,63.38,74.07,95.81,85.7,64.77,72.5465,C,19.5,Yes,Yes,None,Medium,5
S3326,Zainab,Ahmed,student2326@univ.edu,Male,23,Mathematics,95.06,81.59,51.88,91.05,95.43,56.3,60.84,71.574,C,16.5,Yes,Yes,High School,Medium,5
S3327,Ahmed,Brown,student2327@univ.edu,Male,25,CS,50.8,68.11,75.26,91.23,62.48,4.5,98.77,77.835,B,25.9,No,Yes,Master's,Low,6
S3328,Lucas,Khan,student2328@univ.edu,Male,25,Engineering,92.65,45.86,89.58,65.86,85.98,80.2,68.15,73.5235,C,22.9,Yes,No,Bachelor's,Low,6
S3329,Ahmed,Ahmed,student2329@univ.edu,Male,25,Data Science,76.05,68.12,42.93,50.22,51.51,5.5,88.07,57.1195,D,7.3,Yes,No,Master's,Low,1
S3330,Emma,Taylor,student2330@univ.edu,Female,20,Data Science,81.07,44.89,75.82,95.56,56.59,93.4,90.25,71.875,C,14.4,Yes,No,PhD,High,7
S3331,Hassan,Ahmed,student2331@univ.edu,Female,24,CS,54.57,80.93,78.59,88.03,74.97,21.2,69.3,78.5375,B,34.4,No,Yes,Bachelor's,Medium,6
S3332,John,Jones,student2332@univ.edu,Female,19,Mathematics,71.63,87.42,76.14,55.36,61.44,48.8,84.13,74.2725,C,19.5,No,No,Bachelor's,Medium,6
S3333,Zainab,Wilson,student2333@univ.edu,Female,23,Data Science,61.37,97.74,79.0,85.09,89.91,7.2,55.39,81.7565,B,17.7,Yes,Yes,Bachelor's,Low,1
S3334,David,Khan,student2334@univ.edu,Female,21,CS,62.71,48.93,77.88,51.0,96.55,56.2,69.85,69.654,C,9.5,No,No,None,Medium,7
S3335,Zainab,Taylor,student2335@univ.edu,Male,19,Physics,75.2,71.95,47.82,51.39,50.22,49.7,98.37,61.124,D,30.2,Yes,No,None,Medium,6
S3336,Emma,Wilson,student2336@univ.edu,Male,22,Business,90.62,74.05,54.1,76.29,61.65,41.0,58.43,63.2005,D,9.0,Yes,No,High School,Low,10
S3337,Liam,Smith,student2337@univ.edu,Male,24,Data Science,87.19,95.35,77.14,54.8,71.98,3.6,69.29,75.4795,B,8.2,No,Yes,Master's,Medium,2
S3338,Emma,Ahmed,student2338@univ.edu,Male,21,Business,79.55,77.64,41.06,98.22,78.15,87.9,89.53,69.784,C,18.2,No,No,High School,High,8
S3339,Ahmed,Williams,student2339@univ.edu,Male,21,Mathematics,76.97,48.73,78.08,94.69,95.8,80.3,83.27,78.138,B,18.1,Yes,Yes,Master's,Medium,8
S3340,Ali,Smith,student2340@univ.edu,Female,18,Data Science,71.37,66.18,79.92,82.49,94.59,63.3,81.58,80.007,B,34.4,Yes,Yes,High School,High,7
S3341,Maria,Taylor,student2341@univ.edu,Male,22,CS,98.64,79.29,54.35,53.19,81.86,57.2,92.66,69.037,C,8.8,Yes,No,Bachelor's,High,7
S3342,Sara,Brown,student2342@univ.edu,Male,18,Engineering,78.01,82.02,75.89,66.24,62.87,69.5,51.45,70.0495,C,19.5,Yes,No,Bachelor's,Low,7
S3343,Maria,Jones,student2343@univ.edu,Female,18,Data Science,62.7,91.78,72.05,68.59,89.16,14.4,88.56,80.52,B,11.0,No,Yes,Master's,Low,4
S3344,Ahmed,Anderson,student2344@univ.edu,Female,25,Data Science,61.5,50.83,55.64,74.04,60.13,93.3,94.13,63.885,D,26.1,No,Yes,Bachelor's,Low,1
S3345,Sara,Wilson,student2345@univ.edu,Male,24,Data Science,80.57,97.09,67.78,58.45,98.26,28.5,50.81,74.269,C,16.8,No,No,High School,Medium,9
S3346,Liam,Johnson,student2346@univ.edu,Male,20,Data Science,76.14,43.55,94.58,78.88,50.29,65.6,77.95,72.881,C,24.5,No,No,None,Low,1
S3347,David,Wilson,student2347@univ.edu,Female,18,CS,50.38,99.03,65.6,71.79,78.49,60.7,67.43,75.4225,B,15.2,Yes,Yes,PhD,High,5
S3348,Sophia,Miller,student2348@univ.edu,Male,19,CS,91.5,91.47,77.79,97.36,54.42,63.7,52.54,76.1685,B,21.9,Yes,Yes,High School,Low,10
S3349,Fatima,Davis,student2349@univ.edu,Male,21,Engineering,85.21,79.62,42.12,96.81,70.38,87.9,70.89,66.378,C,19.1,No,Yes,Master's,High,9
S3350,Ahmed,Taylor,student2350@univ.edu,Male,24,CS,83.09,84.1,44.67,78.27,81.75,29.6,82.2,68.7875,C,16.2,Yes,No,Bachelor's,High,2
S3351,Ali,Smith,student2351@univ.edu,Female,18,CS,53.44,44.36,44.88,82.22,84.48,74.9,95.95,63.9775,D,21.1,No,No,PhD,Medium,5
S3352,Lucas,Johnson,student2352@univ.edu,Male,23,Mathematics,68.1,42.49,86.69,56.89,89.28,59.8,81.03,72.9195,C,16.5,Yes,No,PhD,High,1
S3353,Ahmed,Brown,student2353@univ.edu,Male,19,Mathematics,96.77,46.11,61.02,61.17,79.67,7.6,92.84,65.631,C,29.2,No,No,Bachelor's,Medium,2
S3354,Ahmed,Brown,student2354@univ.edu,Female,22,Business,93.13,45.24,53.66,95.04,62.57,41.4,56.08,59.8825,D,19.9,No,Yes,High School,Medium,1
S3355,Zainab,Brown,student2355@univ.edu,Female,21,Engineering,64.28,72.84,84.84,84.96,94.46,83.8,60.53,80.2545,B,32.1,Yes,Yes,Bachelor's,Low,3
S3356,Zainab,Anderson,student2356@univ.edu,Female,24,Mathematics,57.85,52.93,50.2,59.47,90.56,31.5,98.51,65.437,C,11.7,No,No,None,Medium,4
S3357,Sara,Miller,student2357@univ.edu,Male,23,Engineering,72.45,91.61,54.79,78.51,58.0,48.2,94.37,72.1305,C,8.4,No,Yes,Master's,High,1
S3358,Omar,Brown,student2358@univ.edu,Female,24,Engineering,67.79,66.74,65.86,96.74,91.33,48.9,61.76,73.8735,C,16.4,No,Yes,Bachelor's,High,10
S3359,Emma,Ahmed,student2359@univ.edu,Male,24,Data Science,84.11,81.73,59.89,67.26,98.63,61.8,81.05,74.3485,C,10.5,Yes,Yes,High School,High,1
S3360,Ali,Brown,student2360@univ.edu,Female,23,Physics,98.32,79.17,75.12,59.29,81.86,88.4,68.13,73.518,C,16.8,Yes,Yes,None,High,2
S3361,Omar,Taylor,student2361@univ.edu,Male,22,Physics,68.15,59.19,60.27,97.1,64.09,17.4,73.43,68.1255,C,11.2,No,No,None,High,4
S3362,Hassan,Miller,student2362@univ.edu,Female,23,Physics,53.11,54.59,63.58,73.06,80.33,50.5,93.04,70.1355,C,31.0,No,No,High School,Low,2
S3363,Liam,Khan,student2363@univ.edu,Male,19,Engineering,94.88,60.55,91.77,70.86,67.13,42.4,86.79,77.9465,B,22.0,No,No,Master's,Low,2
S3364,Lucas,Jones,student2364@univ.edu,Male,25,Data Science,51.9,87.8,93.07,63.38,83.8,29.6,61.92,81.4995,B,19.9,Yes,Yes,PhD,Medium,8
S3365,Zainab,Jones,student2365@univ.edu,Female,24,Business,97.64,75.18,89.66,94.58,77.24,92.0,65.8,82.06,B,28.6,No,Yes,None,High,8
S3366,David,Miller,student2366@univ.edu,Female,22,Business,83.23,55.21,91.89,92.28,96.47,0.8,64.49,81.1895,B,8.9,Yes,Yes,High School,High,7
S3367,John,Davis,student2367@univ.edu,Male,24,Physics,97.08,89.07,74.18,70.15,80.9,12.2,89.03,79.789,B,30.7,No,No,None,Medium,4
S3368,Liam,Anderson,student2368@univ.edu,Female,23,Business,59.98,43.29,78.77,51.53,60.7,73.3,74.5,64.237,D,19.5,Yes,Yes,PhD,Low,7
S3369,John,Johnson,student2369@univ.edu,Male,22,Data Science,52.03,81.95,73.43,72.33,86.26,26.3,97.54,80.51,B,9.1,No,Yes,High School,Medium,6
S3370,Ali,Ahmed,student2370@univ.edu,Female,22,Physics,74.41,66.35,87.14,59.04,65.04,72.3,90.83,76.0055,B,29.6,No,Yes,None,High,7
S3371,Ali,Wilson,student2371@univ.edu,Female,18,Data Science,72.53,83.88,73.06,57.14,63.62,83.2,60.56,69.545,C,18.8,No,Yes,High School,Low,1
S3372,Hassan,Taylor,student2372@univ.edu,Male,18,Business,66.57,95.65,46.66,69.65,69.59,25.5,89.3,69.742,C,23.1,No,Yes,High School,Medium,5
S3373,John,Williams,student2373@univ.edu,Female,25,Physics,97.88,85.0,88.57,54.95,50.6,19.2,75.3,75.127,B,31.8,Yes,Yes,PhD,Medium,5
S3374,Ali,Jones,student2374@univ.edu,Female,18,Data Science,91.13,66.52,85.64,97.87,98.46,14.5,62.69,82.131,B,31.7,No,No,High School,High,7
S3375,David,Khan,student2375@univ.edu,Male,23,CS,83.08,49.06,89.22,52.38,76.62,20.0,68.17,70.6145,C,31.8,No,No,Master's,High,4
S3376,Maria,Miller,student2376@univ.edu,Male,21,CS,58.14,88.38,51.43,70.07,88.67,26.7,98.61,74.279,C,17.5,Yes,Yes,None,Low,1
S3377,Omar,Johnson,student2377@univ.edu,Female,19,Data Science,86.72,67.64,56.3,58.14,62.89,86.9,74.2,62.5175,D,27.5,Yes,Yes,Bachelor's,High,3
S3378,Ahmed,Miller,student2378@univ.edu,Male,23,Data Science,86.35,44.52,57.75,84.44,87.33,77.0,85.98,67.779,C,12.0,No,Yes,Master's,Medium,4
S3379,Sophia,Wilson,student2379@univ.edu,Female,24,Mathematics,71.25,83.14,70.48,53.94,78.36,0.2,73.85,72.2185,C,29.9,Yes,Yes,Master's,High,5
S3380,John,Johnson,student2380@univ.edu,Female,18,Mathematics,96.24,57.51,48.03,77.34,71.21,87.4,68.58,60.882,D,15.3,No,Yes,High School,Medium,8
S3381,Lucas,Jones,student2381@univ.edu,Male,22,Engineering,58.35,42.93,63.12,88.66,98.53,7.9,89.82,72.2295,C,18.9,Yes,No,Master's,High,8
S3382,Liam,Brown,student2382@univ.edu,Male,23,Physics,63.37,94.17,50.93,97.5,74.69,65.5,92.42,76.351,B,31.7,No,Yes,Master's,Low,2
S3383,Maria,Ahmed,student2383@univ.edu,Male,22,Engineering,53.16,68.99,55.89,84.93,82.87,15.1,53.59,66.568,C,29.2,Yes,Yes,Master's,Low,10
S3384,John,Miller,student2384@univ.edu,Male,25,Engineering,89.77,56.86,82.38,54.97,50.77,6.2,63.95,65.6585,C,33.6,Yes,Yes,High School,Low,4
S3385,Maria,Ahmed,student2385@univ.edu,Male,24,Business,81.09,82.98,91.29,54.43,65.07,76.0,75.39,77.781,B,15.9,No,No,Master's,High,2
S3386,Maria,Ahmed,student2386@univ.edu,Male,22,CS,65.75,93.15,41.37,86.58,94.43,46.7,65.82,70.134,C,9.5,Yes,Yes,Bachelor's,Low,5
S3387,John,Ahmed,student2387@univ.edu,Female,22,Business,58.19,40.02,73.95,60.77,87.95,59.9,89.18,69.5715,C,32.3,Yes,Yes,Master's,Medium,4
S3388,Sara,Khan,student2388@univ.edu,Female,25,Physics,52.01,81.27,42.16,72.36,76.84,42.5,55.74,61.751,D,19.8,No,Yes,High School,High,2
S3389,Emma,Williams,student2389@univ.edu,Male,20,Data Science,58.34,86.02,45.11,98.83,95.01,6.7,89.89,75.552,B,31.7,Yes,Yes,High School,Low,3
S3390,Lucas,Jones,student2390@univ.edu,Female,21,Mathematics,72.66,52.6,82.31,91.0,74.31,74.0,80.89,76.2585,B,27.0,No,Yes,PhD,High,3
S3391,Ahmed,Ahmed,student2391@univ.edu,Female,19,Physics,62.36,69.38,84.14,92.33,78.33,82.0,64.47,78.5945,B,31.2,No,Yes,PhD,High,7
S3392,Ahmed,Khan,student2392@univ.edu,Female,19,Data Science,62.95,45.36,88.84,93.04,69.11,4.1,67.22,74.5715,C,24.6,Yes,Yes,Bachelor's,Medium,4
S3393,Lucas,Smith,student2393@univ.edu,Female,18,Physics,93.78,84.8,68.45,80.98,81.0,37.6,59.14,74.0855,C,29.4,Yes,No,None,High,1
S3394,Sara,Williams,student2394@univ.edu,Male,20,Data Science,75.76,90.85,91.59,87.2,65.95,55.7,62.63,82.5935,B,8.6,No,No,PhD,High,5
S3395,Zainab,Davis,student2395@univ.edu,Female,23,Mathematics,86.46,46.49,50.01,67.95,69.27,60.5,85.86,60.2635,D,34.0,No,No,Master's,High,6
S3396,Ali,Anderson,student2396@univ.edu,Female,25,Data Science,51.79,88.99,54.98,99.92,98.32,57.8,68.79,77.0955,B,10.4,Yes,No,High School,Medium,6
S3397,Ahmed,Jones,student2397@univ.edu,Male,23,Engineering,68.26,86.29,48.07,63.98,55.57,69.3,84.37,64.6705,D,5.7,No,No,PhD,Low,10
S3398,Zainab,Brown,student2398@univ.edu,Male,19,Physics,73.96,60.81,87.85,79.5,55.26,96.7,75.71,74.48,C,20.9,Yes,Yes,High School,Low,2
S3399,Maria,Jones,student2399@univ.edu,Male,21,Mathematics,59.32,81.42,53.72,64.1,52.17,39.1,57.26,61.1155,D,26.4,Yes,Yes,Master's,High,5
S3400,David,Wilson,student2400@univ.edu,Male,22,Data Science,56.01,40.0,49.33,55.6,66.0,55.7,74.95,54.748,F,26.5,Yes,Yes,High School,Low,4
S3401,Liam,Johnson,student2401@univ.edu,Female,24,Engineering,93.52,95.91,77.39,78.38,69.91,69.9,87.82,81.685,B,15.2,Yes,Yes,High School,High,5
S3402,Omar,Miller,student2402@univ.edu,Male,18,Engineering,96.97,73.02,44.62,67.67,54.73,59.2,64.88,58.313,D,27.6,No,No,PhD,Low,7
S3403,Ahmed,Ahmed,student2403@univ.edu,Female,21,CS,53.94,77.22,42.69,79.16,77.46,38.7,82.4,66.2385,C,30.3,Yes,No,High School,Low,3
S3404,Lucas,Johnson,student2404@univ.edu,Female,19,Engineering,67.45,79.88,46.4,77.93,79.17,62.4,59.95,64.7735,D,23.3,No,No,Master's,Medium,8
S3405,David,Johnson,student2405@univ.edu,Male,20,Business,97.91,73.68,40.01,77.11,87.55,65.0,56.78,61.9555,D,16.6,No,Yes,Bachelor's,Medium,9
S3406,John,Ahmed,student2406@univ.edu,Male,18,Mathematics,54.16,91.41,81.82,56.17,98.8,58.5,68.01,80.366,B,23.4,Yes,No,High School,Medium,1
S3407,Hassan,Jones,student2407@univ.edu,Male,25,Mathematics,82.18,76.58,73.73,72.01,80.97,20.5,69.46,74.4875,C,30.9,Yes,Yes,High School,Low,1
S3408,Emma,Ahmed,student2408@univ.edu,Male,19,Mathematics,98.61,94.47,52.59,90.6,55.58,50.6,88.05,72.435,C,32.0,Yes,No,Master's,Low,9
S3409,Lucas,Wilson,student2409@univ.edu,Male,23,Data Science,98.91,74.94,53.98,65.76,54.43,88.4,73.0,62.8595,D,5.9,Yes,No,None,Low,10
S3410,Ali,Ahmed,student2410@univ.edu,Male,18,Physics,73.56,50.27,88.66,72.19,88.88,86.9,54.06,73.3545,C,8.7,No,Yes,Master's,Low,1
S3411,Hassan,Miller,student2411@univ.edu,Female,25,Data Science,58.14,94.81,70.11,74.69,82.52,75.1,81.7,79.337,B,5.1,Yes,Yes,PhD,Medium,2
S3412,Hassan,Miller,student2412@univ.edu,Female,19,Business,60.1,80.9,81.91,93.14,58.1,69.7,73.46,78.5535,B,19.8,No,Yes,PhD,Medium,3
S3413,Maria,Johnson,student2413@univ.edu,Female,23,Physics,94.48,81.95,67.17,82.78,62.67,15.3,66.58,71.704,C,18.1,No,Yes,Bachelor's,Low,7
S3414,Emma,Davis,student2414@univ.edu,Female,24,Engineering,95.58,99.13,54.26,55.01,87.51,45.9,90.11,73.7115,C,21.4,Yes,Yes,High School,Low,10
S3415,Liam,Anderson,student2415@univ.edu,Male,23,Data Science,80.39,44.51,98.22,93.26,78.31,11.1,57.72,77.6725,B,25.5,Yes,No,Bachelor's,Medium,3
S3416,Liam,Wilson,student2416@univ.edu,Male,22,Physics,88.31,65.72,73.94,91.6,79.25,81.7,95.66,78.9995,B,16.0,No,Yes,Bachelor's,Low,9
S3417,Sara,Davis,student2417@univ.edu,Female,25,Engineering,87.0,54.35,47.86,87.68,60.5,29.1,66.7,59.853,D,11.3,No,No,High School,High,2
S3418,Zainab,Taylor,student2418@univ.edu,Female,25,Physics,83.09,77.83,64.37,73.3,81.45,76.7,73.05,72.2655,C,16.8,No,Yes,High School,Medium,3
S3419,Sophia,Taylor,student2419@univ.edu,Female,20,Engineering,91.36,88.41,59.76,87.88,88.53,81.5,96.46,79.5285,B,5.3,No,Yes,Master's,Medium,9
S3420,Hassan,Williams,student2420@univ.edu,Male,25,Physics,84.27,97.98,52.85,73.94,94.26,89.2,88.06,76.5325,B,29.9,No,No,Bachelor's,Low,6
S3421,Sara,Johnson,student2421@univ.edu,Male,22,Data Science,76.7,67.28,96.01,86.83,86.84,75.4,53.72,81.168,B,16.5,Yes,Yes,Bachelor's,High,9
S3422,Ali,Miller,student2422@univ.edu,Male,19,Data Science,61.85,87.17,92.86,94.01,78.82,56.5,78.91,87.696,A,23.7,No,Yes,PhD,Low,5
S3423,Zainab,Jones,student2423@univ.edu,Female,24,Business,87.19,95.02,51.95,94.53,83.66,59.8,65.52,73.743,C,14.7,No,No,Bachelor's,High,4
S3424,Hassan,Miller,student2424@univ.edu,Female,21,CS,73.67,81.0,61.13,72.73,74.26,32.1,75.42,70.957,C,23.4,No,Yes,Master's,Low,2
S3425,David,Khan,student2425@univ.edu,Male,24,Mathematics,64.74,54.56,85.74,92.97,61.34,17.7,87.15,77.14,B,21.2,Yes,Yes,None,Medium,1
S3426,Emma,Khan,student2426@univ.edu,Male,24,Data Science,90.1,76.47,52.51,55.07,94.11,13.1,74.81,67.271,C,11.3,No,Yes,Bachelor's,Medium,5
S3427,Sophia,Miller,student2427@univ.edu,Female,25,Data Science,84.84,98.2,75.49,55.09,76.63,18.2,53.55,73.852,C,23.8,Yes,Yes,Master's,High,1
S3428,John,Khan,student2428@univ.edu,Female,24,Engineering,96.87,99.25,81.99,77.41,79.72,93.4,76.5,83.591,B,8.3,No,Yes,Master's,High,6
S3429,Maria,Brown,student2429@univ.edu,Male,25,CS,58.27,78.54,79.24,82.59,99.51,16.4,51.21,78.4385,B,19.4,Yes,No,None,Low,6
S3430,Emma,Miller,student2430@univ.edu,Female,22,Data Science,82.46,93.22,82.38,57.65,99.25,72.4,67.42,81.125,B,26.6,Yes,Yes,Master's,Medium,7
S3431,Sara,Williams,student2431@univ.edu,Male,21,Physics,62.21,52.02,82.4,73.61,79.32,18.5,73.9,73.2685,C,21.5,Yes,Yes,PhD,Low,9
S3432,Omar,Davis,student2432@univ.edu,Male,23,CS,95.18,54.76,97.89,54.72,51.7,97.5,82.23,73.511,C,27.4,No,No,None,Low,6
S3433,Fatima,Taylor,student2433@univ.edu,Female,25,Mathematics,54.97,97.17,60.79,80.1,69.81,36.7,75.31,74.4935,C,13.2,No,No,PhD,Medium,3
S3434,Sophia,Miller,student2434@univ.edu,Female,19,Physics,82.81,48.11,92.72,92.75,96.86,41.2,57.6,79.1555,B,6.5,Yes,No,Bachelor's,High,8
S3435,Sophia,Miller,student2435@univ.edu,Female,20,Engineering,89.55,51.47,41.31,86.88,64.42,40.5,96.61,61.939,D,6.7,Yes,Yes,Bachelor's,Medium,5
S3436,Ali,Khan,student2436@univ.edu,Male,21,Business,67.75,65.23,57.29,68.91,99.96,81.6,82.51,70.8045,C,13.1,No,No,Master's,Medium,8
S3437,Maria,Ahmed,student2437@univ.edu,Female,19,Physics,97.71,75.38,42.92,99.69,54.22,21.8,65.85,63.062,D,17.2,Yes,No,Master's,High,8
S3438,Ahmed,Brown,student2438@univ.edu,Female,25,Mathematics,92.54,76.23,79.07,83.15,78.41,83.1,98.3,81.8995,B,21.1,Yes,Yes,None,Medium,3
S3439,Liam,Wilson,student2439@univ.edu,Male,21,Physics,64.73,57.52,46.05,90.76,75.77,65.7,94.13,66.7205,C,27.7,Yes,Yes,Bachelor's,High,7
S3440,Liam,Jones,student2440@univ.edu,Male,25,CS,50.38,95.24,90.74,83.48,62.77,22.0,57.17,81.32,B,30.2,Yes,Yes,High School,Medium,4
S3441,Omar,Wilson,student2441@univ.edu,Female,22,CS,64.83,94.91,78.8,99.47,97.43,6.5,82.77,88.5125,A,25.8,Yes,Yes,Master's,High,9
S3442,David,Jones,student2442@univ.edu,Male,19,Mathematics,64.07,63.52,41.73,91.07,80.96,77.5,78.0,64.814,D,18.9,Yes,No,None,High,7
S3443,Ali,Anderson,student2443@univ.edu,Male,22,CS,94.5,66.06,82.89,75.97,61.51,21.9,59.64,71.7915,C,12.9,Yes,Yes,Master's,Low,10
S3444,David,Miller,student2444@univ.edu,Male,18,Physics,98.36,82.15,91.72,68.34,69.2,88.9,61.67,78.4135,B,17.8,No,Yes,None,Medium,2
S3445,John,Brown,student2445@univ.edu,Female,19,Business,53.52,79.78,79.67,84.11,86.06,13.0,78.19,81.0945,B,13.2,Yes,No,Bachelor's,Low,1
S3446,Zainab,Smith,student2446@univ.edu,Female,21,Physics,73.56,62.94,41.83,79.51,64.88,61.6,66.06,58.796,D,23.7,Yes,No,Master's,Medium,6
S3447,Emma,Khan,student2447@univ.edu,Male,18,Business,77.42,64.85,91.48,81.47,93.98,69.2,91.74,85.0665,A,29.5,Yes,Yes,Master's,Low,6
S3448,Fatima,Johnson,student2448@univ.edu,Male,22,CS,54.65,60.88,83.95,67.15,58.28,65.8,54.89,68.6065,C,20.5,No,No,High School,Low,10
S3449,Lucas,Khan,student2449@univ.edu,Male,22,Physics,68.87,54.12,62.71,71.44,63.23,31.6,95.7,67.328,C,6.4,No,No,Bachelor's,Low,5
S3450,Ahmed,Taylor,student2450@univ.edu,Female,21,CS,65.85,67.49,59.72,77.9,57.24,87.6,92.03,68.4755,C,33.2,Yes,Yes,None,Low,2
S3451,Sara,Davis,student2451@univ.edu,Male,18,Business,76.8,81.19,68.79,91.96,55.21,77.0,86.93,75.4295,B,13.8,Yes,Yes,High School,Low,9
S3452,Hassan,Taylor,student2452@univ.edu,Male,24,CS,83.06,84.52,92.03,88.15,65.02,51.0,63.13,81.5595,B,32.4,No,No,None,Medium,6
S3453,Lucas,Davis,student2453@univ.edu,Female,23,Data Science,85.17,86.73,55.12,55.93,99.96,60.3,85.75,72.884,C,29.4,Yes,No,Master's,Low,4
S3454,Zainab,Anderson,student2454@univ.edu,Male,20,Engineering,56.84,62.48,46.06,62.28,54.72,56.6,71.94,56.958,D,17.4,No,No,PhD,Low,7
S3455,Lucas,Wilson,student2455@univ.edu,Female,21,Physics,90.65,85.88,91.88,51.33,60.65,94.7,81.69,78.3845,B,6.7,Yes,No,Master's,Medium,9
S3456,Ali,Williams,student2456@univ.edu,Female,22,Data Science,83.93,40.39,41.58,50.4,63.58,89.6,65.63,49.5725,F,33.4,Yes,Yes,Bachelor's,High,8
S3457,Hassan,Miller,student2457@univ.edu,Female,19,CS,94.45,68.62,94.66,61.22,80.96,23.5,91.79,81.9505,B,24.8,No,No,None,Medium,1
S3458,Sophia,Smith,student2458@univ.edu,Male,18,CS,72.47,87.63,58.34,89.97,87.27,26.3,52.03,72.3355,C,12.5,No,No,High School,High,3
S3459,Omar,Davis,student2459@univ.edu,Male,25,Engineering,94.69,77.8,70.49,95.24,87.6,98.1,84.57,80.343,B,21.0,No,Yes,Master's,Medium,10
S3460,Liam,Johnson,student2460@univ.edu,Female,23,CS,93.29,68.44,47.94,69.59,50.43,23.7,91.43,62.1845,D,24.1,Yes,Yes,None,Low,2
S3461,John,Davis,student2461@univ.edu,Male,20,Engineering,71.92,78.68,94.14,78.16,82.59,95.3,82.32,85.1455,A,11.8,Yes,Yes,High School,High,3
S3462,David,Ahmed,student2462@univ.edu,Female,19,Physics,69.06,94.42,84.99,85.3,81.54,65.0,59.6,82.5965,B,7.8,Yes,Yes,Master's,Low,5
S3463,Fatima,Williams,student2463@univ.edu,Male,18,Business,96.64,73.98,95.45,97.65,75.88,5.0,64.25,83.8705,B,13.0,Yes,No,PhD,High,6
S3464,Ali,Ahmed,student2464@univ.edu,Female,23,Engineering,85.76,87.99,80.99,95.65,68.96,33.6,75.75,81.9985,B,6.4,Yes,No,PhD,Low,3
S3465,Omar,Taylor,student2465@univ.edu,Female,21,Engineering,96.41,98.84,51.08,52.86,89.87,47.6,66.47,69.026,C,7.1,Yes,Yes,Master's,High,2
S3466,Sophia,Brown,student2466@univ.edu,Male,25,Data Science,89.85,82.33,58.5,62.41,67.19,83.3,50.25,63.9185,D,9.7,Yes,Yes,Bachelor's,Low,5
S3467,Sara,Taylor,student2467@univ.edu,Male,23,CS,80.46,74.4,69.21,52.46,61.5,32.9,52.03,64.002,D,9.8,No,No,PhD,High,4
S3468,John,Anderson,student2468@univ.edu,Male,21,Physics,55.79,42.25,76.44,80.83,65.5,31.1,88.39,70.412,C,12.4,Yes,No,None,High,5
S3469,Ali,Brown,student2469@univ.edu,Male,25,Business,64.57,62.47,95.59,85.52,71.98,92.0,54.19,77.704,B,33.1,No,Yes,Bachelor's,Low,10
S3470,Sophia,Taylor,student2470@univ.edu,Female,25,Mathematics,98.44,73.93,63.04,65.41,60.7,7.9,96.4,70.2265,C,22.3,Yes,No,Bachelor's,Medium,4
S3471,Fatima,Johnson,student2471@univ.edu,Female,24,Engineering,65.97,87.83,82.18,92.69,80.38,55.2,72.14,83.1105,B,17.7,No,No,Master's,Medium,4
S3472,Liam,Khan,student2472@univ.edu,Male,18,Mathematics,54.66,66.29,97.66,72.64,94.21,50.4,87.91,85.653,A,21.9,No,No,None,Low,8
S3473,Liam,Taylor,student2473@univ.edu,Male,25,CS,85.38,97.6,49.14,99.92,79.77,5.7,56.28,72.1145,C,5.2,Yes,No,None,Low,6
S3474,Ali,Johnson,student2474@univ.edu,Female,23,Engineering,86.7,56.31,91.76,50.02,72.33,8.8,96.33,76.18,B,31.8,Yes,Yes,High School,Medium,2
S3475,Liam,Johnson,student2475@univ.edu,Male,25,Mathematics,64.27,84.67,65.24,55.47,89.84,38.2,51.69,69.318,C,21.0,Yes,Yes,PhD,High,3
S3476,Omar,Khan,student2476@univ.edu,Male,20,Data Science,64.88,65.14,83.95,65.09,87.4,13.4,52.11,73.1005,C,18.5,Yes,Yes,PhD,Low,8
S3477,Omar,Brown,student2477@univ.edu,Male,23,Mathematics,73.44,69.16,57.61,51.28,68.35,47.8,52.73,59.8495,D,33.2,Yes,No,Bachelor's,Low,1
S3478,David,Wilson,student2478@univ.edu,Male,18,Data Science,51.09,88.15,60.04,89.12,80.21,60.9,55.17,72.319,C,26.9,No,Yes,Bachelor's,Low,6
S3479,Ali,Jones,student2479@univ.edu,Female,19,Business,89.47,57.77,41.63,52.64,86.49,69.1,74.34,58.145,D,15.1,Yes,No,Master's,Low,3
S3480,David,Miller,student2480@univ.edu,Female,19,CS,65.85,45.81,98.28,87.45,62.27,54.6,89.41,79.4295,B,33.1,Yes,No,None,Medium,9
S3481,Ali,Davis,student2481@univ.edu,Male,23,Physics,92.69,71.22,88.81,52.63,68.31,38.0,64.25,73.106,C,30.6,No,Yes,PhD,Medium,10
S3482,Sara,Jones,student2482@univ.edu,Female,23,Mathematics,90.13,71.73,45.64,62.64,55.29,13.0,87.29,61.103,D,33.6,Yes,No,High School,Low,1
S3483,Ali,Williams,student2483@univ.edu,Male,21,Engineering,83.07,87.83,99.97,92.06,99.38,24.7,88.7,94.5765,A,7.9,No,No,PhD,Medium,2
S3484,Fatima,Wilson,student2484@univ.edu,Male,18,CS,66.24,98.1,76.3,97.55,54.29,41.9,95.41,83.4125,B,33.7,No,Yes,PhD,Medium,6
S3485,Zainab,Jones,student2485@univ.edu,Male,21,Mathematics,75.82,43.32,91.22,70.73,58.43,92.4,57.47,68.5855,C,21.3,Yes,Yes,PhD,Medium,4
S3486,John,Brown,student2486@univ.edu,Female,20,Engineering,72.24,75.5,44.0,98.5,73.99,20.3,56.78,64.8905,D,25.2,No,Yes,Bachelor's,High,10
S3487,Maria,Williams,student2487@univ.edu,Female,24,Engineering,66.94,80.88,63.37,81.34,93.26,41.3,56.1,72.9605,C,11.4,Yes,Yes,None,Low,1
S3488,Hassan,Smith,student2488@univ.edu,Female,19,Physics,92.41,99.15,80.18,70.79,67.79,73.2,67.97,78.8755,B,9.2,No,Yes,None,Low,10
S3489,Maria,Wilson,student2489@univ.edu,Female,25,Physics,74.18,96.56,46.39,90.14,88.43,70.5,74.47,73.5045,C,7.4,No,No,PhD,Low,4
S3490,Sophia,Jones,student2490@univ.edu,Female,25,Engineering,91.64,82.75,69.33,64.77,83.8,96.6,73.08,74.063,C,17.7,No,Yes,None,Low,2
S3491,Liam,Williams,student2491@univ.edu,Male,22,Physics,55.26,71.31,66.56,63.29,81.93,19.1,62.85,68.7685,C,11.6,Yes,No,Master's,Medium,9
S3492,John,Smith,student2492@univ.edu,Male,22,Engineering,57.05,49.69,52.96,82.83,92.25,1.7,81.1,66.901,C,7.4,Yes,Yes,Bachelor's,Medium,7
S3493,Lucas,Taylor,student2493@univ.edu,Female,18,Mathematics,98.87,63.05,58.02,69.52,50.71,32.2,66.91,60.988,D,33.7,Yes,No,Bachelor's,High,6
S3494,Zainab,Williams,student2494@univ.edu,Female,25,Business,79.39,75.11,98.03,56.8,96.46,15.0,68.3,82.5665,B,27.0,No,No,None,Low,9
S3495,Omar,Ahmed,student2495@univ.edu,Female,18,Physics,75.49,83.51,57.32,53.35,91.46,54.8,55.28,66.7775,C,20.5,No,Yes,PhD,High,8
S3496,Emma,Khan,student2496@univ.edu,Male,22,Data Science,76.16,78.12,52.81,89.39,96.89,89.9,79.61,73.991,C,27.3,No,No,PhD,High,2
S3497,Ahmed,Brown,student2497@univ.edu,Female,18,Data Science,60.76,82.85,72.17,83.8,89.68,68.8,82.76,80.2655,B,23.3,Yes,Yes,PhD,High,3
S3498,Sara,Taylor,student2498@univ.edu,Male,19,Data Science,85.94,65.75,80.26,70.59,93.93,13.6,87.9,79.104,B,10.3,No,No,None,High,7
S3499,Liam,Brown,student2499@univ.edu,Male,20,Business,54.24,83.66,83.51,94.81,60.15,11.6,95.2,83.4845,B,24.0,Yes,No,PhD,Medium,10
S3500,Liam,Jones,student2500@univ.edu,Female,20,Engineering,78.67,48.62,85.25,70.54,65.96,91.1,88.3,73.2815,C,25.4,No,No,None,High,4
S3501,Fatima,Miller,student2501@univ.edu,Male,25,Engineering,78.54,49.76,42.21,85.51,65.76,48.8,61.79,56.6845,D,12.1,No,Yes,High School,Medium,6
S3502,Liam,Jones,student2502@univ.edu,Male,21,CS,95.71,49.77,63.63,95.46,55.46,92.4,61.78,64.1295,D,14.6,No,Yes,None,Medium,9
S3503,Omar,Taylor,student2503@univ.edu,Female,19,Data Science,76.31,93.45,86.44,92.04,86.48,73.6,95.75,90.0845,A,16.5,No,No,Master's,High,7
S3504,Omar,Johnson,student2504@univ.edu,Male,24,Data Science,56.85,44.56,94.29,75.56,56.81,99.3,89.51,75.1955,B,23.1,No,Yes,PhD,Low,3
S3505,Ahmed,Jones,student2505@univ.edu,Female,18,Engineering,78.64,88.09,76.13,84.03,52.63,87.1,89.11,78.129,B,8.8,Yes,No,PhD,Medium,6
S3506,Hassan,Taylor,student2506@univ.edu,Male,18,Data Science,54.57,54.01,43.14,70.68,88.77,41.4,85.99,62.717,D,27.3,No,Yes,Bachelor's,Low,7
S3507,Ali,Williams,student2507@univ.edu,Female,25,Engineering,60.19,68.11,63.8,82.36,95.23,75.8,63.36,72.0945,C,15.4,No,No,None,Medium,1
S3508,Lucas,Anderson,student2508@univ.edu,Female,24,Engineering,51.56,94.96,44.45,62.88,88.21,47.1,92.37,71.0685,C,25.8,No,Yes,High School,Medium,7
S3509,John,Jones,student2509@univ.edu,Male,21,Physics,75.66,75.16,84.91,71.74,91.27,23.3,57.14,77.773,B,33.0,No,Yes,PhD,High,5
S3510,Liam,Williams,student2510@univ.edu,Female,21,Engineering,54.23,52.61,43.81,60.48,79.78,24.1,67.5,57.0195,D,31.1,No,Yes,Bachelor's,High,7
S3511,Maria,Brown,student2511@univ.edu,Male,18,Mathematics,73.47,57.05,51.14,51.91,94.39,39.7,67.32,61.352,D,27.1,Yes,No,None,Low,7
S3512,David,Ahmed,student2512@univ.edu,Male,18,Mathematics,96.65,95.23,65.02,79.43,74.84,11.1,78.01,76.645,B,10.8,Yes,No,Bachelor's,Medium,6
S3513,Fatima,Wilson,student2513@univ.edu,Female,24,Mathematics,85.99,65.63,67.76,93.22,99.42,17.8,73.17,76.7135,B,27.0,Yes,No,High School,Low,3
S3514,Fatima,Miller,student2514@univ.edu,Male,25,Mathematics,53.87,75.22,64.39,51.28,55.17,50.1,72.99,64.4965,D,24.1,No,Yes,None,High,9
S3515,Hassan,Brown,student2515@univ.edu,Female,19,Business,61.21,67.6,67.8,59.8,90.46,95.4,77.68,71.441,C,28.2,Yes,No,PhD,High,5
S3516,Maria,Brown,student2516@univ.edu,Male,24,CS,83.68,62.71,82.79,73.01,82.07,57.8,70.77,75.396,B,31.1,No,Yes,None,Low,9
S3517,Sophia,Taylor,student2517@univ.edu,Male,21,CS,94.74,53.4,62.16,83.29,79.03,40.8,62.5,66.159,C,14.3,No,Yes,PhD,Low,3
S3518,Maria,Johnson,student2518@univ.edu,Female,24,Engineering,51.65,81.17,72.87,58.56,86.29,24.3,83.21,75.9475,B,24.3,No,Yes,Master's,Medium,7
S3519,Zainab,Davis,student2519@univ.edu,Male,24,Data Science,90.62,83.09,58.2,52.83,92.01,19.6,89.53,72.1435,C,13.3,Yes,Yes,PhD,Low,5
S3520,Sophia,Anderson,student2520@univ.edu,Male,24,Mathematics,78.09,56.49,61.22,75.95,93.14,65.8,73.95,69.181,C,15.4,No,No,Bachelor's,Low,7
S3521,Emma,Johnson,student2521@univ.edu,Male,19,CS,77.3,87.34,76.83,90.94,58.77,84.8,82.47,79.1855,B,20.6,Yes,Yes,High School,High,8
S3522,David,Taylor,student2522@univ.edu,Male,23,CS,97.89,91.27,69.43,51.76,59.85,39.9,76.77,70.8115,C,18.0,Yes,Yes,None,High,8
S3523,Fatima,Khan,student2523@univ.edu,Male,18,Mathematics,87.38,95.24,83.38,67.47,50.81,55.1,52.95,73.9155,C,23.0,No,No,Master's,Low,5
S3524,Maria,Miller,student2524@univ.edu,Male,22,Business,92.51,49.67,73.63,83.18,56.59,70.7,71.15,67.3425,C,27.8,No,No,Master's,High,5
S3525,Emma,Anderson,student2525@univ.edu,Male,25,Business,67.7,58.24,88.21,56.54,63.19,5.8,50.49,68.0545,C,23.2,No,No,Master's,High,8
S3526,Ali,Anderson,student2526@univ.edu,Male,24,CS,77.72,91.62,66.6,61.8,86.05,35.1,83.09,76.275,B,34.1,No,No,Bachelor's,High,6
S3527,Sara,Taylor,student2527@univ.edu,Female,25,Business,80.77,51.91,69.46,76.77,73.79,73.0,75.41,68.5885,C,27.1,Yes,Yes,PhD,High,6
S3528,John,Smith,student2528@univ.edu,Male,22,Physics,66.08,40.21,80.2,97.66,87.9,68.5,56.34,72.397,C,34.6,Yes,Yes,Master's,Medium,2
S3529,Emma,Brown,student2529@univ.edu,Male,23,Mathematics,78.51,92.25,53.27,64.37,74.33,5.3,77.11,69.466,C,27.3,No,No,High School,Medium,7
S3530,Hassan,Ahmed,student2530@univ.edu,Female,18,CS,61.83,59.59,63.16,74.38,77.78,23.8,94.92,71.086,C,20.2,Yes,Yes,High School,Low,10
S3531,Zainab,Wilson,student2531@univ.edu,Female,21,Mathematics,57.17,64.87,77.49,70.0,55.55,68.0,67.02,68.981,C,17.3,No,No,None,Medium,7
S3532,John,Smith,student2532@univ.edu,Female,22,Business,68.7,66.78,41.73,94.87,88.83,27.1,99.12,70.3845,C,27.1,Yes,No,High School,Low,6
S3533,Maria,Taylor,student2533@univ.edu,Male,25,Mathematics,86.96,90.9,66.22,53.59,87.91,81.4,97.97,77.2775,B,25.6,Yes,No,PhD,Medium,2
S3534,Lucas,Smith,student2534@univ.edu,Female,25,Business,95.81,60.27,75.93,78.31,65.38,3.0,89.27,73.5735,C,25.1,Yes,No,PhD,Medium,5
S3535,Ali,Wilson,student2535@univ.edu,Female,25,Business,72.89,93.54,98.04,92.31,66.43,19.0,90.69,90.4365,A,26.7,Yes,No,Master's,Low,6
S3536,Emma,Taylor,student2536@univ.edu,Male,21,Mathematics,82.14,77.02,92.62,99.41,60.98,28.1,70.53,82.459,B,31.2,Yes,No,PhD,Low,4
S3537,David,Taylor,student2537@univ.edu,Male,22,Business,55.15,71.64,56.84,84.94,90.69,92.5,70.13,71.086,C,11.8,No,No,PhD,Low,10
S3538,Maria,Anderson,student2538@univ.edu,Female,25,Physics,95.22,59.54,70.43,69.0,87.35,79.6,97.72,74.669,C,21.9,Yes,Yes,Master's,High,6
S3539,Liam,Smith,student2539@univ.edu,Female,21,Engineering,78.43,54.62,43.38,70.59,80.46,88.4,68.31,59.011,D,23.1,No,No,None,High,5
S3540,Omar,Williams,student2540@univ.edu,Male,24,Mathematics,89.02,77.44,54.45,67.58,61.94,44.0,54.84,62.1995,D,13.8,Yes,Yes,PhD,High,10
S3541,Emma,Jones,student2541@univ.edu,Male,25,Engineering,89.72,66.81,86.49,80.18,58.59,82.3,57.64,73.095,C,34.6,Yes,No,PhD,Low,9
S3542,David,Taylor,student2542@univ.edu,Male,22,Mathematics,62.82,94.63,47.4,86.97,52.51,85.3,85.52,69.266,C,28.6,No,No,Bachelor's,High,6
S3543,Zainab,Smith,student2543@univ.edu,Male,21,Business,76.46,69.5,55.46,90.97,52.28,40.0,69.15,65.171,C,14.6,No,Yes,None,Medium,1
S3544,Sara,Davis,student2544@univ.edu,Male,23,Business,98.02,70.71,96.64,70.83,59.36,99.4,59.97,76.49,B,15.8,Yes,Yes,Master's,Medium,10
S3545,Liam,Miller,student2545@univ.edu,Female,19,CS,54.48,65.0,89.43,85.84,55.03,85.1,90.69,79.0345,B,26.5,No,No,Bachelor's,Medium,10
S3546,Sara,Davis,student2546@univ.edu,Male,21,Physics,84.15,87.36,86.91,95.81,77.81,97.4,74.43,85.098,A,5.3,No,Yes,Bachelor's,Medium,1
S3547,Maria,Smith,student2547@univ.edu,Male,19,CS,98.11,65.49,91.87,96.04,67.9,86.6,78.38,81.6005,B,18.9,Yes,Yes,None,High,2
S3548,Omar,Brown,student2548@univ.edu,Male,19,Engineering,65.03,56.16,84.98,85.2,72.25,77.6,57.7,73.2475,C,15.3,No,Yes,PhD,High,2
S3549,Emma,Brown,student2549@univ.edu,Male,18,Business,93.07,91.72,47.24,81.85,79.7,94.4,59.64,68.0565,C,30.6,Yes,No,Master's,Medium,4
S3550,Emma,Smith,student2550@univ.edu,Male,24,CS,96.68,75.81,70.99,76.58,82.96,42.0,56.29,72.383,C,28.7,Yes,Yes,None,Low,10
S3551,Lucas,Anderson,student2551@univ.edu,Female,23,Business,87.35,75.49,66.65,59.16,82.41,78.3,75.73,71.0205,C,15.0,No,Yes,Bachelor's,Medium,2
S3552,Fatima,Anderson,student2552@univ.edu,Male,19,Mathematics,61.57,76.65,58.67,56.18,63.04,21.3,88.78,67.0645,C,30.9,No,No,High School,Medium,8
S3553,Lucas,Taylor,student2553@univ.edu,Female,20,CS,66.7,83.13,90.04,74.29,90.48,73.3,86.61,85.847,A,32.4,Yes,No,Master's,Low,8
S3554,Hassan,Wilson,student2554@univ.edu,Male,24,Engineering,51.79,58.78,67.85,57.97,95.89,78.5,63.06,68.0415,C,21.6,No,No,High School,Low,2
S3555,Maria,Jones,student2555@univ.edu,Female,19,CS,91.57,42.03,43.62,78.85,65.8,71.7,92.58,59.2575,D,9.8,Yes,No,PhD,High,9
S3556,Maria,Taylor,student2556@univ.edu,Female,21,Business,92.48,88.64,56.5,82.29,50.85,85.0,55.28,65.766,C,28.1,Yes,No,None,Low,9
S3557,Omar,Davis,student2557@univ.edu,Male,19,Data Science,81.64,47.73,53.72,76.28,94.96,41.3,55.7,62.389,D,14.6,No,No,PhD,Low,9
S3558,Lucas,Khan,student2558@univ.edu,Male,21,Data Science,67.63,83.31,93.25,51.82,96.18,54.5,92.47,85.37,A,20.8,Yes,No,None,High,9
S3559,David,Jones,student2559@univ.edu,Male,25,Physics,53.84,44.94,78.85,52.89,52.55,1.1,62.22,61.7345,D,6.4,Yes,Yes,Bachelor's,High,7
S3560,David,Davis,student2560@univ.edu,Male,21,Business,87.65,62.52,73.62,55.67,50.25,14.6,85.41,66.9705,C,20.0,Yes,Yes,PhD,Medium,9
S3561,Omar,Anderson,student2561@univ.edu,Male,20,Mathematics,86.33,43.78,70.4,57.68,90.82,64.4,50.45,63.2385,D,16.4,Yes,Yes,High School,Medium,8
S3562,Ali,Smith,student2562@univ.edu,Female,19,CS,95.63,71.33,79.01,99.49,65.07,56.2,54.68,74.8055,C,25.6,Yes,Yes,Bachelor's,Low,10
S3563,Fatima,Wilson,student2563@univ.edu,Male,19,Data Science,86.53,79.19,85.29,67.22,95.73,19.7,80.46,82.201,B,6.2,Yes,No,None,High,8
S3564,David,Ahmed,student2564@univ.edu,Male,22,Mathematics,91.43,50.29,73.26,64.6,60.84,24.3,59.12,63.383,D,23.7,No,Yes,Bachelor's,Low,7
S3565,Sophia,Davis,student2565@univ.edu,Female,24,Business,87.3,62.3,96.3,52.61,93.06,34.4,51.41,75.727,B,28.2,No,No,High School,Low,2
S3566,Hassan,Anderson,student2566@univ.edu,Male,22,Mathematics,81.53,95.81,98.61,81.77,53.43,71.6,73.35,84.958,B,5.4,No,No,Master's,Medium,2
S3567,John,Ahmed,student2567@univ.edu,Female,18,Business,71.35,66.54,99.72,82.61,63.03,61.0,66.53,80.0355,B,27.5,Yes,Yes,None,Low,8
S3568,Omar,Wilson,student2568@univ.edu,Male,21,Physics,95.11,88.15,80.16,58.77,98.66,7.0,90.11,82.817,B,8.9,Yes,Yes,Master's,Low,2
S3569,Omar,Taylor,student2569@univ.edu,Female,20,CS,82.55,95.63,95.96,95.96,61.56,76.0,90.94,89.981,A,25.9,No,No,Bachelor's,Medium,2
S3570,Ahmed,Smith,student2570@univ.edu,Male,22,Mathematics,69.92,98.46,64.27,90.02,56.65,26.3,80.72,76.295,B,18.7,Yes,Yes,PhD,Medium,7
S3571,Hassan,Miller,student2571@univ.edu,Female,19,CS,54.17,93.9,91.58,61.52,92.85,67.2,64.65,83.686,B,21.6,Yes,No,None,High,7
S3572,Liam,Brown,student2572@univ.edu,Female,18,Mathematics,64.54,59.04,94.55,74.29,55.89,12.3,73.08,75.3895,B,15.1,No,No,Bachelor's,Medium,1
S3573,Liam,Johnson,student2573@univ.edu,Male,20,Business,77.19,97.75,94.25,72.92,54.87,99.8,85.11,84.4725,B,12.4,Yes,No,None,High,7
S3574,Sophia,Wilson,student2574@univ.edu,Male,23,Business,63.78,88.74,89.85,67.43,66.17,8.0,53.47,77.256,B,7.1,No,No,High School,High,5
S3575,Lucas,Ahmed,student2575@univ.edu,Male,19,Mathematics,61.06,90.23,64.4,90.88,81.77,74.2,66.62,76.4765,B,30.9,Yes,No,Bachelor's,Medium,5
S3576,Hassan,Miller,student2576@univ.edu,Female,19,Physics,76.37,40.91,49.53,55.46,85.54,54.1,91.12,60.3355,D,23.3,No,No,PhD,Medium,2
S3577,Ali,Miller,student2577@univ.edu,Female,25,Business,58.49,97.25,60.04,70.77,94.06,8.6,70.3,75.7335,B,34.5,No,Yes,None,Medium,6
S3578,Maria,Wilson,student2578@univ.edu,Female,23,Engineering,90.02,86.69,86.04,71.4,77.05,2.7,81.23,81.904,B,30.5,Yes,Yes,PhD,Low,4
S3579,Maria,Miller,student2579@univ.edu,Male,21,Engineering,74.22,86.08,53.97,73.44,69.67,36.3,54.82,65.795,C,31.1,Yes,No,PhD,Medium,7
S3580,Sara,Davis,student2580@univ.edu,Male,21,CS,78.69,44.89,68.7,93.07,67.94,80.2,88.85,70.502,C,22.9,No,Yes,High School,High,2
S3581,Sophia,Miller,student2581@univ.edu,Female,22,Engineering,57.37,53.95,73.92,60.91,92.35,4.1,55.02,67.904,C,7.4,Yes,No,Master's,High,8
S3582,Omar,Anderson,student2582@univ.edu,Male,22,Engineering,66.23,97.74,76.23,55.15,86.19,70.4,93.08,81.3915,B,32.4,No,No,Bachelor's,High,5
S3583,Sophia,Jones,student2583@univ.edu,Female,19,Physics,70.5,70.04,96.14,80.89,95.27,65.5,55.33,82.3805,B,8.5,No,No,Master's,Medium,8
S3584,Sophia,Davis,student2584@univ.edu,Male,24,Physics,90.41,63.87,79.69,58.69,98.2,26.6,94.54,78.38,B,20.5,Yes,Yes,Master's,High,7
S3585,Zainab,Miller,student2585@univ.edu,Male,19,Data Science,88.51,90.4,87.18,53.75,65.0,7.7,68.19,76.634,B,30.7,No,Yes,High School,High,3
S3586,Sophia,Taylor,student2586@univ.edu,Female,22,Data Science,61.15,45.24,74.91,71.33,76.48,91.5,81.23,69.6225,C,19.2,No,Yes,PhD,Low,9
S3587,Liam,Brown,student2587@univ.edu,Male,23,Physics,80.81,65.02,90.01,60.98,81.59,30.0,92.33,79.7425,B,10.0,Yes,Yes,PhD,Medium,9
S3588,Zainab,Smith,student2588@univ.edu,Male,22,Data Science,62.17,62.54,55.82,68.06,58.19,11.1,50.51,58.559,D,16.2,Yes,No,Bachelor's,Medium,2
S3589,Sophia,Ahmed,student2589@univ.edu,Male,19,Physics,99.41,60.99,52.59,62.99,52.67,68.2,63.28,57.4455,D,34.7,No,No,High School,High,3
S3590,Fatima,Miller,student2590@univ.edu,Male,20,Data Science,97.61,58.46,95.58,54.63,93.39,21.7,95.42,81.661,B,35.0,No,No,None,Low,10
S3591,John,Williams,student2591@univ.edu,Male,19,Business,78.16,52.6,81.61,78.02,76.78,47.6,69.41,72.715,C,26.3,Yes,Yes,PhD,High,10
S3592,Maria,Brown,student2592@univ.edu,Female,20,Physics,84.95,50.37,80.29,51.35,78.54,5.0,85.32,70.457,C,31.6,No,Yes,Bachelor's,Low,1
S3593,Zainab,Taylor,student2593@univ.edu,Male,20,CS,90.07,78.42,68.04,98.32,77.75,99.3,57.0,74.4585,C,6.3,Yes,Yes,None,High,1
S3594,Sara,Anderson,student2594@univ.edu,Female,19,CS,86.05,95.16,62.6,67.07,87.75,44.8,83.92,76.753,B,13.3,No,Yes,Master's,High,3
S3595,Hassan,Miller,student2595@univ.edu,Male,24,Physics,84.99,70.53,73.34,84.76,57.28,99.9,53.66,69.13,C,16.1,No,No,High School,Medium,3
S3596,John,Ahmed,student2596@univ.edu,Male,24,Engineering,97.93,57.88,47.23,90.52,80.7,38.6,85.87,66.67,C,5.4,Yes,No,None,Low,5
S3597,Sara,Anderson,student2597@univ.edu,Female,18,CS,79.82,49.55,67.28,63.96,73.47,34.8,66.19,64.001,D,16.3,No,Yes,PhD,Low,6
S3598,Ahmed,Miller,student2598@univ.edu,Female,22,Engineering,81.82,89.81,67.32,87.44,94.85,91.5,73.29,79.861,B,7.8,No,Yes,Bachelor's,Low,4
S3599,Sara,Johnson,student2599@univ.edu,Male,24,CS,92.46,98.29,72.3,91.62,75.98,32.9,58.31,78.8495,B,20.5,Yes,Yes,Bachelor's,Medium,10
S3600,Maria,Jones,student2600@univ.edu,Male,21,Mathematics,83.49,60.95,78.08,62.07,97.15,43.2,81.39,75.6095,B,5.1,No,No,High School,Medium,7
S3601,Maria,Anderson,student2601@univ.edu,Female,19,Mathematics,86.65,57.46,97.44,99.62,67.66,7.8,66.88,80.72,B,13.1,No,Yes,Master's,High,3
S3602,Zainab,Jones,student2602@univ.edu,Female,20,Physics,61.71,76.09,79.13,51.03,98.34,95.5,69.17,75.6945,B,31.0,Yes,Yes,PhD,Low,4
S3603,Sophia,Brown,student2603@univ.edu,Female,19,CS,68.56,86.52,93.02,60.85,93.76,8.5,82.61,85.444,A,11.4,No,Yes,Master's,Low,5
S3604,Emma,Khan,student2604@univ.edu,Female,22,Business,57.37,67.32,73.38,89.0,79.21,77.1,58.94,73.2195,C,6.9,Yes,Yes,High School,High,8
S3605,Ahmed,Johnson,student2605@univ.edu,Male,23,Engineering,75.29,77.8,77.62,59.71,67.69,53.9,92.6,75.727,B,12.5,No,Yes,High School,High,9
S3606,Zainab,Smith,student2606@univ.edu,Male,24,CS,72.79,82.99,44.19,84.91,68.8,6.1,86.96,68.165,C,29.8,No,No,Master's,High,3
S3607,Fatima,Davis,student2607@univ.edu,Male,24,Physics,99.86,97.64,48.0,92.78,88.64,0.2,78.89,75.3745,B,22.6,No,No,None,High,1
S3608,Omar,Jones,student2608@univ.edu,Male,24,Engineering,80.56,49.9,74.78,97.96,79.03,93.6,56.42,71.1645,C,22.6,Yes,Yes,None,Low,2
S3609,David,Johnson,student2609@univ.edu,Male,20,Data Science,89.32,99.84,63.74,73.71,70.08,74.2,84.36,76.4995,B,5.0,No,Yes,High School,High,2
S3610,Hassan,Khan,student2610@univ.edu,Female,21,Physics,66.7,63.53,87.93,98.56,81.8,68.6,50.9,78.1705,B,19.2,No,Yes,None,Low,3
S3611,Sara,Ahmed,student2611@univ.edu,Female,25,CS,91.58,83.39,72.59,70.58,86.66,43.9,90.22,79.2035,B,13.0,No,Yes,None,Low,2
S3612,Emma,Jones,student2612@univ.edu,Female,21,Business,80.75,74.34,92.94,60.91,51.15,23.9,65.19,73.9845,C,15.1,No,Yes,Bachelor's,Low,1
S3613,Sophia,Wilson,student2613@univ.edu,Male,24,Data Science,84.85,69.2,98.34,75.7,54.49,68.0,55.86,76.1665,B,23.0,No,No,Master's,High,6
S3614,Liam,Taylor,student2614@univ.edu,Female,21,Physics,64.72,81.88,48.86,82.49,54.72,60.8,58.22,62.7915,D,31.2,No,Yes,Bachelor's,High,7
S3615,Omar,Smith,student2615@univ.edu,Male,23,CS,77.43,63.75,63.69,72.9,61.6,72.6,98.16,69.9405,C,10.4,Yes,Yes,Bachelor's,High,1
S3616,Ali,Taylor,student2616@univ.edu,Male,24,Mathematics,81.7,47.57,79.9,78.35,71.35,36.6,88.69,73.2375,C,28.0,Yes,Yes,High School,High,9
S3617,Lucas,Ahmed,student2617@univ.edu,Male,18,CS,79.45,69.33,58.33,70.82,90.18,98.7,61.89,67.715,C,6.5,No,Yes,High School,Medium,7
S3618,Emma,Miller,student2618@univ.edu,Female,20,Mathematics,95.76,71.31,56.02,76.24,67.55,6.7,98.17,70.163,C,14.8,Yes,No,High School,High,4
S3619,Liam,Jones,student2619@univ.edu,Male,23,Mathematics,94.91,52.11,88.82,97.63,50.87,8.0,57.01,72.3355,C,11.6,Yes,No,Bachelor's,Medium,3
S3620,Ahmed,Miller,student2620@univ.edu,Male,25,Physics,98.55,96.14,98.82,74.99,74.17,91.7,86.68,89.191,A,32.5,No,Yes,PhD,High,6
S3621,Ali,Williams,student2621@univ.edu,Female,20,CS,83.37,53.65,86.43,62.66,99.83,64.8,82.84,77.78,B,10.3,No,Yes,Bachelor's,Medium,3
S3622,Zainab,Jones,student2622@univ.edu,Male,25,CS,98.6,64.55,71.42,87.94,67.45,32.6,91.07,74.876,C,22.4,No,Yes,Bachelor's,High,4
S3623,Sophia,Johnson,student2623@univ.edu,Female,24,Mathematics,91.62,49.3,66.55,66.88,98.06,76.2,69.08,68.2555,C,9.9,Yes,Yes,Bachelor's,High,9
S3624,Omar,Smith,student2624@univ.edu,Male,23,Engineering,63.54,72.15,72.38,90.81,55.07,45.3,70.09,72.1585,C,19.2,No,Yes,None,Low,5
S3625,Omar,Miller,student2625@univ.edu,Female,24,Data Science,71.37,58.46,67.77,52.84,58.65,2.1,81.23,64.3195,D,17.4,Yes,Yes,None,Medium,10
S3626,Omar,Jones,student2626@univ.edu,Male,25,Business,61.92,69.36,70.17,66.61,86.21,65.1,69.91,71.841,C,6.2,No,Yes,High School,High,5
S3627,Ahmed,Williams,student2627@univ.edu,Male,25,CS,50.21,53.48,52.21,54.72,75.06,24.3,52.07,56.247,D,29.8,No,No,Bachelor's,Medium,9
S3628,Ali,Taylor,student2628@univ.edu,Female,23,Data Science,59.4,43.23,94.22,54.27,88.26,11.5,86.49,75.976,B,28.4,No,No,Bachelor's,Low,2
S3629,Sara,Johnson,student2629@univ.edu,Male,24,Data Science,50.2,86.75,85.27,82.92,93.18,22.5,82.05,85.917,A,13.3,No,Yes,High School,Medium,7
S3630,Lucas,Wilson,student2630@univ.edu,Female,18,Engineering,85.99,78.47,80.86,69.27,62.55,47.6,71.19,74.4465,C,23.4,No,No,Master's,High,7
S3631,Fatima,Jones,student2631@univ.edu,Male,20,Data Science,71.28,60.44,97.0,93.57,84.14,5.0,65.14,82.4655,B,15.9,No,Yes,PhD,Low,6
S3632,Ahmed,Wilson,student2632@univ.edu,Female,23,CS,65.63,42.85,57.06,75.82,80.38,88.3,66.04,61.877,D,28.1,No,Yes,PhD,High,4
S3633,David,Brown,student2633@univ.edu,Male,18,Physics,88.09,91.93,44.87,64.77,93.08,56.0,87.05,70.8255,C,25.8,Yes,Yes,Master's,Low,7
S3634,Hassan,Ahmed,student2634@univ.edu,Male,19,Physics,91.62,50.19,89.57,86.04,71.51,29.3,86.46,77.989,B,7.7,No,Yes,High School,Low,3
S3635,Hassan,Smith,student2635@univ.edu,Male,24,Data Science,98.76,95.84,99.91,81.2,52.59,68.7,90.95,87.8475,A,30.3,Yes,Yes,Master's,Medium,9
S3636,Lucas,Jones,student2636@univ.edu,Female,22,CS,82.1,68.72,74.71,89.98,78.71,80.4,88.11,78.4125,B,10.4,No,Yes,PhD,High,1
S3637,Maria,Anderson,student2637@univ.edu,Female,23,CS,73.08,60.42,43.53,82.18,97.94,61.4,87.9,67.5225,C,10.2,Yes,Yes,Master's,High,6
S3638,Hassan,Williams,student2638@univ.edu,Female,21,Mathematics,65.26,84.51,86.83,58.35,50.73,20.2,62.59,73.043,C,27.0,Yes,Yes,Bachelor's,Low,1
S3639,Sophia,Miller,student2639@univ.edu,Female,18,Engineering,61.12,92.61,44.42,83.52,62.01,11.0,55.08,64.1605,D,10.5,No,Yes,None,High,6
S3640,Ahmed,Khan,student2640@univ.edu,Female,18,Business,60.65,62.24,72.4,69.58,65.8,86.0,88.09,71.3085,C,8.7,Yes,Yes,Bachelor's,Low,5
S3641,Liam,Anderson,student2641@univ.edu,Male,23,Mathematics,70.46,64.44,56.65,73.16,88.29,23.5,54.93,65.1725,C,15.1,No,No,PhD,Medium,5
S3642,Lucas,Brown,student2642@univ.edu,Male,25,Business,99.59,65.99,94.9,96.08,66.16,2.0,99.11,85.6155,A,30.2,No,Yes,None,Low,10
S3643,David,Smith,student2643@univ.edu,Male,18,CS,50.04,95.34,67.08,68.0,61.95,64.3,93.75,76.101,B,10.3,Yes,No,None,High,6
S3644,Maria,Taylor,student2644@univ.edu,Male,19,Physics,59.86,81.55,93.91,80.6,82.43,15.3,76.67,85.1335,A,15.2,Yes,Yes,Master's,Low,8
S3645,Sara,Johnson,student2645@univ.edu,Male,18,Mathematics,59.42,54.86,57.94,68.17,52.32,99.1,67.61,59.466,D,13.6,Yes,Yes,Bachelor's,High,9
S3646,Ali,Wilson,student2646@univ.edu,Female,22,Data Science,85.86,51.1,63.24,54.74,58.53,87.0,76.34,60.7955,D,15.7,No,Yes,Master's,Medium,3
S3647,Liam,Brown,student2647@univ.edu,Male,22,Data Science,67.62,53.82,96.83,72.68,70.4,60.8,86.72,79.1245,B,26.4,Yes,Yes,PhD,Medium,5
S3648,Zainab,Miller,student2648@univ.edu,Female,25,Business,72.86,55.81,52.08,79.85,67.78,83.4,87.82,64.7075,D,17.2,No,Yes,None,Low,6
S3649,Lucas,Johnson,student2649@univ.edu,Male,24,CS,57.43,53.81,74.71,70.38,67.36,47.1,53.68,65.6235,C,27.8,Yes,No,Master's,Medium,1
S3650,Sophia,Taylor,student2650@univ.edu,Female,24,Physics,70.25,79.51,63.31,69.53,55.43,78.8,90.24,70.3405,C,24.2,No,No,None,Medium,1
S3651,Ali,Miller,student2651@univ.edu,Female,25,Business,55.16,46.96,86.45,91.02,68.04,64.7,82.07,75.819,B,15.8,No,Yes,Bachelor's,Low,1
S3652,Liam,Williams,student2652@univ.edu,Female,21,Physics,76.65,63.24,47.76,51.48,89.9,2.9,52.03,58.3755,D,18.0,No,No,PhD,High,2
S3653,Maria,Wilson,student2653@univ.edu,Male,19,Engineering,54.9,77.5,66.23,64.78,70.69,94.9,65.66,68.85,C,26.1,Yes,Yes,Bachelor's,Low,4
S3654,Liam,Khan,student2654@univ.edu,Male,22,Physics,89.53,57.45,81.94,90.59,79.31,86.1,75.53,76.9835,B,21.0,No,No,Master's,Low,6
S3655,Ali,Anderson,student2655@univ.edu,Male,25,Data Science,78.33,43.92,64.42,96.03,58.18,95.3,59.42,63.3755,D,31.1,Yes,Yes,Master's,High,3
S3656,John,Jones,student2656@univ.edu,Male,23,Mathematics,86.2,44.91,43.51,70.61,53.49,73.1,57.76,51.4895,F,33.0,Yes,No,High School,Medium,9
S3657,Fatima,Brown,student2657@univ.edu,Female,20,Mathematics,70.93,47.56,82.31,94.44,94.0,41.2,50.71,74.193,C,26.5,No,No,Bachelor's,Low,3
S3658,Emma,Ahmed,student2658@univ.edu,Female,20,Mathematics,69.07,90.15,70.19,59.95,66.57,20.7,95.58,75.9115,B,34.7,No,No,PhD,Low,4
S3659,Sara,Jones,student2659@univ.edu,Female,20,Physics,54.91,79.47,40.68,61.07,67.52,18.0,52.81,57.342,D,22.9,Yes,No,None,High,4
S3660,Hassan,Khan,student2660@univ.edu,Female,24,Data Science,76.19,43.87,76.76,92.31,93.88,14.5,68.3,73.8135,C,6.2,No,Yes,High School,Low,5
S3661,Maria,Johnson,student2661@univ.edu,Male,23,Physics,75.73,63.46,95.19,95.16,85.39,22.1,60.29,82.1345,B,20.1,Yes,Yes,PhD,High,5
S3662,Ali,Jones,student2662@univ.edu,Female,18,CS,73.41,56.72,46.66,61.14,87.81,55.1,87.05,63.075,D,11.9,No,Yes,Bachelor's,Low,2
S3663,Fatima,Anderson,student2663@univ.edu,Male,23,Data Science,87.03,74.68,75.44,52.97,84.1,68.4,85.36,74.7045,C,15.0,No,Yes,None,Low,6
S3664,Fatima,Davis,student2664@univ.edu,Female,18,Data Science,91.63,71.37,83.72,54.52,55.29,31.4,90.31,73.594,C,19.7,No,Yes,PhD,High,9
S3665,Zainab,Johnson,student2665@univ.edu,Female,20,Physics,87.54,68.87,44.25,63.07,97.9,54.9,80.84,65.533,C,13.9,No,No,High School,High,5
S3666,Liam,Wilson,student2666@univ.edu,Female,21,Physics,57.19,58.87,41.36,88.07,95.46,34.1,79.58,65.7165,C,14.3,No,Yes,None,Low,1
S3667,Emma,Miller,student2667@univ.edu,Male,21,Mathematics,81.1,48.27,67.85,75.5,61.81,69.7,70.36,64.552,D,17.1,No,Yes,Bachelor's,High,9
S3668,Fatima,Khan,student2668@univ.edu,Male,25,Data Science,54.02,84.54,87.47,72.78,90.2,98.8,81.82,84.2425,B,13.6,No,No,None,Low,7
S3669,Emma,Wilson,student2669@univ.edu,Female,18,Mathematics,84.73,92.79,49.64,79.21,70.47,68.9,55.76,66.748,C,10.1,Yes,Yes,Bachelor's,High,7
S3670,Liam,Jones,student2670@univ.edu,Female,20,CS,69.09,96.65,90.2,94.51,84.19,5.9,84.23,90.3395,A,28.0,No,Yes,Master's,Medium,6
S3671,Ali,Smith,student2671@univ.edu,Female,23,Engineering,56.62,43.52,79.39,54.52,58.28,47.7,55.19,61.689,D,16.9,No,Yes,Master's,Medium,1
S3672,Sophia,Johnson,student2672@univ.edu,Male,21,Mathematics,93.1,84.39,59.93,84.74,76.93,77.0,93.09,76.0675,B,30.0,Yes,No,Bachelor's,Medium,7
S3673,John,Khan,student2673@univ.edu,Male,18,Physics,80.7,83.59,70.95,96.34,56.33,54.2,75.28,75.743,B,31.5,Yes,Yes,PhD,Medium,4
S3674,Fatima,Miller,student2674@univ.edu,Male,25,Business,67.74,96.83,97.93,60.67,76.81,95.1,76.52,85.7415,A,27.5,No,No,High School,Low,5
S3675,Ahmed,Taylor,student2675@univ.edu,Female,23,Engineering,51.54,55.17,52.99,91.89,62.18,5.5,79.24,64.577,D,16.9,Yes,No,Master's,Low,7
S3676,John,Williams,student2676@univ.edu,Male,20,CS,76.87,84.53,69.97,84.9,72.62,29.1,88.8,78.3435,B,26.6,Yes,No,PhD,Medium,3
S3677,Liam,Wilson,student2677@univ.edu,Female,19,Physics,96.16,43.28,77.47,50.72,83.4,22.1,73.92,66.9765,C,9.7,Yes,No,None,Medium,2
S3678,Zainab,Wilson,student2678@univ.edu,Male,20,Engineering,79.82,77.87,48.28,61.58,93.85,76.8,71.38,66.4935,C,24.8,Yes,Yes,Master's,Medium,1
S3679,Sara,Johnson,student2679@univ.edu,Female,24,Physics,98.58,61.05,42.61,80.29,58.26,52.4,64.42,57.569,D,17.2,No,Yes,PhD,High,8
S3680,Ahmed,Smith,student2680@univ.edu,Female,20,Mathematics,56.82,86.13,40.81,75.12,94.66,13.8,56.4,65.4365,C,24.7,No,Yes,High School,Low,8
S3681,Maria,Jones,student2681@univ.edu,Male,25,Physics,78.42,91.8,59.48,76.4,69.5,28.6,59.52,69.991,C,27.6,No,Yes,None,Medium,7
S3682,Hassan,Khan,student2682@univ.edu,Female,23,CS,89.91,61.89,44.44,61.6,92.19,52.3,50.03,58.505,D,21.9,No,No,Master's,Medium,10
S3683,Zainab,Jones,student2683@univ.edu,Female,25,Business,76.28,71.54,88.23,83.75,75.63,99.6,93.47,83.116,B,24.3,Yes,Yes,Master's,Low,9
S3684,John,Johnson,student2684@univ.edu,Female,23,Mathematics,54.55,47.04,99.84,63.32,93.11,36.4,88.25,81.054,B,11.4,Yes,Yes,High School,Medium,10
S3685,Liam,Wilson,student2685@univ.edu,Male,22,Mathematics,79.14,65.01,43.68,69.47,83.14,15.7,60.93,60.321,D,22.8,Yes,No,Bachelor's,Medium,1
S3686,John,Miller,student2686@univ.edu,Female,22,CS,80.59,61.65,65.96,68.45,75.44,49.7,50.12,64.5175,D,18.8,Yes,No,Master's,Low,3
S3687,Hassan,Khan,student2687@univ.edu,Male,23,CS,86.44,50.99,41.54,83.6,65.63,31.0,74.61,58.313,D,17.8,No,Yes,Bachelor's,Low,5
S3688,Fatima,Williams,student2688@univ.edu,Male,23,Engineering,88.06,93.67,48.04,54.51,98.45,56.6,70.63,69.0865,C,17.3,No,Yes,High School,High,2
S3689,Zainab,Khan,student2689@univ.edu,Female,19,Business,88.54,48.89,59.38,60.28,90.04,46.7,88.8,66.429,C,14.3,No,No,High School,Low,7
S3690,Ali,Johnson,student2690@univ.edu,Male,19,Physics,83.17,78.14,63.62,60.02,69.06,68.9,70.14,67.778,C,14.2,Yes,No,PhD,Medium,6
S3691,Ahmed,Miller,student2691@univ.edu,Female,20,Engineering,60.79,93.41,96.39,55.42,58.34,91.4,93.21,83.464,B,26.0,No,No,Master's,Low,10
S3692,David,Ahmed,student2692@univ.edu,Male,25,Physics,70.21,94.72,63.75,60.38,88.98,20.1,54.79,71.879,C,21.7,Yes,No,None,Low,2
S3693,Lucas,Miller,student2693@univ.edu,Female,24,Physics,88.81,87.59,69.78,80.35,99.5,82.1,68.29,79.162,B,5.9,No,No,None,Medium,8
S3694,John,Taylor,student2694@univ.edu,Male,25,Physics,97.67,50.57,54.74,86.61,63.95,94.9,96.7,66.362,C,6.5,Yes,Yes,High School,Low,3
S3695,Hassan,Khan,student2695@univ.edu,Female,21,Engineering,53.95,89.05,40.01,83.02,95.79,37.4,50.59,66.2235,C,22.1,Yes,No,None,High,4
S3696,Maria,Khan,student2696@univ.edu,Female,25,Mathematics,76.78,56.59,93.96,73.76,56.27,11.4,69.54,74.1395,C,30.4,Yes,Yes,None,Low,5
S3697,Maria,Anderson,student2697@univ.edu,Female,24,CS,65.63,95.34,44.9,52.62,97.61,82.2,62.99,66.766,C,6.3,No,Yes,None,Low,6
S3698,Omar,Davis,student2698@univ.edu,Female,19,Mathematics,61.27,82.55,97.85,97.95,87.27,70.1,76.59,90.029,A,20.2,No,Yes,PhD,Medium,9
S3699,Zainab,Williams,student2699@univ.edu,Male,20,Business,75.29,87.12,47.85,58.4,67.33,21.3,63.94,62.622,D,30.5,Yes,No,PhD,High,9
S3700,John,Brown,student2700@univ.edu,Male,24,Engineering,80.3,45.1,76.29,83.42,65.23,44.5,93.5,72.044,C,5.1,Yes,Yes,High School,High,9
S3701,Lucas,Smith,student2701@univ.edu,Female,25,Business,50.49,74.97,99.96,95.64,82.17,57.8,96.86,91.1805,A,13.3,Yes,Yes,None,Low,8
S3702,Sophia,Davis,student2702@univ.edu,Male,18,CS,89.01,89.27,48.31,84.89,79.68,17.0,92.46,73.317,C,32.6,Yes,No,High School,High,5
S3703,Hassan,Taylor,student2703@univ.edu,Female,22,CS,90.99,91.7,65.44,60.9,95.95,71.5,69.93,75.261,B,7.4,Yes,Yes,High School,Medium,5
S3704,Fatima,Khan,student2704@univ.edu,Female,24,Data Science,98.28,41.72,86.83,65.79,88.31,69.0,99.5,76.7745,B,23.2,Yes,Yes,High School,Low,4
S3705,Emma,Williams,student2705@univ.edu,Male,21,Business,59.03,96.35,41.93,51.51,77.02,88.7,86.75,66.2375,C,20.2,No,Yes,PhD,High,7
S3706,Ali,Jones,student2706@univ.edu,Male,20,Mathematics,79.73,42.6,81.39,80.64,96.38,56.7,67.78,73.7265,C,9.6,No,Yes,PhD,Medium,4
S3707,Lucas,Davis,student2707@univ.edu,Female,24,Business,71.33,76.87,44.82,80.65,79.64,57.4,54.68,63.3065,D,6.3,Yes,No,Master's,Medium,5
S3708,Emma,Jones,student2708@univ.edu,Male,23,Engineering,66.74,81.6,54.19,86.28,92.48,61.9,83.35,74.603,C,20.1,No,No,None,Medium,9
S3709,Zainab,Smith,student2709@univ.edu,Female,25,CS,78.28,46.44,49.6,50.55,92.05,27.4,86.43,61.0025,D,27.1,No,Yes,Bachelor's,Low,7
S3710,Emma,Jones,student2710@univ.edu,Male,18,CS,89.12,42.88,94.44,90.89,95.96,75.9,56.12,78.0755,B,10.3,No,No,PhD,Medium,9
S3711,David,Smith,student2711@univ.edu,Male,22,Business,51.15,87.09,50.83,86.94,53.38,66.2,77.49,67.88,C,25.7,No,Yes,Bachelor's,Medium,8
S3712,Omar,Williams,student2712@univ.edu,Male,18,Business,98.47,63.08,42.43,57.04,79.19,83.9,99.35,62.8035,D,21.4,No,Yes,None,Low,3
S3713,Lucas,Ahmed,student2713@univ.edu,Male,20,Physics,90.49,46.43,75.26,67.38,73.42,76.9,66.31,66.6935,C,15.7,No,No,None,Low,3
S3714,Zainab,Wilson,student2714@univ.edu,Male,25,Business,87.56,85.76,60.77,81.93,74.53,63.9,65.09,71.654,C,24.9,No,No,PhD,Medium,2
S3715,Lucas,Smith,student2715@univ.edu,Female,19,Physics,88.02,90.95,64.34,74.79,73.0,16.1,95.17,77.153,B,10.8,Yes,Yes,Bachelor's,Low,3
S3716,David,Miller,student2716@univ.edu,Male,22,Engineering,69.45,75.24,47.14,55.75,91.87,91.9,55.87,62.0705,D,18.7,No,Yes,High School,High,10
S3717,John,Brown,student2717@univ.edu,Male,25,Engineering,87.58,49.67,84.89,54.37,65.92,36.7,96.68,72.191,C,21.5,Yes,Yes,High School,Low,3
S3718,John,Brown,student2718@univ.edu,Female,18,Mathematics,69.34,40.91,76.09,89.07,73.14,96.4,88.97,72.4905,C,18.8,No,Yes,PhD,Medium,3
S3719,John,Johnson,student2719@univ.edu,Female,19,Business,94.94,82.05,61.85,57.8,60.03,40.2,69.54,66.163,C,16.9,No,Yes,Bachelor's,Low,6
S3720,Sara,Brown,student2720@univ.edu,Female,21,Mathematics,58.86,73.01,50.29,58.6,62.59,14.6,54.18,58.509,D,27.2,Yes,No,PhD,Low,9
S3721,Emma,Johnson,student2721@univ.edu,Male,20,Data Science,64.62,79.05,75.61,91.55,83.02,88.5,50.96,76.103,B,24.7,Yes,Yes,High School,Medium,7
S3722,Sara,Khan,student2722@univ.edu,Male,20,Engineering,77.57,88.79,86.72,80.61,55.85,79.5,68.79,78.8975,B,24.2,No,No,None,Medium,7
S3723,Omar,Brown,student2723@univ.edu,Female,22,CS,65.96,66.05,58.74,80.24,59.39,78.6,85.27,67.504,C,31.8,No,No,PhD,Low,7
S3724,Ali,Smith,student2724@univ.edu,Female,18,Physics,71.21,47.47,41.55,73.97,76.4,8.9,74.38,57.749,D,34.8,Yes,Yes,High School,High,1
S3725,David,Miller,student2725@univ.edu,Female,21,Data Science,74.62,96.4,52.86,78.45,52.19,87.9,86.93,70.4165,C,22.0,No,No,None,High,4
S3726,Zainab,Wilson,student2726@univ.edu,Female,23,CS,92.82,72.72,80.94,80.09,56.35,59.6,83.53,75.8685,B,15.4,No,No,PhD,Medium,9
S3727,Lucas,Jones,student2727@univ.edu,Male,22,Data Science,76.16,76.92,99.35,98.39,93.17,47.0,78.65,90.688,A,28.4,No,Yes,PhD,High,4
S3728,Fatima,Taylor,student2728@univ.edu,Male,25,Mathematics,68.12,96.0,40.8,61.15,92.31,91.3,98.37,71.2545,C,9.3,Yes,No,High School,Low,7
S3729,Zainab,Brown,student2729@univ.edu,Male,23,Mathematics,62.39,95.9,58.37,60.73,67.39,66.6,86.42,71.7905,C,20.4,No,No,High School,Medium,2
S3730,Emma,Wilson,student2730@univ.edu,Male,22,Physics,70.43,74.33,43.72,52.86,67.4,13.3,95.73,62.5665,D,20.7,No,Yes,None,Low,6
S3731,Sara,Wilson,student2731@univ.edu,Male,18,Engineering,75.79,57.86,58.98,82.91,96.83,52.0,62.11,68.4925,C,34.5,Yes,Yes,Master's,High,5
S3732,Sara,Smith,student2732@univ.edu,Female,21,Physics,87.31,99.83,64.35,77.45,51.29,63.7,85.68,74.6515,C,34.7,No,No,None,High,10
S3733,Liam,Williams,student2733@univ.edu,Male,18,CS,56.05,80.85,95.25,55.56,79.01,89.9,79.89,81.6765,B,29.0,No,Yes,PhD,High,2
S3734,Sara,Williams,student2734@univ.edu,Female,20,Data Science,61.08,64.51,44.83,68.23,79.87,28.0,96.21,65.239,C,19.2,No,No,PhD,Medium,3
S3735,Ali,Brown,student2735@univ.edu,Female,23,Physics,68.98,73.59,86.63,58.93,89.39,79.4,75.52,78.6145,B,21.4,No,No,PhD,High,3
S3736,Sophia,Ahmed,student2736@univ.edu,Female,19,Business,68.02,64.95,63.73,66.57,97.59,80.0,63.98,69.5165,C,14.6,No,No,High School,Medium,3
S3737,Lucas,Taylor,student2737@univ.edu,Male,24,Business,69.59,93.3,88.68,97.56,67.79,12.8,69.24,84.8865,B,29.9,Yes,Yes,PhD,Medium,5
S3738,Sophia,Brown,student2738@univ.edu,Female,25,Engineering,89.68,68.95,70.8,84.17,71.89,1.7,60.94,71.12,C,27.4,Yes,Yes,PhD,Medium,10
S3739,Lucas,Brown,student2739@univ.edu,Male,20,Physics,66.21,89.41,42.36,50.38,83.56,58.1,61.0,61.949,D,28.1,Yes,Yes,None,Medium,9
S3740,David,Johnson,student2740@univ.edu,Female,20,CS,75.09,90.41,96.77,62.63,98.36,78.9,73.52,87.128,A,9.2,Yes,Yes,High School,Medium,7
S3741,Lucas,Miller,student2741@univ.edu,Male,23,Business,81.2,89.46,44.96,50.52,94.54,55.4,94.63,69.5815,C,17.0,No,No,None,Medium,6
S3742,Sophia,Miller,student2742@univ.edu,Female,25,Engineering,61.61,83.33,75.86,85.74,83.35,81.3,59.59,77.519,B,21.1,No,Yes,Master's,High,4
S3743,Zainab,Taylor,student2743@univ.edu,Male,22,Physics,85.93,91.29,92.66,73.47,92.84,62.2,64.39,85.294,A,8.7,No,Yes,None,Medium,5
S3744,Lucas,Johnson,student2744@univ.edu,Female,20,Engineering,77.36,63.23,44.79,99.7,54.26,65.3,92.65,65.314,C,16.1,No,Yes,None,Low,6
S3745,David,Wilson,student2745@univ.edu,Female,24,CS,72.34,46.88,73.23,86.68,68.86,2.8,66.96,68.3815,C,7.6,No,No,Master's,Low,8
S3746,David,Khan,student2746@univ.edu,Female,21,Business,90.49,90.55,89.46,75.9,50.65,8.9,98.12,83.1215,B,33.8,Yes,No,None,Low,9
S3747,Omar,Johnson,student2747@univ.edu,Female,20,Business,62.17,69.89,99.18,90.24,58.87,72.5,63.45,80.575,B,27.5,No,No,PhD,High,2
S3748,Lucas,Brown,student2748@univ.edu,Male,21,Business,94.16,47.64,83.46,85.24,81.52,76.3,72.11,74.5695,C,23.6,No,Yes,PhD,Medium,8
S3749,Fatima,Williams,student2749@univ.edu,Male,18,Mathematics,78.05,46.92,56.7,62.19,94.28,54.2,54.78,60.9165,D,11.1,No,No,Bachelor's,High,8
S3750,Liam,Davis,student2750@univ.edu,Male,25,Business,80.46,49.55,81.97,76.51,81.64,59.0,99.61,77.2635,B,15.0,Yes,No,High School,High,7
S3751,John,Taylor,student2751@univ.edu,Female,22,Data Science,93.75,85.06,82.35,77.8,83.21,61.4,94.51,84.1625,B,9.3,No,Yes,PhD,Medium,4
S3752,Maria,Wilson,student2752@univ.edu,Female,21,Mathematics,90.88,82.65,82.0,72.56,55.19,10.5,90.88,78.0245,B,21.1,Yes,No,High School,High,9
S3753,David,Smith,student2753@univ.edu,Female,20,Physics,80.08,52.23,91.26,58.96,83.24,66.8,57.87,72.3975,C,29.6,Yes,No,None,Medium,7
S3754,Ahmed,Davis,student2754@univ.edu,Female,22,Mathematics,87.66,90.82,45.24,61.17,72.72,47.8,98.47,68.852,C,5.6,No,No,Bachelor's,Medium,5
S3755,John,Davis,student2755@univ.edu,Female,24,Mathematics,71.67,56.88,46.51,64.05,82.57,60.3,96.46,64.1165,D,8.1,No,No,PhD,Medium,4
S3756,Ali,Johnson,student2756@univ.edu,Female,22,Mathematics,77.37,87.58,78.44,50.51,66.31,56.3,71.78,73.26,C,11.9,Yes,Yes,None,Low,6
S3757,Emma,Jones,student2757@univ.edu,Male,21,Engineering,53.1,69.33,97.23,95.85,79.07,76.3,84.08,86.7465,A,26.4,Yes,Yes,Bachelor's,Medium,6
S3758,Lucas,Davis,student2758@univ.edu,Male,25,Data Science,54.49,83.89,67.95,84.3,71.2,31.9,99.62,78.8285,B,31.8,No,No,None,Medium,9
S3759,Sophia,Brown,student2759@univ.edu,Male,21,CS,91.47,62.88,97.63,84.48,77.93,37.4,70.49,81.6815,B,27.6,No,Yes,High School,High,7
S3760,Maria,Anderson,student2760@univ.edu,Male,19,Business,52.98,60.83,96.29,78.62,57.35,39.2,55.65,74.6105,C,20.7,Yes,No,None,Low,1
S3761,Ahmed,Williams,student2761@univ.edu,Male,19,Mathematics,58.47,90.48,94.17,84.47,69.79,76.2,93.39,88.203,A,8.2,Yes,Yes,None,High,4
S3762,John,Khan,student2762@univ.edu,Male,22,CS,89.79,42.12,94.59,99.09,68.71,43.1,73.82,77.7735,B,27.6,No,No,None,High,4
S3763,Lucas,Williams,student2763@univ.edu,Male,23,Engineering,50.06,98.48,93.9,69.26,86.82,17.7,99.35,90.8755,A,8.2,No,No,Bachelor's,Low,5
S3764,Omar,Anderson,student2764@univ.edu,Male,25,CS,64.12,78.89,89.19,85.63,85.32,98.3,77.54,84.268,B,15.4,Yes,Yes,None,High,5
S3765,Emma,Miller,student2765@univ.edu,Female,23,Mathematics,79.2,65.95,81.7,67.98,95.44,49.3,51.47,74.0185,C,14.2,Yes,No,Bachelor's,High,10
S3766,Maria,Brown,student2766@univ.edu,Female,19,Physics,79.77,77.68,41.46,92.71,81.6,10.9,74.59,67.382,C,15.8,Yes,Yes,Bachelor's,Medium,4
S3767,Liam,Smith,student2767@univ.edu,Female,20,Data Science,88.86,47.36,47.94,92.9,65.73,67.0,85.9,62.9305,D,14.9,Yes,Yes,Master's,Low,3
S3768,Omar,Davis,student2768@univ.edu,Female,18,CS,75.3,70.84,48.05,95.11,89.16,73.9,51.3,66.321,C,28.1,No,No,None,Low,6
S3769,Ahmed,Miller,student2769@univ.edu,Female,22,Mathematics,75.47,99.11,41.41,50.27,74.85,50.0,70.67,63.684,D,10.2,No,Yes,PhD,Low,2
S3770,Ali,Brown,student2770@univ.edu,Female,18,Mathematics,86.27,54.12,47.0,64.91,59.67,64.6,57.78,54.628,F,30.4,No,Yes,Bachelor's,High,9
S3771,Maria,Johnson,student2771@univ.edu,Female,19,Business,74.93,83.34,95.18,56.7,87.37,17.3,82.15,83.914,B,30.7,Yes,No,None,High,6
S3772,Omar,Williams,student2772@univ.edu,Male,21,Physics,80.42,66.1,79.83,72.7,56.63,36.8,97.87,75.2405,B,19.7,No,No,PhD,Low,5
S3773,Emma,Miller,student2773@univ.edu,Male,24,Business,94.89,79.15,58.72,74.77,58.91,16.2,81.23,68.6185,C,8.2,No,Yes,High School,High,3
S3774,Liam,Taylor,student2774@univ.edu,Female,22,Physics,70.07,52.29,87.6,62.8,87.94,38.7,84.74,76.44,B,22.3,Yes,No,PhD,Low,4
S3775,Omar,Davis,student2775@univ.edu,Male,19,Data Science,69.26,68.23,69.3,86.17,88.51,56.3,69.83,74.5775,C,29.6,Yes,Yes,Bachelor's,High,6
S3776,Sara,Davis,student2776@univ.edu,Male,25,Business,50.18,98.81,48.53,63.49,89.54,44.3,78.16,71.426,C,13.7,Yes,No,Bachelor's,Low,3
S3777,Liam,Smith,student2777@univ.edu,Male,20,Data Science,80.67,51.72,93.07,92.69,64.67,59.3,77.19,78.101,B,30.1,Yes,No,Bachelor's,Low,10
S3778,Ahmed,Jones,student2778@univ.edu,Male,24,Engineering,51.49,78.19,60.32,58.88,93.33,50.2,87.98,72.7785,C,25.3,Yes,No,Master's,High,7
S3779,Ali,Taylor,student2779@univ.edu,Male,22,Engineering,75.21,74.54,81.93,68.36,86.13,31.8,92.85,80.6845,B,34.6,No,No,PhD,Low,5
S3780,Emma,Davis,student2780@univ.edu,Female,22,Physics,90.21,73.9,57.44,81.11,91.7,14.3,83.14,73.2765,C,29.7,Yes,Yes,None,Low,10
S3781,Fatima,Wilson,student2781@univ.edu,Male,25,Physics,77.5,76.91,70.0,80.27,85.43,25.3,98.99,79.5855,B,11.0,No,No,None,Medium,1
S3782,Lucas,Taylor,student2782@univ.edu,Female,23,Business,63.48,70.13,88.98,53.9,78.98,20.1,91.41,78.8125,B,18.5,No,No,Bachelor's,Low,9
S3783,Sophia,Davis,student2783@univ.edu,Female,21,Engineering,89.31,41.02,49.41,92.31,55.47,70.7,56.23,56.099,D,8.1,Yes,No,PhD,Low,9
S3784,Hassan,Anderson,student2784@univ.edu,Female,22,CS,63.49,94.01,98.64,79.9,85.55,82.0,75.37,89.449,A,7.1,No,Yes,High School,Medium,1
S3785,Zainab,Taylor,student2785@univ.edu,Male,21,CS,86.65,89.62,44.21,93.49,84.52,72.0,95.16,74.373,C,26.2,Yes,No,PhD,Low,4
S3786,Zainab,Brown,student2786@univ.edu,Female,19,CS,80.51,50.45,72.04,93.38,65.62,64.4,97.2,73.734,C,32.4,No,Yes,None,Low,4
S3787,Sophia,Taylor,student2787@univ.edu,Female,20,Engineering,58.5,64.8,94.96,77.3,86.79,30.8,69.01,81.161,B,34.2,No,No,Bachelor's,Medium,10
S3788,Hassan,Khan,student2788@univ.edu,Female,24,CS,95.26,86.23,96.74,95.54,77.52,71.1,86.29,90.0075,A,13.1,No,Yes,PhD,High,8
S3789,Sophia,Smith,student2789@univ.edu,Female,24,Data Science,60.03,98.8,53.93,92.42,77.97,60.5,70.53,74.7735,C,11.1,Yes,Yes,Master's,Low,2
S3790,Maria,Johnson,student2790@univ.edu,Male,20,Mathematics,99.48,97.07,48.64,97.91,68.38,4.7,56.18,69.8085,C,21.8,No,Yes,Bachelor's,High,7
S3791,Ahmed,Johnson,student2791@univ.edu,Female,22,Physics,50.37,93.96,83.46,92.52,55.84,90.8,94.23,84.3915,B,11.0,No,Yes,Master's,Low,8
S3792,Emma,Johnson,student2792@univ.edu,Female,22,Business,63.17,49.5,42.52,91.06,60.85,8.0,96.6,62.0585,D,13.9,No,Yes,Bachelor's,Low,3
S3793,Liam,Brown,student2793@univ.edu,Female,19,Data Science,59.99,94.87,69.11,73.47,88.44,50.3,75.24,78.735,B,30.1,No,Yes,None,High,10
S3794,Maria,Miller,student2794@univ.edu,Female,23,CS,50.7,92.71,87.78,60.6,63.57,51.3,50.92,75.5285,B,29.3,No,No,High School,Medium,3
S3795,Ahmed,Johnson,student2795@univ.edu,Male,23,Mathematics,86.62,62.62,73.62,95.54,50.11,83.7,90.8,73.7585,C,31.9,Yes,No,PhD,Medium,9
S3796,Lucas,Khan,student2796@univ.edu,Female,23,Business,84.67,63.67,51.28,86.13,99.85,91.3,73.85,69.6565,C,19.5,Yes,Yes,PhD,Low,8
S3797,Sara,Williams,student2797@univ.edu,Female,21,Data Science,89.62,67.59,69.22,64.09,60.53,94.0,53.75,64.5005,D,21.9,No,No,Bachelor's,Medium,1
S3798,Zainab,Brown,student2798@univ.edu,Female,23,Business,62.83,79.37,95.28,67.05,82.77,57.0,59.47,80.6155,B,28.1,No,Yes,High School,Low,2
S3799,Emma,Miller,student2799@univ.edu,Female,20,Physics,72.22,55.65,77.03,84.3,96.35,67.9,57.61,73.8295,C,12.2,No,Yes,High School,Low,4
S3800,Sophia,Williams,student2800@univ.edu,Female,24,Engineering,82.96,41.38,83.29,73.89,79.99,8.9,84.31,73.156,C,29.7,No,No,None,High,6
S3801,Omar,Williams,student2801@univ.edu,Female,24,CS,71.99,48.47,60.18,54.07,89.95,48.8,64.97,62.1055,D,5.5,No,Yes,Master's,High,3
S3802,Fatima,Williams,student2802@univ.edu,Male,21,Data Science,84.87,66.41,51.31,57.07,98.82,89.8,56.38,63.081,D,28.9,Yes,No,PhD,Medium,4
S3803,Emma,Wilson,student2803@univ.edu,Female,19,Data Science,81.7,56.92,55.34,87.28,93.02,45.6,95.88,72.18,C,28.3,No,No,Bachelor's,High,4
S3804,David,Smith,student2804@univ.edu,Male,20,Mathematics,55.73,85.87,71.99,66.43,77.9,7.0,97.83,78.6945,B,14.1,Yes,No,High School,Low,10
S3805,Ali,Smith,student2805@univ.edu,Male,24,Mathematics,89.05,46.4,56.81,75.38,68.19,20.1,56.93,59.2385,D,26.8,Yes,Yes,PhD,Medium,7
S3806,Hassan,Brown,student2806@univ.edu,Female,20,Mathematics,86.03,95.05,72.52,88.33,74.12,43.0,61.51,77.986,B,11.4,Yes,Yes,PhD,High,7
S3807,Ahmed,Khan,student2807@univ.edu,Male,24,Business,82.79,93.72,82.47,87.56,92.09,23.8,79.61,86.4975,A,22.3,No,No,PhD,Medium,7
S3808,John,Khan,student2808@univ.edu,Female,18,CS,57.75,94.53,84.06,58.35,92.67,39.2,57.53,79.6095,B,26.0,Yes,Yes,High School,Medium,4
S3809,Lucas,Khan,student2809@univ.edu,Male,19,Business,63.4,84.38,49.88,54.92,92.29,33.3,57.93,65.105,C,26.4,No,No,None,Low,5
S3810,Sara,Williams,student2810@univ.edu,Female,19,CS,69.66,46.42,85.03,79.56,79.86,31.9,66.83,72.982,C,34.5,Yes,No,PhD,Medium,4
S3811,Lucas,Ahmed,student2811@univ.edu,Male,25,Data Science,64.0,66.29,80.36,87.08,73.85,9.1,97.46,80.1425,B,10.5,No,Yes,High School,Low,9
S3812,Emma,Anderson,student2812@univ.edu,Male,18,Business,61.39,47.88,40.72,57.45,65.57,88.3,98.12,56.999,D,19.4,Yes,Yes,High School,Low,4
S3813,Zainab,Taylor,student2813@univ.edu,Female,21,Business,90.27,99.26,43.53,68.6,50.17,69.3,92.09,66.7165,C,31.4,Yes,No,Bachelor's,Medium,1
S3814,Hassan,Miller,student2814@univ.edu,Male,24,Business,81.91,59.98,78.77,93.51,88.22,62.3,84.79,79.5435,B,21.8,No,No,None,High,8
S3815,John,Smith,student2815@univ.edu,Male,25,Engineering,78.27,75.12,63.02,97.21,63.85,60.6,86.03,74.1445,C,31.3,No,Yes,None,High,6
S3816,David,Ahmed,student2816@univ.edu,Male,24,Physics,61.3,86.76,48.77,72.7,66.48,39.7,73.48,66.3205,C,18.0,Yes,No,None,Medium,2
S3817,Liam,Johnson,student2817@univ.edu,Male,24,CS,95.9,95.24,42.66,53.98,92.17,82.3,76.51,67.378,C,28.9,No,Yes,High School,Low,1
S3818,Omar,Brown,student2818@univ.edu,Male,23,CS,59.56,85.33,49.56,62.88,52.61,93.0,81.72,63.9935,D,31.1,Yes,No,High School,Low,10
S3819,John,Miller,student2819@univ.edu,Female,23,Business,89.75,80.47,97.45,61.65,96.38,0.6,86.56,86.89,A,30.4,Yes,No,None,Medium,7
S3820,Ahmed,Brown,student2820@univ.edu,Male,23,Engineering,98.33,67.96,83.65,61.95,50.07,7.9,54.84,67.8985,C,31.1,No,No,High School,Medium,8
S3821,Sophia,Anderson,student2821@univ.edu,Male,23,Business,86.35,76.32,71.66,74.69,96.96,67.5,61.24,75.2785,B,11.6,No,No,None,High,10
S3822,David,Wilson,student2822@univ.edu,Female,23,CS,99.64,45.65,96.49,79.16,72.74,23.6,98.15,80.409,B,18.2,No,No,Bachelor's,Low,9
S3823,Omar,Wilson,student2823@univ.edu,Female,18,Physics,82.55,93.04,77.15,56.13,55.11,91.2,66.76,72.3105,C,10.2,No,No,Master's,Low,4
S3824,Fatima,Williams,student2824@univ.edu,Female,19,Physics,60.87,72.63,83.54,94.47,83.71,66.7,63.42,80.005,B,10.4,Yes,No,Master's,Medium,7
S3825,Sara,Wilson,student2825@univ.edu,Male,21,Data Science,60.19,42.41,56.96,81.0,94.79,36.8,71.1,65.4515,C,19.6,Yes,Yes,Master's,Low,5
S3826,Sophia,Brown,student2826@univ.edu,Male,20,Engineering,66.23,95.19,75.34,79.86,71.9,41.5,64.55,77.8535,B,33.8,Yes,No,Master's,Medium,2
S3827,Emma,Johnson,student2827@univ.edu,Male,23,Physics,50.36,69.36,48.61,99.36,84.57,69.1,54.56,66.659,C,22.8,No,Yes,Bachelor's,Low,3
S3828,John,Williams,student2828@univ.edu,Male,18,Engineering,84.08,92.12,64.27,81.41,98.97,14.1,60.4,77.0355,B,30.6,Yes,No,High School,High,8
S3829,Zainab,Davis,student2829@univ.edu,Female,25,Business,63.43,91.41,41.99,96.45,62.04,88.3,82.01,69.0535,C,33.1,No,No,Bachelor's,Low,10
S3830,Omar,Khan,student2830@univ.edu,Female,25,Data Science,90.76,88.95,53.0,64.31,91.02,0.5,61.16,68.8135,C,7.6,Yes,No,PhD,Medium,5
S3831,Ali,Miller,student2831@univ.edu,Male,24,CS,67.96,43.68,44.49,62.01,64.76,97.9,82.38,55.68,D,9.9,No,No,High School,Medium,3
S3832,Maria,Anderson,student2832@univ.edu,Male,21,Physics,74.0,54.82,63.27,75.83,71.32,16.8,55.0,63.431,D,13.7,Yes,Yes,None,Low,8
S3833,Ali,Williams,student2833@univ.edu,Male,25,Physics,98.28,92.53,90.58,75.43,64.09,74.2,52.09,78.9505,B,23.5,No,Yes,PhD,High,7
S3834,Liam,Brown,student2834@univ.edu,Male,21,Mathematics,62.11,93.94,62.68,61.32,72.3,4.0,93.08,74.731,C,6.9,No,No,PhD,High,7
S3835,Ali,Miller,student2835@univ.edu,Female,21,CS,86.06,67.48,89.9,84.98,50.25,43.1,88.0,78.4455,B,28.6,Yes,Yes,Bachelor's,High,7
S3836,Fatima,Johnson,student2836@univ.edu,Female,18,Physics,87.76,66.4,79.39,51.48,65.17,63.0,83.3,71.059,C,6.9,No,Yes,PhD,Medium,5
S3837,Liam,Jones,student2837@univ.edu,Male,20,Physics,61.05,50.51,70.57,84.53,72.26,7.0,51.54,66.051,C,9.8,No,Yes,Bachelor's,Medium,4
S3838,David,Anderson,student2838@univ.edu,Female,23,CS,75.05,98.1,54.21,72.86,81.61,44.3,61.97,71.0595,C,16.5,Yes,No,PhD,High,6
S3839,Sara,Brown,student2839@univ.edu,Male,21,Data Science,67.51,52.79,95.33,84.45,81.87,30.3,90.62,82.4645,B,21.7,Yes,No,Bachelor's,Low,6
S3840,David,Anderson,student2840@univ.edu,Male,18,Engineering,88.6,51.46,43.25,73.85,79.19,49.8,57.23,56.97,D,31.4,No,Yes,High School,Low,6
S3841,Maria,Smith,student2841@univ.edu,Female,24,CS,81.12,79.64,81.33,98.87,64.65,50.5,90.64,82.5175,B,33.9,Yes,No,PhD,Low,8
S3842,Ahmed,Jones,student2842@univ.edu,Male,19,Engineering,73.8,54.57,77.27,66.73,97.37,78.5,79.21,74.455,C,31.5,Yes,No,Bachelor's,Low,6
S3843,Sara,Miller,student2843@univ.edu,Female,24,Data Science,88.97,96.33,66.46,99.13,69.6,12.4,87.02,80.8895,B,8.2,No,No,Master's,Medium,10
S3844,Ali,Wilson,student2844@univ.edu,Male,18,Data Science,61.76,40.65,54.42,53.25,60.84,8.3,82.23,56.625,D,23.9,Yes,Yes,Master's,High,4
S3845,Zainab,Brown,student2845@univ.edu,Female,18,Business,87.68,40.35,65.84,84.19,77.73,40.2,70.85,66.0295,C,18.3,Yes,Yes,PhD,High,10
S3846,Lucas,Anderson,student2846@univ.edu,Male,18,Mathematics,93.27,70.29,92.37,72.71,87.45,88.8,64.6,80.1015,B,8.8,Yes,Yes,Bachelor's,Low,10
S3847,Ahmed,Miller,student2847@univ.edu,Female,21,Data Science,93.93,69.28,90.21,91.11,50.61,85.5,83.64,79.2335,B,21.7,Yes,No,High School,High,4
S3848,Sara,Wilson,student2848@univ.edu,Male,18,Data Science,89.18,49.8,96.48,89.48,63.82,56.0,90.35,80.2755,B,15.7,No,No,PhD,Medium,5
S3849,Sara,Johnson,student2849@univ.edu,Male,19,Engineering,70.4,69.67,58.47,90.01,91.25,88.9,52.24,69.4235,C,15.4,Yes,No,High School,Low,7
S3850,Maria,Johnson,student2850@univ.edu,Female,21,Data Science,99.09,64.7,63.23,54.74,75.35,80.5,69.0,64.934,D,7.8,No,No,Bachelor's,High,1
S3851,Emma,Anderson,student2851@univ.edu,Male,24,CS,68.98,93.42,41.12,91.12,70.42,27.8,67.54,67.438,C,34.4,Yes,No,Master's,Medium,1
S3852,Ali,Williams,student2852@univ.edu,Female,19,Business,81.93,40.56,96.58,60.7,96.55,17.0,77.97,77.198,B,26.8,Yes,No,Bachelor's,High,5
S3853,Maria,Smith,student2853@univ.edu,Female,25,Business,58.05,98.58,59.76,51.28,54.48,30.1,55.7,64.851,D,13.4,No,No,High School,Medium,5
S3854,Sara,Williams,student2854@univ.edu,Male,22,CS,99.02,77.46,64.25,60.89,80.78,22.7,96.67,73.7305,C,32.5,Yes,No,Master's,High,1
S3855,Omar,Smith,student2855@univ.edu,Male,24,Physics,85.2,49.11,94.47,73.96,67.11,62.3,77.43,75.6615,B,33.4,Yes,Yes,PhD,High,7
S3856,Ahmed,Brown,student2856@univ.edu,Male,18,Data Science,87.67,42.81,71.6,87.11,53.54,58.5,96.19,69.148,C,29.3,No,Yes,Master's,Medium,7
S3857,Maria,Khan,student2857@univ.edu,Male,23,Mathematics,53.29,72.29,73.97,60.93,60.69,59.8,90.85,72.218,C,24.8,Yes,No,PhD,High,4
S3858,Emma,Davis,student2858@univ.edu,Female,23,Data Science,88.17,54.09,50.57,55.65,81.4,18.9,59.58,58.012,D,16.3,Yes,No,PhD,Low,2
S3859,Hassan,Anderson,student2859@univ.edu,Male,21,Business,88.74,58.07,69.92,82.3,51.41,79.2,56.62,64.6355,D,18.0,No,No,Master's,High,2
S3860,John,Taylor,student2860@univ.edu,Male,23,Mathematics,83.59,54.71,95.09,99.19,79.61,43.4,93.06,85.0025,A,18.7,Yes,No,Master's,High,4
S3861,David,Khan,student2861@univ.edu,Male,24,Physics,64.6,79.01,73.52,80.04,97.84,47.2,76.81,79.7375,B,33.5,Yes,No,High School,Medium,2
S3862,Sara,Ahmed,student2862@univ.edu,Female,21,Engineering,74.48,73.21,55.31,84.55,89.75,99.7,50.99,67.794,C,27.8,Yes,Yes,Master's,Low,1
S3863,Ali,Anderson,student2863@univ.edu,Male,24,Engineering,55.52,44.68,41.87,78.06,67.28,28.2,96.71,59.898,D,13.8,No,Yes,None,High,1
S3864,Lucas,Jones,student2864@univ.edu,Female,18,Data Science,73.58,71.59,60.18,89.12,56.91,39.4,73.65,68.333,C,23.7,Yes,Yes,Master's,High,8
S3865,John,Wilson,student2865@univ.edu,Male,20,Data Science,62.19,87.47,74.36,98.79,73.25,67.6,65.05,79.0835,B,22.8,No,No,High School,High,2
S3866,Liam,Jones,student2866@univ.edu,Female,20,Mathematics,67.45,44.87,42.56,77.21,69.65,88.0,75.83,57.2735,D,29.4,No,No,None,High,9
S3867,Zainab,Johnson,student2867@univ.edu,Male,19,Mathematics,58.13,93.38,76.59,70.84,98.59,12.7,91.15,84.5695,B,7.9,No,No,None,Medium,2
S3868,Zainab,Smith,student2868@univ.edu,Male,18,Physics,61.5,74.7,71.4,93.02,99.49,73.5,55.51,77.133,B,26.0,No,No,Bachelor's,High,4
S3869,Sophia,Wilson,student2869@univ.edu,Female,23,Data Science,53.83,97.04,87.01,98.49,70.53,91.8,67.95,85.407,A,14.9,No,No,None,Medium,7
S3870,Emma,Khan,student2870@univ.edu,Male,18,Business,96.0,48.89,41.73,56.46,57.44,42.3,65.94,51.3595,F,8.9,Yes,Yes,PhD,Low,7
S3871,Lucas,Johnson,student2871@univ.edu,Male,22,Engineering,76.52,99.61,86.85,78.91,95.53,28.7,91.98,90.2825,A,27.0,No,No,High School,Medium,10
S3872,Hassan,Wilson,student2872@univ.edu,Male,20,Physics,69.84,78.66,71.25,89.62,89.68,67.8,88.92,80.9025,B,14.9,No,Yes,Bachelor's,Low,8
S3873,Hassan,Williams,student2873@univ.edu,Female,23,Mathematics,76.75,74.05,62.23,76.67,75.56,24.6,70.01,69.9265,C,26.9,Yes,No,Master's,Low,3
S3874,Sophia,Johnson,student2874@univ.edu,Male,24,Business,81.41,70.92,97.92,70.46,68.27,38.4,83.22,81.7485,B,9.9,Yes,Yes,None,Low,1
S3875,Emma,Williams,student2875@univ.edu,Female,24,Data Science,96.09,41.42,49.61,82.76,72.41,89.7,69.72,59.381,D,34.6,No,Yes,Bachelor's,High,4
S3876,Ali,Williams,student2876@univ.edu,Female,20,CS,58.93,96.38,72.48,63.51,95.09,59.0,78.57,80.2195,B,29.1,No,No,PhD,Medium,3
S3877,Omar,Wilson,student2877@univ.edu,Female,18,Mathematics,64.78,78.64,59.26,67.46,59.23,9.5,99.56,70.4065,C,13.7,No,Yes,Bachelor's,Low,4
S3878,Ali,Miller,student2878@univ.edu,Male,23,Physics,98.79,45.5,71.65,99.61,90.34,33.0,76.78,74.187,C,27.2,Yes,No,PhD,Medium,6
S3879,David,Jones,student2879@univ.edu,Female,19,CS,68.56,41.26,73.14,81.82,50.91,62.7,99.43,68.675,C,9.1,Yes,Yes,Bachelor's,Low,1
S3880,John,Johnson,student2880@univ.edu,Female,24,Business,51.13,43.05,45.37,93.65,96.03,48.1,87.36,66.0455,C,24.6,No,Yes,Bachelor's,Low,1
S3881,Ahmed,Taylor,student2881@univ.edu,Male,18,Engineering,57.38,76.56,79.67,90.39,75.01,66.0,56.04,76.4125,B,6.8,No,No,Master's,Low,2
S3882,Hassan,Miller,student2882@univ.edu,Female,19,Business,51.32,76.84,78.07,82.61,61.34,76.1,89.8,77.755,B,15.0,Yes,Yes,Master's,High,10
S3883,Zainab,Ahmed,student2883@univ.edu,Female,25,Engineering,99.5,69.98,86.17,92.04,50.14,48.1,58.06,74.1915,C,34.4,No,Yes,Master's,Medium,10
S3884,Emma,Jones,student2884@univ.edu,Male,23,Business,63.94,58.41,45.44,64.36,77.98,98.7,76.62,60.43,D,8.6,Yes,Yes,Bachelor's,High,3
S3885,Ali,Johnson,student2885@univ.edu,Male,20,Mathematics,96.18,71.9,57.84,81.86,62.22,91.5,80.66,68.335,C,22.9,No,Yes,None,Medium,5
S3886,Ahmed,Khan,student2886@univ.edu,Female,25,Mathematics,99.79,70.98,79.01,79.53,81.56,6.0,94.61,80.2045,B,7.1,No,No,Bachelor's,Low,9
S3887,David,Smith,student2887@univ.edu,Male,22,Physics,79.99,41.16,48.2,81.12,64.06,26.6,60.52,55.957,D,25.1,No,No,Master's,Medium,6
S3888,Sara,Jones,student2888@univ.edu,Male,25,CS,51.66,56.95,80.66,58.43,54.4,30.1,93.8,70.6155,C,13.4,Yes,Yes,Bachelor's,Medium,5
S3889,Liam,Taylor,student2889@univ.edu,Male,21,Business,54.08,43.19,43.54,63.86,75.25,18.4,96.72,59.2515,D,14.3,Yes,No,None,Medium,8
S3890,John,Anderson,student2890@univ.edu,Female,20,Business,74.08,94.01,60.1,64.33,78.22,31.2,54.47,69.39,C,15.1,No,No,PhD,High,1
S3891,David,Brown,student2891@univ.edu,Female,19,CS,70.31,83.51,90.8,80.1,72.63,42.5,94.26,85.5305,A,11.2,No,No,High School,Low,7
S3892,David,Williams,student2892@univ.edu,Male,18,Data Science,80.31,99.77,86.46,98.63,72.9,5.2,62.96,85.3885,A,33.2,Yes,No,Master's,Medium,8
S3893,Ali,Brown,student2893@univ.edu,Female,25,Physics,71.94,58.13,78.69,97.7,79.48,12.7,54.05,73.852,C,32.2,No,No,Bachelor's,Medium,9
S3894,Omar,Miller,student2894@univ.edu,Male,24,Business,96.7,92.71,92.23,61.36,76.32,9.6,97.93,86.164,A,31.1,No,Yes,None,Medium,9
S3895,Sophia,Anderson,student2895@univ.edu,Male,23,Physics,76.74,76.18,82.56,65.24,56.63,4.6,69.61,72.854,C,8.2,Yes,No,Master's,Low,8
S3896,Hassan,Williams,student2896@univ.edu,Male,25,Business,84.69,67.19,71.16,51.8,59.85,48.1,81.15,67.264,C,12.0,No,Yes,Master's,Medium,10
S3897,Liam,Johnson,student2897@univ.edu,Male,20,Business,94.82,53.35,98.78,69.94,57.09,33.4,77.64,75.9435,B,23.4,No,Yes,PhD,Medium,3
S3898,John,Miller,student2898@univ.edu,Male,24,Data Science,57.34,84.3,81.69,91.73,84.66,93.5,60.66,81.009,B,34.1,Yes,Yes,High School,Low,6
S3899,Sara,Taylor,student2899@univ.edu,Female,24,Mathematics,61.49,94.25,76.08,95.79,76.43,10.3,83.48,83.833,B,23.1,Yes,No,Bachelor's,High,5
S3900,Sara,Wilson,student2900@univ.edu,Female,22,Physics,55.37,54.12,64.53,61.82,71.49,92.6,52.31,61.2525,D,14.8,No,No,Bachelor's,Medium,3
S3901,Maria,Johnson,student2901@univ.edu,Female,23,CS,56.98,50.52,94.14,63.29,89.92,8.7,60.15,75.057,B,29.5,Yes,Yes,Master's,Medium,2
S3902,David,Jones,student2902@univ.edu,Female,25,Physics,75.63,81.77,57.74,61.04,66.29,61.9,97.23,70.247,C,9.1,Yes,Yes,None,Low,2
S3903,Emma,Wilson,student2903@univ.edu,Male,19,Data Science,66.06,98.62,40.55,67.51,78.41,24.8,97.68,70.4565,C,31.5,Yes,Yes,Master's,Medium,10
S3904,Omar,Miller,student2904@univ.edu,Male,23,Engineering,71.16,85.0,51.8,90.24,53.72,82.7,74.13,67.8435,C,34.2,Yes,Yes,PhD,Low,10
S3905,Liam,Jones,student2905@univ.edu,Female,25,Engineering,99.12,57.07,46.57,82.34,87.22,6.1,58.45,61.915,D,34.0,Yes,Yes,High School,High,10
S3906,Ali,Taylor,student2906@univ.edu,Female,23,Data Science,57.84,65.2,59.14,89.3,84.76,95.3,71.08,70.51,C,9.4,No,No,PhD,Low,4
S3907,Sara,Ahmed,student2907@univ.edu,Male,18,Data Science,77.04,63.06,89.55,79.15,90.12,4.7,93.85,83.4225,B,21.5,No,No,None,Medium,9
S3908,John,Brown,student2908@univ.edu,Male,21,Mathematics,54.94,91.13,79.09,62.89,94.22,24.1,53.51,77.5005,B,22.5,Yes,Yes,Bachelor's,Low,2
S3909,Maria,Jones,student2909@univ.edu,Male,25,Physics,65.92,86.28,50.14,61.4,87.9,46.4,56.39,65.6585,C,10.8,Yes,No,None,Low,5
S3910,Zainab,Brown,student2910@univ.edu,Female,24,Physics,76.38,75.34,87.33,50.45,92.22,75.6,94.78,81.251,B,21.4,No,Yes,PhD,Low,8
S3911,Hassan,Williams,student2911@univ.edu,Male,19,Engineering,97.33,56.5,70.25,89.05,67.28,95.1,70.77,69.9525,C,24.4,No,Yes,Bachelor's,Low,10
S3912,John,Smith,student2912@univ.edu,Male,25,CS,69.56,96.28,70.76,92.36,67.17,42.8,54.17,76.077,B,14.9,No,No,High School,High,2
S3913,Omar,Davis,student2913@univ.edu,Female,25,Physics,53.25,79.2,61.73,88.41,97.22,75.7,56.96,73.834,C,14.5,Yes,No,Master's,Low,7
S3914,Emma,Johnson,student2914@univ.edu,Female,18,Business,69.41,98.23,91.88,53.72,95.73,72.7,94.12,88.3395,A,6.8,No,No,High School,Low,6
S3915,Maria,Davis,student2915@univ.edu,Female,24,Business,57.29,74.81,59.1,88.11,77.42,57.1,74.51,71.653,C,33.7,No,Yes,Master's,Medium,1
S3916,Zainab,Williams,student2916@univ.edu,Male,21,Mathematics,61.5,89.27,45.65,52.29,68.33,69.1,58.15,60.647,D,29.1,Yes,No,High School,Medium,7
S3917,Maria,Jones,student2917@univ.edu,Male,18,Mathematics,80.9,88.79,58.16,55.28,93.3,3.8,94.7,74.606,C,27.8,Yes,No,Bachelor's,Low,10
S3918,Sophia,Williams,student2918@univ.edu,Female,21,Engineering,53.37,60.24,82.92,72.02,66.17,44.2,92.26,75.6375,B,5.7,No,Yes,Bachelor's,Low,9
S3919,Liam,Khan,student2919@univ.edu,Male,21,CS,73.24,97.84,79.45,73.81,57.68,78.6,51.15,74.7715,C,23.7,Yes,No,Bachelor's,High,1
S3920,Maria,Davis,student2920@univ.edu,Male,21,CS,80.47,41.32,51.28,90.81,81.97,47.4,79.05,63.9865,D,10.4,Yes,Yes,Master's,Medium,2
S3921,Fatima,Davis,student2921@univ.edu,Male,18,Data Science,71.09,86.12,46.71,83.98,52.13,87.4,62.22,63.322,D,24.9,Yes,Yes,Bachelor's,High,7
S3922,Sophia,Ahmed,student2922@univ.edu,Female,23,Mathematics,50.96,97.93,79.65,57.67,68.96,83.4,76.66,77.957,B,23.6,No,Yes,None,Low,1
S3923,Sophia,Khan,student2923@univ.edu,Female,25,Physics,99.28,60.33,80.58,61.31,90.38,86.3,63.96,72.6165,C,30.6,No,No,Master's,High,2
S3924,Omar,Johnson,student2924@univ.edu,Male,21,Business,68.36,78.89,61.97,64.28,64.76,13.0,65.79,66.692,C,12.7,No,Yes,Bachelor's,High,3
S3925,Fatima,Wilson,student2925@univ.edu,Male,23,Physics,88.93,73.73,90.57,56.18,96.57,24.4,80.09,81.3715,B,5.8,No,Yes,Bachelor's,Medium,2
S3926,Ahmed,Anderson,student2926@univ.edu,Male,25,Business,66.28,85.69,98.69,64.38,97.79,3.0,76.94,87.546,A,32.4,No,Yes,High School,Medium,2
S3927,John,Ahmed,student2927@univ.edu,Male,24,Engineering,73.75,91.97,52.34,86.43,90.79,98.3,69.76,73.76,C,32.3,No,No,None,Medium,2
S3928,Hassan,Williams,student2928@univ.edu,Female,25,Business,69.42,76.18,74.62,62.07,99.38,23.6,55.38,73.8775,C,18.7,Yes,No,None,Medium,7
S3929,Emma,Smith,student2929@univ.edu,Female,24,Physics,67.13,88.95,40.32,91.77,76.54,36.7,98.47,71.919,C,7.3,No,Yes,Master's,Low,10
S3930,Lucas,Anderson,student2930@univ.edu,Male,19,Physics,51.09,58.74,82.78,73.48,78.46,27.5,58.73,72.3215,C,19.9,No,Yes,None,Medium,4
S3931,John,Khan,student2931@univ.edu,Male,22,CS,68.0,53.72,64.86,66.15,91.81,4.0,81.66,69.388,C,20.7,No,No,Bachelor's,Low,4
S3932,Maria,Williams,student2932@univ.edu,Female,23,CS,94.47,65.84,51.6,70.62,74.64,26.1,54.14,61.138,D,29.7,Yes,Yes,Master's,Medium,8
S3933,Emma,Taylor,student2933@univ.edu,Male,25,Mathematics,84.52,80.66,85.13,85.47,70.34,9.8,84.42,81.962,B,26.5,Yes,Yes,PhD,Low,5
S3934,Sara,Khan,student2934@univ.edu,Female,24,Physics,57.27,51.23,88.64,75.84,80.74,39.4,54.74,72.968,C,7.1,No,No,High School,High,1
S3935,Ahmed,Miller,student2935@univ.edu,Male,22,Engineering,79.56,80.82,46.67,50.36,82.88,96.7,61.48,61.7065,D,26.2,Yes,No,High School,Medium,2
S3936,Sara,Miller,student2936@univ.edu,Female,21,Business,94.61,63.65,42.46,96.12,87.54,69.8,82.35,67.4925,C,9.1,Yes,Yes,PhD,Medium,10
S3937,Fatima,Ahmed,student2937@univ.edu,Male,22,Mathematics,85.0,87.73,60.04,53.3,83.41,70.7,64.15,68.689,C,7.7,No,Yes,Master's,High,3
S3938,Sara,Davis,student2938@univ.edu,Male,22,Data Science,57.43,42.21,77.56,96.93,87.29,45.3,76.64,74.717,C,17.0,Yes,Yes,PhD,Medium,4
S3939,Ali,Miller,student2939@univ.edu,Female,21,Data Science,93.39,80.08,87.61,51.41,83.73,81.1,56.23,75.385,B,7.3,Yes,Yes,None,Low,9
S3940,Liam,Ahmed,student2940@univ.edu,Female,23,Business,65.08,78.99,72.76,88.55,74.02,90.8,60.12,74.6675,C,29.9,No,Yes,Bachelor's,High,10
S3941,John,Brown,student2941@univ.edu,Male,25,Business,72.7,96.46,74.84,76.73,56.75,96.2,86.69,78.5115,B,18.9,Yes,Yes,PhD,Medium,10
S3942,Lucas,Smith,student2942@univ.edu,Male,21,Business,76.31,82.8,87.99,75.29,89.27,9.9,51.76,79.8045,B,22.6,Yes,No,PhD,Medium,5
S3943,Ali,Miller,student2943@univ.edu,Female,19,CS,92.53,87.78,71.73,53.64,51.54,88.0,55.59,66.777,C,22.3,No,Yes,None,Low,6
S3944,Omar,Jones,student2944@univ.edu,Female,20,Business,96.58,94.28,76.67,61.94,99.63,22.5,60.75,79.0385,B,34.3,No,Yes,Master's,Medium,3
S3945,Lucas,Brown,student2945@univ.edu,Male,25,Data Science,96.48,80.5,70.97,88.88,91.42,39.7,51.01,75.636,B,32.5,Yes,No,Bachelor's,Low,2
S3946,Sara,Anderson,student2946@univ.edu,Male,18,Business,50.4,57.41,92.83,94.56,83.55,34.5,54.77,78.9045,B,30.5,Yes,No,Bachelor's,Medium,2
S3947,Maria,Brown,student2947@univ.edu,Female,21,Physics,96.09,92.19,54.13,76.46,98.33,67.5,64.07,73.2125,C,16.5,No,Yes,High School,High,6
S3948,Zainab,Williams,student2948@univ.edu,Female,21,Engineering,52.72,84.85,55.84,67.67,80.62,59.8,54.65,66.955,C,9.4,Yes,Yes,Bachelor's,Low,6
S3949,Ahmed,Davis,student2949@univ.edu,Female,22,Data Science,63.29,65.47,47.68,53.0,52.82,10.9,93.31,59.6515,D,22.8,Yes,No,Bachelor's,Low,7
S3950,Hassan,Ahmed,student2950@univ.edu,Female,19,Engineering,75.75,82.63,89.17,84.11,77.97,78.3,53.3,80.0425,B,18.2,Yes,Yes,Bachelor's,Medium,9
S3951,David,Johnson,student2951@univ.edu,Female,24,Data Science,74.0,92.06,64.71,63.92,63.86,44.0,93.05,74.185,C,11.8,Yes,No,Bachelor's,Low,3
S3952,Lucas,Johnson,student2952@univ.edu,Male,24,Mathematics,80.24,98.54,60.87,52.75,68.47,0.2,91.14,72.8665,C,7.9,No,Yes,None,Low,7
S3953,Hassan,Taylor,student2953@univ.edu,Male,22,Physics,73.97,97.14,98.88,83.29,72.98,41.5,55.04,85.7325,A,18.1,No,No,High School,High,7
S3954,Hassan,Smith,student2954@univ.edu,Female,23,Data Science,96.72,59.52,95.61,74.29,88.73,51.6,51.26,77.5095,B,24.5,No,No,PhD,Low,8
S3955,Sara,Williams,student2955@univ.edu,Male,25,Physics,62.03,65.3,98.32,50.6,75.15,6.9,52.5,74.2095,C,23.8,Yes,No,High School,High,5
S3956,Ahmed,Johnson,student2956@univ.edu,Male,21,Data Science,63.7,46.57,48.54,55.55,73.73,15.1,79.52,57.623,D,28.2,Yes,Yes,Master's,Low,3
S3957,Emma,Davis,student2957@univ.edu,Female,25,Engineering,96.04,54.85,93.48,84.96,65.1,99.4,83.52,78.725,B,19.0,No,No,PhD,High,2
S3958,John,Anderson,student2958@univ.edu,Male,25,Engineering,53.84,92.95,59.72,53.18,76.99,87.1,81.03,71.172,C,14.6,Yes,Yes,High School,High,4
S3959,Hassan,Johnson,student2959@univ.edu,Male,21,Data Science,80.48,61.65,40.76,93.3,62.42,13.3,77.07,61.5145,D,21.2,No,Yes,High School,High,8
S3960,Sophia,Jones,student2960@univ.edu,Male,22,Data Science,84.09,77.23,63.48,65.57,63.05,58.0,58.73,65.7665,C,34.3,No,No,High School,High,5
S3961,Liam,Brown,student2961@univ.edu,Female,25,CS,75.28,79.96,70.55,54.43,87.86,37.9,92.05,75.8355,B,6.4,Yes,Yes,High School,High,1
S3962,Ahmed,Johnson,student2962@univ.edu,Female,21,Physics,84.71,86.91,46.49,87.99,67.13,54.4,66.38,66.8785,C,20.9,Yes,No,High School,Medium,3
S3963,Maria,Williams,student2963@univ.edu,Male,23,Physics,58.64,50.97,72.26,76.22,52.57,47.1,99.31,69.7,C,14.9,No,No,High School,Low,5
S3964,Fatima,Miller,student2964@univ.edu,Male,25,Physics,92.63,58.29,89.17,65.33,67.18,4.8,69.24,73.13,C,8.2,Yes,No,None,Medium,6
S3965,Maria,Miller,student2965@univ.edu,Male,20,Physics,57.0,66.9,62.66,70.3,81.93,31.5,63.15,67.618,C,18.0,No,No,None,Low,2
S3966,Ahmed,Anderson,student2966@univ.edu,Male,18,Mathematics,70.04,61.89,61.16,51.07,90.7,12.6,94.71,69.256,C,24.2,Yes,Yes,PhD,Low,8
S3967,Maria,Miller,student2967@univ.edu,Male,18,Mathematics,53.76,98.97,60.33,83.13,98.1,48.9,78.37,79.8495,B,20.8,No,Yes,Bachelor's,High,7
S3968,Hassan,Ahmed,student2968@univ.edu,Male,18,Business,77.26,90.1,95.39,68.29,87.31,90.7,86.09,87.66,A,5.9,Yes,Yes,High School,Low,7
S3969,John,Khan,student2969@univ.edu,Female,20,Data Science,83.49,68.78,42.93,85.7,71.44,99.6,70.42,62.9155,D,22.4,Yes,No,Bachelor's,Medium,7
S3970,Maria,Anderson,student2970@univ.edu,Male,21,Data Science,97.06,92.76,66.7,81.41,64.96,94.4,94.35,78.005,B,12.0,Yes,Yes,None,Low,5
S3971,Lucas,Williams,student2971@univ.edu,Male,22,Data Science,86.97,60.86,55.88,82.56,56.48,98.6,95.89,66.9695,C,15.2,No,Yes,Master's,Low,2
S3972,Sophia,Smith,student2972@univ.edu,Female,24,Data Science,77.06,87.15,93.63,89.64,81.38,1.5,71.84,86.6295,A,14.4,No,No,High School,Medium,8
S3973,Maria,Miller,student2973@univ.edu,Male,19,Physics,96.63,53.42,45.76,81.56,75.49,72.9,62.04,59.5635,D,30.8,Yes,No,PhD,Medium,3
S3974,Sophia,Khan,student2974@univ.edu,Male,21,Physics,73.92,86.34,64.69,70.94,83.89,27.3,82.38,75.491,B,6.4,Yes,No,Bachelor's,Medium,3
S3975,Zainab,Taylor,student2975@univ.edu,Male,20,Mathematics,78.06,67.39,64.41,69.5,61.86,86.6,97.73,70.385,C,15.4,Yes,Yes,PhD,High,2
S3976,Sara,Davis,student2976@univ.edu,Male,25,Engineering,79.8,46.45,93.3,55.98,66.18,81.4,81.12,72.437,C,16.8,Yes,No,High School,High,2
S3977,Omar,Brown,student2977@univ.edu,Female,23,CS,70.5,56.4,52.93,88.97,64.6,42.4,97.71,67.4975,C,23.6,No,Yes,Bachelor's,Low,2
S3978,John,Miller,student2978@univ.edu,Male,20,Physics,91.92,64.14,78.69,88.06,89.88,47.3,67.19,77.139,B,28.7,Yes,No,Bachelor's,Low,6
S3979,Hassan,Anderson,student2979@univ.edu,Female,25,Physics,59.26,84.96,48.06,62.31,58.56,26.5,95.75,66.306,C,26.8,Yes,No,High School,High,8
S3980,Omar,Williams,student2980@univ.edu,Male,24,Physics,77.74,44.38,97.24,93.13,80.42,28.9,55.63,77.287,B,27.6,No,Yes,Master's,Medium,3
S3981,Hassan,Miller,student2981@univ.edu,Male,18,Engineering,86.11,79.57,75.58,79.45,52.57,98.1,67.94,72.361,C,10.8,Yes,Yes,High School,Medium,6
S3982,Sara,Johnson,student2982@univ.edu,Female,21,Engineering,95.2,82.96,77.58,73.93,77.48,88.9,74.72,77.6645,B,32.4,Yes,Yes,PhD,Medium,3
S3983,Hassan,Miller,student2983@univ.edu,Male,24,Mathematics,94.2,79.24,66.03,50.87,53.2,19.2,82.66,66.968,C,17.4,Yes,No,None,High,9
S3984,Zainab,Anderson,student2984@univ.edu,Female,18,Physics,75.44,85.64,60.54,69.14,58.79,27.6,64.71,67.213,C,5.3,No,Yes,None,Medium,1
S3985,John,Jones,student2985@univ.edu,Female,19,CS,82.16,50.69,52.76,82.03,55.65,10.9,96.21,63.6875,D,25.0,Yes,Yes,None,Low,7
S3986,Ahmed,Jones,student2986@univ.edu,Female,25,Data Science,69.71,75.23,76.24,54.49,67.34,98.9,95.17,74.28,C,23.1,Yes,No,Bachelor's,High,8
S3987,Ahmed,Miller,student2987@univ.edu,Male,25,Physics,73.41,96.47,97.27,72.98,67.19,90.7,89.97,87.8595,A,8.8,No,Yes,Bachelor's,Medium,9
S3988,Sophia,Brown,student2988@univ.edu,Male,23,Mathematics,95.31,76.65,61.59,99.67,91.32,55.2,55.72,73.893,C,33.8,No,No,High School,Low,5
S3989,Sara,Williams,student2989@univ.edu,Male,18,Mathematics,96.54,76.68,92.99,85.83,61.28,69.3,53.91,78.0355,B,21.8,Yes,No,Bachelor's,Low,6
S3990,Sophia,Taylor,student2990@univ.edu,Male,19,CS,94.77,84.19,48.93,77.34,54.32,74.8,74.91,64.949,D,19.1,No,No,PhD,Medium,5
S3991,Zainab,Taylor,student2991@univ.edu,Female,25,Business,56.92,59.99,96.17,76.65,80.18,20.4,88.27,82.4225,B,16.9,No,Yes,High School,High,10
S3992,Liam,Miller,student2992@univ.edu,Male,20,Mathematics,92.5,82.03,61.03,52.19,84.37,93.5,56.16,66.6745,C,11.3,No,Yes,PhD,High,5
S3993,Maria,Miller,student2993@univ.edu,Male,18,Engineering,97.42,94.97,62.78,97.87,64.74,52.7,82.07,77.669,B,33.6,Yes,No,None,Medium,7
S3994,David,Jones,student2994@univ.edu,Female,18,Engineering,68.06,40.65,67.77,96.41,80.14,9.2,76.39,69.7905,C,26.1,Yes,Yes,PhD,High,4
S3995,Liam,Anderson,student2995@univ.edu,Female,22,Data Science,75.93,92.21,83.09,84.12,88.8,39.7,86.3,86.4065,A,22.0,No,No,None,Low,6
S3996,Maria,Brown,student2996@univ.edu,Male,23,Mathematics,88.95,53.12,83.18,54.95,67.38,60.2,71.77,68.852,C,23.9,No,No,Bachelor's,Medium,4
S3997,John,Khan,student2997@univ.edu,Female,23,Data Science,78.1,67.36,68.78,60.39,76.27,35.3,84.66,70.743,C,30.2,Yes,No,High School,High,2
S3998,Sophia,Miller,student2998@univ.edu,Female,24,Mathematics,99.67,91.14,71.39,59.2,57.33,69.9,57.98,69.391,C,24.1,Yes,No,Master's,High,2
S3999,John,Taylor,student2999@univ.edu,Female,20,CS,72.79,89.43,41.8,75.98,51.18,88.2,60.73,60.6995,D,8.4,Yes,Yes,PhD,High,4
S4000,Zainab,Williams,student3000@univ.edu,Female,22,Physics,85.7,93.52,58.26,60.39,99.07,77.2,95.17,77.2895,B,25.9,Yes,No,High School,Medium,5
S4001,Ali,Smith,student3001@univ.edu,Female,24,Mathematics,89.63,96.43,60.76,84.79,64.99,64.3,66.47,72.9895,C,21.9,No,Yes,Master's,Medium,1
S4002,Ali,Johnson,student3002@univ.edu,Male,19,Business,74.71,66.83,73.52,77.26,63.95,51.2,99.28,75.1715,B,34.0,No,No,High School,Low,3
S4003,Ali,Miller,student3003@univ.edu,Male,24,Engineering,92.85,79.38,73.5,50.88,98.66,25.4,52.31,71.8785,C,27.0,Yes,No,Master's,Medium,5
S4004,Zainab,Anderson,student3004@univ.edu,Male,19,CS,77.31,63.43,82.59,87.2,86.41,45.5,74.79,78.8525,B,15.3,Yes,No,High School,Medium,8
S4005,Hassan,Miller,student3005@univ.edu,Male,20,Physics,70.58,61.04,83.02,59.44,79.26,29.3,66.25,72.0075,C,9.1,No,No,None,High,4
S4006,John,Anderson,student3006@univ.edu,Male,25,Physics,55.39,65.9,54.11,91.24,84.97,93.4,99.8,73.52,C,19.5,Yes,No,Master's,High,6
S4007,Maria,Brown,student3007@univ.edu,Male,23,Engineering,69.67,84.58,86.21,67.75,85.5,90.7,99.5,85.002,A,25.4,No,No,High School,Medium,4
S4008,Zainab,Smith,student3008@univ.edu,Male,25,Physics,86.7,70.09,41.18,66.93,88.17,15.6,61.76,60.96,D,10.3,Yes,Yes,Master's,High,5
S4009,Ali,Davis,student3009@univ.edu,Female,19,Data Science,96.06,88.84,82.97,50.59,53.36,82.3,63.36,71.904,C,24.5,Yes,Yes,None,High,7
S4010,Sara,Ahmed,student3010@univ.edu,Male,20,CS,62.58,84.71,46.12,99.39,70.64,70.3,87.48,71.7105,C,29.8,Yes,Yes,Master's,Medium,8
S4011,Zainab,Williams,student3011@univ.edu,Male,25,Business,67.76,41.23,83.78,80.6,64.76,97.5,94.48,73.545,C,9.7,No,Yes,Master's,Medium,10
S4012,Fatima,Williams,student3012@univ.edu,Male,24,Engineering,57.7,77.81,71.63,71.14,53.53,46.3,83.18,71.81,C,26.2,No,Yes,High School,High,10
S4013,Hassan,Anderson,student3013@univ.edu,Female,19,Mathematics,84.54,66.19,66.24,54.83,70.63,72.2,93.24,69.227,C,7.0,No,No,PhD,Low,8
S4014,Maria,Jones,student3014@univ.edu,Male,21,Mathematics,98.01,67.4,81.44,84.96,80.81,51.8,53.16,74.8235,C,5.2,No,Yes,None,Low,7
S4015,Ali,Anderson,student3015@univ.edu,Male,18,Mathematics,82.05,89.1,42.18,64.14,58.92,6.9,82.03,63.3465,D,6.0,Yes,Yes,High School,Medium,4
S4016,Emma,Jones,student3016@univ.edu,Female,24,CS,80.85,72.86,53.41,99.41,65.25,4.7,85.01,70.716,C,23.9,Yes,No,Bachelor's,Low,4
S4017,Ahmed,Ahmed,student3017@univ.edu,Male,23,Business,77.67,93.14,76.99,97.53,81.96,12.2,59.52,81.426,B,34.2,No,No,Master's,High,2
S4018,Ahmed,Wilson,student3018@univ.edu,Male,25,Physics,54.42,82.77,90.83,86.76,78.97,29.6,88.9,86.539,A,28.1,No,No,Bachelor's,High,9
S4019,Liam,Taylor,student3019@univ.edu,Female,24,Business,86.48,73.17,62.87,98.55,93.44,25.9,97.21,80.0185,B,12.6,No,No,High School,Medium,6
S4020,Ahmed,Khan,student3020@univ.edu,Male,21,Business,80.1,85.27,55.53,55.28,89.56,72.8,94.9,72.4505,C,7.2,Yes,Yes,PhD,Low,3
S4021,Maria,Ahmed,student3021@univ.edu,Female,20,Engineering,83.07,42.3,71.12,64.0,98.28,71.6,62.25,67.0315,C,23.5,Yes,Yes,None,High,3
S4022,Lucas,Williams,student3022@univ.edu,Male,20,CS,94.94,41.63,77.34,62.66,79.86,97.1,66.2,66.703,C,5.1,No,Yes,High School,High,1
S4023,Sophia,Khan,student3023@univ.edu,Male,24,Mathematics,89.2,45.0,65.21,53.6,84.92,31.0,74.98,63.8485,D,28.8,No,Yes,PhD,Low,2
S4024,Maria,Brown,student3024@univ.edu,Male,21,Engineering,89.05,66.25,92.6,98.61,93.03,93.8,57.92,83.094,B,12.3,No,No,High School,High,5
S4025,Hassan,Anderson,student3025@univ.edu,Female,25,Physics,96.36,54.13,71.41,53.0,92.0,61.3,97.7,72.2245,C,14.0,Yes,Yes,PhD,High,9
S4026,Fatima,Brown,student3026@univ.edu,Female,24,Business,99.5,99.06,42.15,92.83,85.94,49.5,58.08,70.092,C,15.3,Yes,No,Bachelor's,Low,3
S4027,Maria,Smith,student3027@univ.edu,Female,18,Mathematics,79.06,72.54,53.38,88.41,75.01,66.8,88.07,70.9145,C,27.9,Yes,Yes,PhD,Low,7
S4028,Zainab,Brown,student3028@univ.edu,Male,18,CS,55.44,79.74,67.04,68.79,63.66,70.3,67.07,69.34,C,13.0,No,No,None,Medium,6
S4029,David,Miller,student3029@univ.edu,Male,22,Data Science,72.96,56.73,81.86,50.94,93.86,17.2,78.69,73.5205,C,13.5,Yes,No,Bachelor's,Low,3
S4030,Sophia,Taylor,student3030@univ.edu,Female,19,Business,89.38,59.31,53.19,50.3,88.83,75.2,52.36,59.202,D,21.2,Yes,Yes,Master's,Medium,4
S4031,Emma,Miller,student3031@univ.edu,Female,22,Business,51.39,60.13,98.58,60.2,91.9,72.5,60.25,78.3815,B,18.9,Yes,Yes,Bachelor's,Low,5
S4032,Ahmed,Ahmed,student3032@univ.edu,Male,25,Business,52.84,81.92,59.11,74.69,57.04,99.8,72.22,67.665,C,33.7,Yes,Yes,Bachelor's,Medium,2
S4033,Sophia,Johnson,student3033@univ.edu,Male,18,Business,53.36,68.42,71.95,72.9,65.74,91.2,83.86,72.2415,C,12.9,No,No,Master's,High,8
S4034,Ahmed,Anderson,student3034@univ.edu,Male,21,Mathematics,86.55,71.06,41.14,79.26,71.24,68.5,88.88,64.518,D,7.8,Yes,Yes,Bachelor's,Medium,7
S4035,Liam,Williams,student3035@univ.edu,Male,19,CS,75.06,75.52,93.09,88.6,91.92,71.2,51.51,82.49,B,21.2,Yes,No,Bachelor's,Medium,9
S4036,Sophia,Khan,student3036@univ.edu,Female,25,Engineering,68.44,86.13,87.33,68.87,94.64,94.6,57.62,80.961,B,10.5,No,Yes,Master's,High,8
S4037,Ali,Anderson,student3037@univ.edu,Male,21,Mathematics,55.28,45.42,51.73,58.02,64.24,96.7,86.49,58.502,D,17.4,Yes,Yes,Master's,Low,7
S4038,Hassan,Taylor,student3038@univ.edu,Male,25,CS,86.61,86.61,95.99,90.0,84.32,82.7,90.65,90.664,A,10.6,No,No,None,Low,9
S4039,Hassan,Davis,student3039@univ.edu,Male,22,Engineering,66.05,73.79,58.95,66.63,53.89,76.7,61.83,62.743,D,31.4,No,Yes,Bachelor's,Medium,10
S4040,Ahmed,Khan,student3040@univ.edu,Male,20,Business,63.27,80.15,81.53,64.34,70.48,11.1,61.48,74.0105,C,14.8,Yes,Yes,Bachelor's,Low,5
S4041,Emma,Davis,student3041@univ.edu,Male,21,CS,82.62,59.65,89.14,88.22,74.33,83.0,54.4,75.6715,B,28.2,Yes,Yes,Bachelor's,Medium,3
S4042,Ali,Johnson,student3042@univ.edu,Male,22,Business,77.95,64.56,84.45,96.71,88.28,25.3,57.51,78.8445,B,33.5,Yes,Yes,None,High,6
S4043,Omar,Taylor,student3043@univ.edu,Male,22,CS,68.12,53.87,95.05,95.75,94.6,56.4,50.4,80.154,B,33.2,No,Yes,Bachelor's,Low,9
S4044,John,Wilson,student3044@univ.edu,Female,22,Physics,82.07,98.76,91.86,56.87,66.86,40.5,79.49,82.386,B,20.7,No,No,Master's,Low,6
S4045,John,Wilson,student3045@univ.edu,Female,20,Data Science,63.56,69.82,99.68,75.16,76.39,34.6,95.19,85.863,A,34.5,No,No,Master's,Low,3
S4046,Emma,Wilson,student3046@univ.edu,Female,20,Business,89.74,99.76,50.96,54.64,82.37,31.0,57.48,66.9615,C,24.7,No,Yes,Master's,High,2
S4047,David,Williams,student3047@univ.edu,Male,24,Business,61.47,69.39,58.29,98.05,66.43,85.5,87.57,72.087,C,8.9,Yes,Yes,Master's,Medium,5
S4048,Omar,Williams,student3048@univ.edu,Female,20,Business,57.94,53.19,78.17,60.76,99.28,76.9,78.68,73.8055,C,31.7,Yes,No,PhD,Medium,8
S4049,Liam,Wilson,student3049@univ.edu,Male,19,Physics,89.12,70.45,83.98,59.87,93.79,52.3,97.0,81.082,B,19.1,No,No,Master's,High,8
S4050,Emma,Davis,student3050@univ.edu,Male,20,Mathematics,85.39,42.38,72.08,94.44,64.82,66.4,89.91,71.0795,C,9.6,Yes,No,None,Medium,1
S4051,Ali,Taylor,student3051@univ.edu,Male,20,Engineering,59.13,94.29,44.44,98.39,75.4,98.5,92.64,74.3765,C,28.7,No,No,PhD,Medium,3
S4052,John,Brown,student3052@univ.edu,Male,20,Business,55.81,89.11,90.5,84.88,61.54,39.8,81.96,83.754,B,23.7,Yes,Yes,Bachelor's,High,5
S4053,Zainab,Taylor,student3053@univ.edu,Female,25,Business,91.92,83.55,97.65,56.05,75.73,55.1,90.57,84.24,B,31.5,No,No,Master's,Low,1
S4054,John,Ahmed,student3054@univ.edu,Male,21,Mathematics,88.83,76.59,64.33,74.29,84.17,53.4,67.54,71.7335,C,29.8,No,No,Bachelor's,Medium,6
S4055,John,Wilson,student3055@univ.edu,Male,20,Mathematics,66.36,74.79,53.49,90.83,54.28,93.6,60.45,64.5135,D,14.6,No,Yes,Master's,High,4
S4056,Ali,Taylor,student3056@univ.edu,Female,19,Data Science,82.91,99.8,41.16,78.62,93.51,35.2,95.63,74.53,C,12.7,Yes,Yes,Master's,Medium,9
S4057,Sara,Smith,student3057@univ.edu,Female,25,CS,56.21,56.68,54.24,56.63,79.69,98.6,86.72,63.776,D,27.0,Yes,Yes,PhD,Low,2
S4058,Emma,Williams,student3058@univ.edu,Female,22,Business,75.35,86.78,82.0,58.59,99.48,30.5,54.54,77.9475,B,22.2,No,Yes,Master's,Low,10
S4059,Maria,Williams,student3059@univ.edu,Male,21,CS,50.94,74.88,94.7,93.21,51.28,10.9,93.35,83.797,B,7.1,No,No,Master's,Low,5
S4060,Liam,Davis,student3060@univ.edu,Female,18,Mathematics,69.58,98.55,45.61,76.35,91.57,19.1,67.45,70.979,C,10.4,No,No,High School,Low,5
S4061,John,Brown,student3061@univ.edu,Male,25,Mathematics,53.74,89.67,73.2,85.29,89.6,42.6,64.91,79.524,B,9.5,Yes,No,None,Low,6
S4062,Hassan,Wilson,student3062@univ.edu,Male,20,Data Science,73.76,99.91,81.73,68.65,56.64,65.0,81.17,79.5565,B,22.7,No,No,None,Low,5
S4063,Zainab,Anderson,student3063@univ.edu,Female,25,Engineering,71.08,75.3,56.58,76.62,66.77,51.7,78.43,68.136,C,7.6,Yes,No,Bachelor's,Low,10
S4064,Ahmed,Khan,student3064@univ.edu,Female,24,Physics,72.22,52.27,74.19,98.86,94.24,37.6,76.91,76.922,B,11.2,Yes,Yes,Bachelor's,Low,10
S4065,Emma,Davis,student3065@univ.edu,Female,24,Physics,52.27,70.22,82.91,66.49,75.92,56.2,62.74,73.835,C,21.4,No,Yes,PhD,Medium,9
S4066,Fatima,Davis,student3066@univ.edu,Male,25,Physics,68.08,82.67,90.26,83.74,70.06,83.9,97.99,85.8935,A,9.0,Yes,No,Bachelor's,High,1
S4067,Ali,Brown,student3067@univ.edu,Male,22,Mathematics,87.82,86.46,67.15,58.63,95.27,83.9,97.51,78.506,B,12.4,No,No,High School,High,8
S4068,Sara,Miller,student3068@univ.edu,Male,22,Business,68.45,40.03,84.87,56.09,54.67,72.6,50.21,61.856,D,32.2,No,No,Bachelor's,Medium,6
S4069,Hassan,Wilson,student3069@univ.edu,Male,21,Data Science,85.76,70.3,58.11,89.18,73.66,95.2,66.89,68.858,C,25.9,Yes,Yes,Master's,High,9
S4070,Emma,Anderson,student3070@univ.edu,Male,24,Engineering,68.47,54.11,52.78,92.21,82.62,59.0,52.28,63.3615,D,14.2,Yes,No,Bachelor's,High,10
S4071,Liam,Williams,student3071@univ.edu,Male,18,Physics,71.16,92.49,51.24,83.42,80.43,0.8,92.51,74.886,C,31.3,Yes,No,Bachelor's,Low,7
S4072,Zainab,Brown,student3072@univ.edu,Female,23,Data Science,78.19,49.17,61.53,57.91,63.21,29.1,94.33,63.687,D,12.5,Yes,No,Master's,Medium,3
S4073,Sara,Anderson,student3073@univ.edu,Male,24,Mathematics,97.53,79.99,42.15,62.03,78.17,32.8,75.91,63.167,D,22.7,Yes,Yes,High School,Low,8
S4074,Liam,Smith,student3074@univ.edu,Female,25,Physics,55.44,55.96,56.98,95.56,85.43,54.7,91.98,72.0805,C,16.1,Yes,Yes,None,Low,10
S4075,Hassan,Davis,student3075@univ.edu,Female,24,Engineering,51.65,61.39,79.13,64.44,79.24,90.5,85.17,74.301,C,27.6,Yes,No,High School,Low,3
S4076,Emma,Brown,student3076@univ.edu,Female,19,CS,80.4,96.43,78.88,90.94,84.22,83.8,74.98,84.415,B,16.1,No,No,High School,Medium,3
S4077,Maria,Williams,student3077@univ.edu,Female,23,Engineering,97.45,54.43,44.41,64.3,62.8,23.2,68.19,55.723,D,12.5,Yes,Yes,PhD,Medium,4
S4078,Hassan,Taylor,student3078@univ.edu,Female,22,Business,99.49,45.7,57.24,96.97,91.64,51.9,63.31,66.962,C,23.2,No,Yes,PhD,Medium,3
S4079,Fatima,Williams,student3079@univ.edu,Male,23,Physics,74.21,44.16,74.17,95.72,72.48,65.9,62.97,69.467,C,27.4,Yes,Yes,Master's,Low,6
S4080,Liam,Smith,student3080@univ.edu,Male,24,Physics,73.4,70.28,59.11,52.16,99.36,98.8,78.1,69.1875,C,21.1,Yes,Yes,PhD,Medium,7
S4081,Sara,Brown,student3081@univ.edu,Male,22,CS,82.25,78.5,65.08,88.52,51.16,3.1,58.34,68.181,C,26.5,No,No,None,Low,3
S4082,Sara,Khan,student3082@univ.edu,Male,23,CS,77.78,59.64,82.77,58.47,69.02,46.4,58.74,68.832,C,17.7,No,Yes,Master's,High,3
S4083,Liam,Smith,student3083@univ.edu,Female,22,Physics,81.7,81.42,40.56,60.76,59.02,98.8,50.52,56.025,D,28.9,No,Yes,PhD,Low,7
S4084,Lucas,Wilson,student3084@univ.edu,Female,22,Business,93.7,43.66,56.58,72.99,77.78,97.7,80.67,63.251,D,22.6,No,Yes,Bachelor's,High,10
S4085,Emma,Wilson,student3085@univ.edu,Female,21,CS,87.32,91.44,48.54,78.82,62.16,33.1,99.72,71.382,C,10.9,Yes,Yes,PhD,High,9
S4086,Lucas,Khan,student3086@univ.edu,Male,18,Mathematics,74.84,88.99,47.66,66.29,86.87,0.0,94.46,71.622,C,31.7,Yes,Yes,None,Medium,3
S4087,David,Ahmed,student3087@univ.edu,Male,22,Physics,73.09,99.13,97.54,78.77,94.09,58.7,85.28,92.686,A,30.1,No,No,PhD,Low,6
S4088,Emma,Taylor,student3088@univ.edu,Male,19,Engineering,81.98,96.19,62.59,58.53,60.54,86.7,89.28,72.397,C,33.9,Yes,No,Master's,Medium,5
S4089,Liam,Khan,student3089@univ.edu,Male,24,Engineering,72.79,61.37,71.63,51.12,58.03,32.4,70.84,64.343,D,22.1,Yes,Yes,Bachelor's,Medium,8
S4090,Omar,Ahmed,student3090@univ.edu,Female,24,Business,72.89,63.96,84.03,78.56,93.77,93.4,64.9,77.787,B,25.3,No,No,Master's,High,9
S4091,Zainab,Davis,student3091@univ.edu,Female,19,Mathematics,50.82,84.76,42.85,75.87,68.06,33.3,68.43,63.8035,D,30.9,No,Yes,Bachelor's,High,8
S4092,Liam,Miller,student3092@univ.edu,Male,20,CS,58.7,48.04,54.46,84.48,71.73,61.0,54.07,60.211,D,6.6,Yes,No,Bachelor's,Low,1
S4093,Lucas,Jones,student3093@univ.edu,Male,22,Physics,74.43,58.84,89.93,82.49,61.05,72.2,81.69,77.028,B,32.4,No,No,None,High,7
S4094,Maria,Anderson,student3094@univ.edu,Female,25,Engineering,91.13,47.11,91.72,94.87,71.27,34.5,58.74,75.256,B,13.1,Yes,No,High School,Low,8
S4095,Zainab,Smith,student3095@univ.edu,Female,22,Engineering,63.94,67.29,62.38,72.97,61.57,35.2,88.14,68.693,C,6.7,No,No,None,Low,5
S4096,Liam,Anderson,student3096@univ.edu,Female,22,Engineering,76.13,73.12,62.49,50.42,83.3,47.0,59.5,65.4785,C,12.1,Yes,No,High School,Medium,4
S4097,Liam,Taylor,student3097@univ.edu,Female,25,Engineering,67.25,52.67,85.41,81.53,74.94,83.5,61.41,73.1095,C,22.6,No,Yes,High School,High,7
S4098,Maria,Anderson,student3098@univ.edu,Male,23,Data Science,55.24,41.6,57.7,83.76,89.4,10.1,97.87,69.1695,C,6.4,No,Yes,None,Medium,6
S4099,Liam,Anderson,student3099@univ.edu,Female,22,Business,97.91,83.16,47.03,76.07,65.64,63.1,55.27,62.6395,D,5.0,No,No,PhD,High,2
S4100,Zainab,Ahmed,student3100@univ.edu,Female,22,CS,92.73,41.2,55.45,84.47,75.28,67.7,74.94,62.851,D,24.2,No,No,None,High,9
S4101,John,Williams,student3101@univ.edu,Female,19,Physics,53.92,98.4,63.24,66.18,62.98,55.8,53.13,69.1575,C,18.6,Yes,No,Master's,Medium,3
S4102,Omar,Brown,student3102@univ.edu,Female,18,Physics,85.99,53.3,43.13,57.44,96.72,93.6,54.52,57.0575,D,30.3,Yes,Yes,Master's,Low,1
S4103,Ahmed,Davis,student3103@univ.edu,Male,18,Physics,67.38,79.83,68.72,83.23,76.1,60.2,81.68,76.1695,B,12.7,Yes,No,Master's,Medium,3
S4104,Omar,Jones,student3104@univ.edu,Male,20,CS,99.74,66.09,84.4,62.26,58.67,63.5,81.54,73.1285,C,13.4,Yes,No,Master's,High,1
S4105,Ali,Brown,student3105@univ.edu,Male,19,Business,65.12,43.58,70.82,72.82,63.64,60.0,59.66,62.921,D,7.3,No,Yes,High School,Medium,10
S4106,Fatima,Williams,student3106@univ.edu,Male,22,Mathematics,61.94,68.33,44.31,74.58,54.15,72.2,93.62,62.527,D,21.2,Yes,Yes,High School,Medium,7
S4107,Liam,Anderson,student3107@univ.edu,Male,18,Business,78.39,71.01,66.41,73.86,51.39,13.5,85.11,68.9995,C,16.0,No,Yes,None,High,6
S4108,John,Jones,student3108@univ.edu,Male,21,Engineering,91.76,91.28,82.53,79.92,76.3,89.4,65.03,80.329,B,15.2,Yes,Yes,Bachelor's,High,8
S4109,Emma,Williams,student3109@univ.edu,Female,21,Engineering,59.63,83.94,43.49,51.47,66.86,4.2,62.42,59.122,D,18.7,No,Yes,Bachelor's,Low,4
S4110,Liam,Ahmed,student3110@univ.edu,Female,21,Business,85.47,44.76,43.59,99.48,98.19,64.1,87.71,67.0155,C,30.5,Yes,No,High School,High,6
S4111,Lucas,Williams,student3111@univ.edu,Female,22,Business,53.07,52.55,62.24,85.82,58.57,61.5,86.68,66.9545,C,8.2,No,Yes,PhD,High,3
S4112,Hassan,Ahmed,student3112@univ.edu,Female,22,CS,95.95,58.71,51.7,71.27,89.7,20.8,57.44,62.5985,D,20.7,Yes,Yes,High School,High,4
S4113,John,Williams,student3113@univ.edu,Male,25,CS,54.05,46.98,96.09,59.57,65.8,4.1,67.46,71.952,C,10.9,No,Yes,PhD,High,6
S4114,Maria,Wilson,student3114@univ.edu,Female,20,Data Science,95.71,67.41,74.88,54.01,61.18,13.9,60.83,66.093,C,11.4,No,Yes,Bachelor's,High,5
S4115,John,Jones,student3115@univ.edu,Male,24,Physics,74.54,99.06,57.24,83.61,98.48,27.2,64.71,76.866,B,12.7,Yes,No,High School,Low,2
S4116,Ali,Khan,student3116@univ.edu,Female,20,Data Science,72.4,70.88,82.29,65.85,90.13,88.2,64.38,76.0315,B,18.8,Yes,No,None,High,9
S4117,Maria,Williams,student3117@univ.edu,Female,20,Physics,98.67,84.51,62.5,61.47,81.53,85.6,98.8,75.047,B,19.8,No,No,Master's,Medium,2
S4118,David,Miller,student3118@univ.edu,Female,23,Engineering,99.52,80.98,47.93,69.0,84.86,6.4,87.51,69.177,C,31.1,Yes,Yes,Bachelor's,Medium,8
S4119,Ahmed,Anderson,student3119@univ.edu,Male,21,Data Science,82.51,90.99,54.23,79.65,99.57,28.9,89.0,77.4115,B,31.8,Yes,Yes,High School,High,5
S4120,Sophia,Jones,student3120@univ.edu,Female,22,Data Science,56.36,52.94,78.56,83.59,79.66,88.9,63.87,72.152,C,22.6,No,No,High School,Medium,7
S4121,Zainab,Wilson,student3121@univ.edu,Male,21,Mathematics,75.31,85.23,43.11,82.26,55.1,23.7,50.03,60.243,D,13.4,No,No,Master's,Low,6
S4122,John,Smith,student3122@univ.edu,Male,20,Business,76.46,92.88,56.36,93.16,53.24,99.6,52.91,68.1985,C,29.6,No,No,Bachelor's,Medium,2
S4123,Zainab,Smith,student3123@univ.edu,Female,22,CS,75.72,50.29,52.5,60.94,83.33,25.7,77.65,61.721,D,28.8,Yes,Yes,None,Low,4
S4124,Sara,Davis,student3124@univ.edu,Male,19,Data Science,78.47,60.81,52.07,81.84,82.88,73.9,64.27,64.735,D,28.9,Yes,No,None,Low,9
S4125,Lucas,Johnson,student3125@univ.edu,Male,25,CS,50.94,98.21,80.97,55.06,87.41,41.7,59.65,78.2995,B,5.5,No,Yes,None,Medium,7
S4126,Liam,Miller,student3126@univ.edu,Female,18,Physics,85.56,86.85,89.55,77.4,55.44,13.6,52.48,76.5105,B,27.6,Yes,Yes,Bachelor's,Medium,1
S4127,Lucas,Smith,student3127@univ.edu,Female,18,Data Science,85.62,56.96,82.95,79.2,97.25,25.5,93.79,80.9605,B,30.6,Yes,Yes,None,High,4
S4128,Zainab,Wilson,student3128@univ.edu,Female,20,Physics,55.77,73.84,78.74,60.81,77.56,67.5,80.01,75.084,B,23.2,Yes,Yes,PhD,High,10
S4129,Omar,Johnson,student3129@univ.edu,Female,24,Data Science,78.51,64.26,94.99,69.58,82.48,33.7,55.37,77.213,B,27.5,No,No,High School,High,3
S4130,Sophia,Williams,student3130@univ.edu,Female,21,Engineering,78.42,69.4,43.5,91.36,51.74,60.4,88.32,63.818,D,28.3,Yes,Yes,PhD,Medium,1
S4131,Omar,Williams,student3131@univ.edu,Female,19,Mathematics,84.12,61.31,50.05,57.42,98.05,20.6,87.79,66.2685,C,20.2,Yes,Yes,Bachelor's,Low,5
S4132,David,Taylor,student3132@univ.edu,Male,22,Physics,54.27,56.76,64.86,71.73,78.13,44.9,64.47,66.2025,C,29.4,No,Yes,None,Low,9
S4133,Sophia,Anderson,student3133@univ.edu,Female,24,Business,81.33,80.49,62.35,96.64,78.17,51.2,59.42,73.055,C,28.8,Yes,Yes,None,High,4
S4134,Sophia,Johnson,student3134@univ.edu,Female,21,Business,64.04,86.71,65.08,75.21,97.18,41.3,90.7,79.5835,B,32.5,No,No,None,Low,2
S4135,Omar,Anderson,student3135@univ.edu,Male,20,Engineering,75.35,92.44,52.39,86.26,96.47,19.8,66.48,74.206,C,32.6,Yes,No,Master's,Medium,7
S4136,Maria,Wilson,student3136@univ.edu,Female,21,Engineering,88.67,49.32,48.97,91.34,61.01,46.2,92.37,63.7115,D,20.9,Yes,Yes,Master's,Medium,8
S4137,Ali,Miller,student3137@univ.edu,Male,20,Business,85.28,89.37,70.55,60.19,96.55,69.3,52.18,73.9045,C,5.9,No,No,None,Low,2
S4138,Zainab,Ahmed,student3138@univ.edu,Female,23,Physics,55.95,55.29,95.68,60.91,86.83,96.5,74.96,77.951,B,5.6,No,No,High School,Medium,10
S4139,Omar,Johnson,student3139@univ.edu,Female,18,Business,79.56,65.64,63.52,87.93,50.95,79.0,58.98,65.039,C,33.2,No,Yes,Master's,Low,9
S4140,Lucas,Smith,student3140@univ.edu,Male,24,Mathematics,98.46,94.09,42.6,87.67,61.99,16.1,83.6,68.717,C,15.1,Yes,No,Bachelor's,High,10
S4141,Maria,Miller,student3141@univ.edu,Female,18,Data Science,57.84,67.27,82.37,53.01,70.65,27.3,99.86,75.8115,B,16.3,Yes,Yes,None,Medium,8
S4142,Lucas,Taylor,student3142@univ.edu,Male,21,Mathematics,92.65,51.82,57.47,66.12,79.14,7.9,70.63,62.862,D,19.1,No,Yes,High School,Medium,4
S4143,Ali,Khan,student3143@univ.edu,Female,19,Business,85.13,49.59,54.71,69.93,85.07,13.6,55.02,60.5695,D,13.0,No,No,Master's,High,4
S4144,David,Anderson,student3144@univ.edu,Female,22,Data Science,88.7,68.38,59.46,91.45,60.51,25.1,65.88,67.163,C,22.7,Yes,Yes,Bachelor's,Low,5
S4145,Liam,Anderson,student3145@univ.edu,Male,20,Business,64.1,85.76,83.43,71.09,91.84,20.0,94.58,84.979,B,28.5,Yes,No,Master's,Medium,1
S4146,Ali,Miller,student3146@univ.edu,Female,22,Mathematics,64.39,99.83,89.13,96.3,92.29,21.4,88.29,92.6935,A,12.7,No,No,Bachelor's,Medium,7
S4147,Fatima,Williams,student3147@univ.edu,Female,18,Mathematics,95.3,87.24,75.28,99.83,81.75,23.1,61.61,80.2745,B,27.3,Yes,Yes,None,Low,4
S4148,Emma,Anderson,student3148@univ.edu,Male,25,Physics,67.99,92.62,59.35,89.04,96.05,30.1,97.68,81.712,B,25.2,No,No,High School,High,1
S4149,Maria,Taylor,student3149@univ.edu,Female,19,Physics,53.15,84.87,58.63,83.32,90.65,12.6,81.11,75.7565,B,20.8,Yes,No,PhD,Medium,4
S4150,David,Smith,student3150@univ.edu,Male,19,Mathematics,80.03,93.73,47.46,69.59,61.08,27.8,58.4,63.7175,D,14.8,Yes,No,Master's,High,4
S4151,Fatima,Jones,student3151@univ.edu,Female,22,Data Science,56.24,44.58,96.0,53.35,89.93,68.8,78.62,75.801,B,31.2,Yes,Yes,High School,Low,1
S4152,Sara,Smith,student3152@univ.edu,Male,18,Physics,89.83,95.8,78.29,78.66,97.66,23.6,72.56,83.8935,B,17.1,Yes,No,PhD,Low,9
S4153,David,Smith,student3153@univ.edu,Female,25,Physics,82.09,63.78,41.62,68.09,56.88,17.2,90.98,59.7155,D,16.2,Yes,No,None,High,8
S4154,Omar,Anderson,student3154@univ.edu,Male,22,CS,93.74,95.3,79.74,67.54,98.93,6.8,67.21,82.021,B,24.2,No,Yes,Bachelor's,Low,9
S4155,Omar,Khan,student3155@univ.edu,Male,21,CS,89.24,44.54,66.83,84.39,51.25,50.0,93.75,66.707,C,32.6,No,No,None,High,7
S4156,Ali,Brown,student3156@univ.edu,Female,19,Physics,55.61,82.91,98.35,73.18,76.11,84.2,90.6,86.988,A,20.2,No,No,High School,Medium,5
S4157,Emma,Ahmed,student3157@univ.edu,Female,19,Business,69.05,84.14,89.14,87.6,88.69,5.9,83.73,87.03,A,26.7,No,No,High School,High,7
S4158,David,Williams,student3158@univ.edu,Male,21,Data Science,88.73,99.81,50.28,69.91,89.52,54.2,62.93,70.914,C,18.7,No,No,Master's,High,2
S4159,Zainab,Ahmed,student3159@univ.edu,Female,18,Engineering,70.87,86.13,83.21,57.54,86.73,65.1,98.52,82.768,B,11.6,No,No,PhD,High,10
S4160,Ahmed,Anderson,student3160@univ.edu,Male,19,Physics,98.62,62.95,69.13,73.07,76.47,59.2,77.43,70.831,C,8.7,Yes,Yes,PhD,Medium,7
S4161,Liam,Ahmed,student3161@univ.edu,Female,24,CS,86.79,73.43,51.22,97.55,82.55,87.8,95.38,73.935,C,9.1,No,No,Master's,Low,4
S4162,Ali,Williams,student3162@univ.edu,Female,25,Data Science,50.77,61.99,81.92,90.08,85.0,86.6,60.79,76.4505,B,5.6,Yes,Yes,None,Medium,5
S4163,Omar,Wilson,student3163@univ.edu,Male,23,Data Science,94.0,51.76,72.84,60.29,74.73,5.7,99.17,70.9745,C,21.6,No,Yes,PhD,High,7
S4164,Emma,Brown,student3164@univ.edu,Male,23,CS,55.04,54.91,41.82,69.57,79.78,36.1,90.8,61.6415,D,8.9,No,Yes,None,Medium,2
S4165,Liam,Ahmed,student3165@univ.edu,Female,23,Data Science,57.03,53.32,78.8,96.39,92.32,67.1,97.46,81.1695,B,31.0,No,No,Bachelor's,Low,5
S4166,David,Anderson,student3166@univ.edu,Female,20,Data Science,86.72,72.93,78.1,56.18,65.64,95.2,60.62,69.287,C,34.5,Yes,No,High School,Medium,2
S4167,Zainab,Davis,student3167@univ.edu,Female,24,CS,93.25,94.37,48.65,62.7,76.16,80.5,71.53,67.46,C,19.9,Yes,Yes,Bachelor's,High,10
S4168,David,Ahmed,student3168@univ.edu,Female,20,Mathematics,76.82,94.76,60.94,63.11,50.42,17.7,54.88,65.5425,C,18.5,Yes,No,Master's,Medium,6
S4169,Sophia,Smith,student3169@univ.edu,Female,18,Physics,64.45,43.29,75.15,78.55,84.37,27.9,56.85,67.926,C,15.4,No,No,PhD,Medium,10
S4170,Emma,Wilson,student3170@univ.edu,Male,21,Business,67.57,44.79,48.33,70.54,59.77,76.4,64.2,55.05,D,24.1,No,Yes,Bachelor's,High,8
S4171,Fatima,Brown,student3171@univ.edu,Female,22,Engineering,67.14,54.71,91.16,53.99,74.05,47.1,97.58,76.691,B,23.2,Yes,Yes,High School,High,7
S4172,Omar,Anderson,student3172@univ.edu,Female,24,Business,66.33,55.3,41.65,81.46,60.51,54.7,83.36,59.437,D,15.3,No,No,PhD,Low,5
S4173,Zainab,Taylor,student3173@univ.edu,Male,25,Mathematics,62.15,45.69,46.17,54.95,51.18,60.9,65.73,51.0765,F,15.3,No,Yes,None,Medium,3
S4174,Ahmed,Miller,student3174@univ.edu,Male,18,Mathematics,80.44,63.31,46.97,80.32,74.16,10.3,97.73,66.933,C,24.3,No,No,PhD,Low,4
S4175,David,Miller,student3175@univ.edu,Male,22,Data Science,95.02,75.26,71.69,75.35,71.24,85.6,86.99,75.1805,B,21.6,No,Yes,High School,High,2
S4176,Ahmed,Williams,student3176@univ.edu,Female,18,Business,65.35,74.69,77.21,74.68,71.26,86.3,95.35,78.155,B,26.6,No,No,PhD,High,6
S4177,David,Ahmed,student3177@univ.edu,Male,20,Mathematics,59.33,72.61,64.22,53.37,60.44,46.8,96.36,68.5245,C,33.2,Yes,No,Bachelor's,Low,8
S4178,Omar,Brown,student3178@univ.edu,Male,23,Business,91.93,60.32,57.32,81.96,97.36,62.7,87.54,72.155,C,28.4,Yes,No,Master's,Low,8
S4179,Liam,Smith,student3179@univ.edu,Male,21,Mathematics,87.09,82.39,88.56,71.57,50.18,66.0,62.16,75.0605,B,14.1,No,Yes,Bachelor's,Medium,9
S4180,John,Smith,student3180@univ.edu,Male,20,Engineering,96.54,89.59,44.1,70.56,94.58,19.0,99.83,73.0985,C,27.8,No,No,PhD,Low,5
S4181,Liam,Khan,student3181@univ.edu,Female,21,Mathematics,58.28,60.78,56.82,79.82,86.85,11.3,66.25,66.981,C,18.5,Yes,No,None,Medium,10
S4182,David,Jones,student3182@univ.edu,Female,24,Business,57.21,45.13,42.35,80.31,58.6,2.1,83.59,57.2235,D,28.3,No,No,PhD,High,6
S4183,Lucas,Miller,student3183@univ.edu,Female,22,Data Science,77.07,57.78,40.83,50.75,73.61,91.3,92.24,58.3365,D,31.6,No,Yes,High School,High,2
S4184,Hassan,Ahmed,student3184@univ.edu,Male,18,Business,80.72,48.24,61.2,56.26,99.44,34.6,58.76,63.237,D,12.5,No,Yes,Bachelor's,Medium,10
S4185,John,Wilson,student3185@univ.edu,Male,19,CS,74.01,68.04,51.69,61.83,82.18,8.6,80.45,65.3685,C,12.2,No,Yes,Bachelor's,Medium,4
S4186,Fatima,Brown,student3186@univ.edu,Male,19,Business,79.95,49.36,56.1,83.9,56.37,46.6,68.76,60.8615,D,18.0,No,Yes,PhD,High,3
S4187,John,Smith,student3187@univ.edu,Male,21,Engineering,59.02,67.77,89.26,78.84,72.88,7.6,62.21,76.8845,B,6.5,No,Yes,Master's,Medium,9
S4188,Ahmed,Jones,student3188@univ.edu,Male,23,Physics,73.98,53.26,49.78,87.88,73.41,8.5,50.59,59.857,D,25.6,Yes,No,PhD,Low,6
S4189,Emma,Brown,student3189@univ.edu,Male,23,Engineering,82.9,84.32,86.81,87.03,90.11,48.9,93.6,87.8585,A,27.5,Yes,Yes,Master's,Medium,6
S4190,Ahmed,Ahmed,student3190@univ.edu,Female,21,Engineering,71.64,41.65,80.5,92.66,95.81,50.9,56.79,73.294,C,15.4,No,Yes,PhD,High,4
S4191,Ali,Johnson,student3191@univ.edu,Female,20,Mathematics,83.97,73.28,59.59,68.84,54.11,58.0,93.91,68.0415,C,19.0,Yes,Yes,Bachelor's,Medium,6
S4192,Ahmed,Smith,student3192@univ.edu,Male,19,Engineering,72.56,50.17,72.79,67.25,65.7,65.6,80.03,67.4575,C,22.7,No,Yes,Master's,Low,1
S4193,Fatima,Johnson,student3193@univ.edu,Female,20,Business,66.68,40.06,66.67,91.55,64.92,66.8,81.05,66.9745,C,7.2,Yes,No,High School,Medium,9
S4194,Lucas,Brown,student3194@univ.edu,Male,22,Physics,65.18,92.15,47.7,61.88,99.8,43.3,91.43,73.0915,C,26.3,No,No,Master's,Medium,3
S4195,Liam,Ahmed,student3195@univ.edu,Male,19,Data Science,70.55,80.29,94.43,73.06,77.96,64.4,75.47,83.082,B,20.8,Yes,Yes,None,Medium,5
S4196,Liam,Smith,student3196@univ.edu,Female,22,Engineering,51.15,45.94,74.18,59.72,93.99,30.5,67.86,68.3865,C,23.7,No,No,High School,High,7
S4197,Hassan,Khan,student3197@univ.edu,Male,18,Business,83.43,79.84,92.81,95.69,71.3,44.1,56.94,82.041,B,26.7,Yes,No,PhD,Medium,2
S4198,Sara,Johnson,student3198@univ.edu,Female,20,Mathematics,92.26,76.7,89.43,70.39,86.14,39.3,78.52,81.898,B,25.3,No,No,None,Low,4
S4199,David,Davis,student3199@univ.edu,Male,21,Mathematics,67.73,68.4,44.79,60.62,64.33,32.9,77.66,59.748,D,7.9,No,No,High School,High,6
S4200,Lucas,Jones,student3200@univ.edu,Male,19,Data Science,52.3,65.16,52.44,84.6,95.59,23.9,64.69,68.118,C,28.5,No,Yes,PhD,Medium,1
S4201,Sara,Wilson,student3201@univ.edu,Female,20,Data Science,99.34,93.22,48.72,62.23,72.76,7.8,80.0,67.9445,C,23.3,Yes,No,Master's,High,6
S4202,Ali,Miller,student3202@univ.edu,Male,21,Business,63.18,54.71,89.85,97.18,90.19,50.6,71.97,81.2905,B,26.4,No,No,PhD,Medium,5
S4203,Omar,Jones,student3203@univ.edu,Male,18,Data Science,56.33,63.9,91.75,68.38,62.79,53.7,90.28,78.11,B,12.8,No,No,Bachelor's,High,2
S4204,David,Johnson,student3204@univ.edu,Male,19,Data Science,68.49,59.75,71.68,83.23,84.68,33.6,77.97,73.92,C,11.6,No,Yes,High School,Medium,6
S4205,David,Smith,student3205@univ.edu,Female,22,Mathematics,86.93,86.27,46.25,67.26,70.26,97.6,96.68,68.5715,C,29.8,Yes,Yes,Master's,Low,5
S4206,Sophia,Khan,student3206@univ.edu,Male,18,Business,64.7,94.99,48.14,90.36,51.57,55.7,75.9,68.5215,C,16.7,No,Yes,PhD,High,1
S4207,Sophia,Davis,student3207@univ.edu,Male,23,Physics,78.74,90.99,88.81,94.85,70.65,88.9,94.37,88.262,A,22.3,Yes,Yes,Master's,Medium,6
S4208,Maria,Khan,student3208@univ.edu,Male,21,Data Science,70.78,87.86,95.75,89.4,77.5,57.0,76.03,87.524,A,21.5,Yes,No,Master's,Medium,7
S4209,Maria,Davis,student3209@univ.edu,Female,25,Business,55.89,99.21,51.97,92.42,57.59,19.0,77.9,72.218,C,22.6,No,Yes,High School,Medium,9
S4210,Ahmed,Miller,student3210@univ.edu,Female,19,Engineering,66.51,81.83,40.67,55.09,59.2,97.5,68.34,57.995,D,7.1,No,No,Master's,High,2
S4211,Omar,Khan,student3211@univ.edu,Female,19,Mathematics,86.24,85.06,59.86,96.2,73.24,88.5,70.01,73.8805,C,14.1,No,Yes,High School,High,6
S4212,John,Davis,student3212@univ.edu,Female,24,Physics,80.6,98.97,41.83,81.22,67.14,47.1,96.66,71.1875,C,7.0,No,Yes,Master's,Medium,6
S4213,Hassan,Khan,student3213@univ.edu,Female,24,Mathematics,55.99,40.42,89.68,93.46,72.04,24.3,61.16,73.471,C,19.4,Yes,No,Master's,Medium,1
S4214,John,Jones,student3214@univ.edu,Male,18,Mathematics,58.17,78.04,69.49,84.22,73.04,22.3,56.07,71.929,C,32.1,Yes,No,PhD,Medium,8
S4215,Hassan,Anderson,student3215@univ.edu,Female,19,CS,82.04,84.34,78.51,60.09,57.0,80.6,91.51,75.6365,B,16.7,No,No,None,High,5
S4216,Sophia,Davis,student3216@univ.edu,Female,21,Business,90.67,95.07,64.69,80.48,59.06,6.9,78.85,74.414,C,28.5,No,Yes,High School,Low,2
S4217,Sophia,Miller,student3217@univ.edu,Male,18,Engineering,67.47,93.03,60.73,54.55,92.41,63.8,64.23,71.54,C,13.6,Yes,Yes,Bachelor's,Low,5
S4218,Sophia,Davis,student3218@univ.edu,Female,22,Data Science,79.77,90.52,53.33,84.79,58.14,64.0,71.62,68.952,C,30.7,No,No,High School,Medium,4
S4219,Lucas,Davis,student3219@univ.edu,Male,18,Engineering,58.53,96.75,86.23,70.45,83.3,18.2,76.25,84.0305,B,17.6,Yes,No,Master's,High,7
S4220,Emma,Taylor,student3220@univ.edu,Female,18,Business,65.57,72.24,81.73,57.59,70.93,70.5,79.61,74.273,C,15.7,Yes,Yes,None,Medium,10
S4221,Hassan,Jones,student3221@univ.edu,Male,25,Mathematics,51.01,40.42,61.64,98.96,98.41,70.5,91.05,72.921,C,25.9,Yes,No,High School,Medium,8
S4222,Maria,Johnson,student3222@univ.edu,Male,22,CS,88.41,40.66,59.27,95.05,53.31,35.0,69.72,61.5885,D,20.4,Yes,Yes,Master's,High,1
S4223,Lucas,Williams,student3223@univ.edu,Female,23,Business,70.05,72.68,40.07,94.68,91.52,48.3,83.83,69.065,C,15.1,Yes,Yes,Bachelor's,Low,1
S4224,Liam,Anderson,student3224@univ.edu,Female,24,Physics,90.81,66.12,43.81,89.44,74.57,83.3,91.74,66.92,C,6.7,Yes,Yes,PhD,High,8
S4225,John,Davis,student3225@univ.edu,Male,21,Physics,85.42,67.07,77.4,84.6,50.27,52.3,92.19,74.563,C,10.0,No,No,PhD,Medium,4
S4226,Ali,Wilson,student3226@univ.edu,Male,23,Business,91.44,64.02,70.88,82.75,63.18,61.8,62.71,68.908,C,28.2,No,Yes,High School,Low,8
S4227,Fatima,Davis,student3227@univ.edu,Male,23,Data Science,64.28,95.06,66.09,55.3,70.38,41.3,67.51,71.122,C,32.6,No,Yes,High School,High,7
S4228,David,Taylor,student3228@univ.edu,Male,23,Engineering,59.26,61.55,89.65,95.03,65.71,15.0,79.75,79.761,B,10.1,No,Yes,Bachelor's,Low,9
S4229,Maria,Khan,student3229@univ.edu,Male,24,Engineering,98.6,91.37,70.23,94.06,68.12,99.8,94.29,81.325,B,22.1,No,Yes,PhD,High,7
S4230,Sara,Johnson,student3230@univ.edu,Male,20,Data Science,85.87,94.17,63.07,87.39,95.83,53.2,89.52,81.8195,B,6.0,Yes,Yes,Master's,High,4
S4231,Zainab,Wilson,student3231@univ.edu,Male,24,CS,91.7,69.97,49.68,96.37,68.05,33.6,79.2,67.925,C,13.7,Yes,Yes,High School,Low,5
S4232,Liam,Anderson,student3232@univ.edu,Female,23,Mathematics,50.66,66.82,89.24,77.65,70.94,71.4,99.19,81.765,B,18.5,Yes,Yes,None,Low,7
S4233,Ali,Wilson,student3233@univ.edu,Male,20,Mathematics,67.72,85.66,74.57,72.38,88.06,62.1,71.95,78.09,B,27.1,No,No,PhD,Medium,2
S4234,Maria,Jones,student3234@univ.edu,Female,22,Physics,87.14,82.48,45.55,98.4,89.69,23.3,92.12,74.47,C,6.3,Yes,Yes,Master's,Medium,3
S4235,Fatima,Miller,student3235@univ.edu,Female,24,CS,53.9,59.71,78.93,73.21,54.2,87.7,90.92,72.317,C,28.4,Yes,Yes,PhD,Low,3
S4236,Lucas,Miller,student3236@univ.edu,Male,21,Data Science,78.37,46.15,65.5,82.07,85.2,7.1,95.4,71.5555,C,11.1,No,Yes,Bachelor's,Medium,9
S4237,Omar,Anderson,student3237@univ.edu,Male,23,Business,71.45,55.89,88.68,68.65,74.13,60.6,99.38,78.54,B,27.8,Yes,No,None,Medium,2
S4238,David,Ahmed,student3238@univ.edu,Female,19,Engineering,50.88,47.86,95.13,81.82,56.69,47.8,74.78,74.861,C,23.8,No,No,Master's,High,4
S4239,Maria,Johnson,student3239@univ.edu,Male,22,Business,61.8,57.68,76.03,86.0,63.24,31.8,59.78,69.4995,C,15.2,Yes,Yes,Master's,Medium,8
S4240,Emma,Ahmed,student3240@univ.edu,Male,20,Engineering,64.24,55.71,83.9,81.23,52.25,82.6,73.04,71.485,C,26.7,No,Yes,High School,High,1
S4241,Sophia,Miller,student3241@univ.edu,Female,24,Business,55.59,78.26,43.4,75.73,68.01,65.6,92.69,66.3065,C,12.1,Yes,No,Bachelor's,Medium,9
S4242,Sophia,Brown,student3242@univ.edu,Female,21,Data Science,81.58,97.27,73.62,65.01,62.77,75.9,91.81,78.1595,B,11.6,No,Yes,Bachelor's,Low,6
S4243,David,Taylor,student3243@univ.edu,Female,18,Data Science,62.12,81.14,85.32,82.19,69.11,41.5,66.8,78.805,B,6.9,No,Yes,Master's,High,4
S4244,Fatima,Anderson,student3244@univ.edu,Male,21,CS,63.88,95.6,69.81,95.42,79.02,94.2,52.37,77.575,B,16.8,Yes,Yes,PhD,Medium,5
S4245,Hassan,Anderson,student3245@univ.edu,Male,21,Business,94.91,87.05,75.61,50.35,86.62,34.5,75.49,75.7425,B,7.9,No,Yes,Master's,Low,7
S4246,Ali,Williams,student3246@univ.edu,Female,23,Business,73.36,83.67,93.94,56.7,80.27,53.1,73.71,81.215,B,17.6,No,Yes,Master's,High,8
S4247,Lucas,Williams,student3247@univ.edu,Male,23,CS,69.61,64.84,51.89,55.99,83.92,93.4,54.29,60.2595,D,5.3,Yes,No,Master's,Medium,5
S4248,Sophia,Jones,student3248@univ.edu,Female,24,CS,86.19,59.49,45.89,96.16,93.28,8.3,89.74,69.8365,C,9.7,Yes,Yes,Master's,Low,7
S4249,Maria,Jones,student3249@univ.edu,Male,24,Data Science,95.48,90.78,81.44,83.14,93.69,10.9,64.18,82.8115,B,33.0,Yes,Yes,Master's,High,3
S4250,Sara,Williams,student3250@univ.edu,Female,25,Data Science,51.25,94.32,89.37,97.59,93.04,99.4,82.29,91.0815,A,28.9,Yes,No,Master's,Medium,2
S4251,John,Ahmed,student3251@univ.edu,Male,20,Physics,72.41,67.11,91.03,79.14,57.66,97.1,55.07,74.063,C,12.1,Yes,No,PhD,Medium,2
S4252,Hassan,Miller,student3252@univ.edu,Female,25,Business,80.54,40.54,78.5,73.09,62.55,77.2,93.04,69.885,C,26.5,Yes,No,None,High,10
S4253,John,Smith,student3253@univ.edu,Male,24,Data Science,65.93,87.55,89.99,89.62,75.12,48.4,86.96,86.7615,A,25.1,No,Yes,None,Low,3
S4254,Liam,Anderson,student3254@univ.edu,Male,20,Data Science,88.62,57.1,82.04,58.05,67.94,50.6,69.42,69.4455,C,10.3,Yes,No,High School,High,6
S4255,Ali,Brown,student3255@univ.edu,Female,23,Business,98.57,40.59,45.24,69.07,56.58,25.7,81.47,55.02,D,16.1,Yes,No,None,Low,10
S4256,Ahmed,Anderson,student3256@univ.edu,Male,23,CS,97.17,88.3,85.72,73.31,64.39,43.3,59.37,77.2225,B,32.4,Yes,No,PhD,Low,1
S4257,Hassan,Davis,student3257@univ.edu,Male,19,Business,63.3,71.04,50.76,64.92,98.77,43.1,99.27,71.418,C,27.2,No,Yes,Master's,High,3
S4258,Omar,Johnson,student3258@univ.edu,Female,19,Mathematics,61.32,81.11,54.2,68.56,67.35,3.6,89.81,69.05,C,27.8,Yes,Yes,Bachelor's,Low,3
S4259,David,Taylor,student3259@univ.edu,Male,22,Business,97.87,94.88,63.68,53.91,70.95,45.3,89.45,73.4105,C,21.9,No,Yes,PhD,Medium,2
S4260,Liam,Smith,student3260@univ.edu,Male,23,Mathematics,72.93,72.47,58.87,59.9,50.32,48.0,57.67,60.282,D,25.0,Yes,Yes,Bachelor's,High,1
S4261,Ahmed,Brown,student3261@univ.edu,Male,18,Business,60.41,70.19,59.3,66.77,85.97,66.6,50.89,65.3375,C,20.3,No,Yes,High School,Low,1
S4262,Lucas,Davis,student3262@univ.edu,Female,19,Mathematics,85.35,57.44,50.16,89.79,70.68,51.6,79.27,65.005,C,27.2,Yes,Yes,PhD,Medium,1
S4263,Hassan,Jones,student3263@univ.edu,Female,20,Mathematics,64.22,58.31,57.63,59.12,55.16,86.2,57.21,57.556,D,27.0,Yes,Yes,Master's,Low,8
S4264,Emma,Brown,student3264@univ.edu,Female,21,Business,63.36,87.79,41.18,67.33,98.43,36.8,89.02,70.188,C,5.9,No,Yes,Master's,High,6
S4265,Emma,Ahmed,student3265@univ.edu,Female,24,Physics,93.96,66.94,68.37,53.25,88.87,41.0,70.8,69.2555,C,24.0,Yes,Yes,PhD,Medium,9
S4266,Omar,Williams,student3266@univ.edu,Female,24,Data Science,58.12,49.81,86.12,77.86,86.31,57.1,66.93,74.769,C,23.9,Yes,Yes,PhD,Low,3
S4267,Ali,Anderson,student3267@univ.edu,Male,22,Engineering,53.22,45.67,91.73,80.56,97.89,20.3,53.68,76.059,B,7.0,No,No,Master's,High,7
S4268,Sophia,Brown,student3268@univ.edu,Male,19,Data Science,63.46,68.38,89.23,93.28,70.37,39.3,99.8,84.424,B,17.3,Yes,No,Bachelor's,Low,6
S4269,Maria,Johnson,student3269@univ.edu,Female,21,Mathematics,80.35,67.9,64.99,90.96,85.93,68.6,97.8,77.53,B,32.0,No,Yes,PhD,High,9
S4270,Liam,Wilson,student3270@univ.edu,Male,21,Business,56.15,79.21,83.83,64.27,60.31,41.2,56.58,72.3565,C,33.6,Yes,Yes,Master's,Medium,9
S4271,Zainab,Jones,student3271@univ.edu,Male,19,Business,73.58,68.26,57.27,56.85,84.86,90.7,66.64,64.949,D,28.5,Yes,Yes,None,High,9
S4272,Hassan,Khan,student3272@univ.edu,Male,18,Business,81.37,48.61,43.33,57.8,50.7,61.5,69.54,51.5935,F,9.5,No,No,PhD,Medium,7
S4273,Liam,Taylor,student3273@univ.edu,Male,18,Business,92.44,70.47,80.56,98.45,56.32,15.4,64.84,75.2315,B,16.2,Yes,Yes,High School,Low,9
S4274,Hassan,Ahmed,student3274@univ.edu,Female,22,Physics,61.49,94.41,78.93,83.66,71.26,48.7,96.72,84.2535,B,10.5,No,No,High School,Low,7
S4275,David,Taylor,student3275@univ.edu,Female,25,Engineering,90.87,49.57,88.1,52.13,50.6,76.5,86.07,69.069,C,24.6,Yes,No,PhD,Medium,9
S4276,Hassan,Brown,student3276@univ.edu,Male,18,CS,61.75,81.39,76.97,56.84,73.1,64.3,97.8,77.3785,B,28.2,No,Yes,Master's,Low,2
S4277,David,Wilson,student3277@univ.edu,Male,22,Mathematics,83.84,75.63,49.41,74.29,76.14,88.5,93.73,69.0435,C,31.5,Yes,No,Bachelor's,Medium,2
S4278,Hassan,Anderson,student3278@univ.edu,Female,25,Engineering,71.53,84.92,91.19,60.39,81.08,75.0,87.73,83.2805,B,30.8,No,Yes,PhD,Low,7
S4279,Emma,Khan,student3279@univ.edu,Male,25,Data Science,55.73,49.04,77.64,90.18,55.02,6.2,84.85,71.4895,C,8.0,Yes,Yes,High School,Low,10
S4280,Emma,Ahmed,student3280@univ.edu,Male,20,CS,85.71,96.5,88.46,78.66,59.05,11.3,93.31,84.914,B,8.8,Yes,No,Bachelor's,High,6
S4281,Ali,Davis,student3281@univ.edu,Male,25,CS,60.89,77.26,86.45,80.63,80.66,65.0,84.21,82.5345,B,32.3,No,No,None,High,6
S4282,Fatima,Smith,student3282@univ.edu,Female,19,Business,58.83,90.82,57.87,73.14,82.91,23.8,59.44,70.742,C,30.3,No,No,Bachelor's,High,5
S4283,Sara,Anderson,student3283@univ.edu,Female,25,Engineering,67.92,54.8,44.47,62.8,51.3,58.8,82.41,56.001,D,18.8,Yes,No,None,Medium,1
S4284,Sara,Davis,student3284@univ.edu,Male,21,Data Science,82.66,84.36,50.59,79.47,77.02,79.2,75.75,69.4145,C,17.9,No,Yes,High School,High,7
S4285,Fatima,Smith,student3285@univ.edu,Male,22,Business,61.7,86.86,45.57,85.85,89.25,57.7,99.09,74.45,C,21.6,No,No,None,High,2
S4286,Sophia,Wilson,student3286@univ.edu,Male,24,Business,59.18,63.85,54.6,68.55,53.46,41.5,75.5,61.5065,D,22.9,No,No,Bachelor's,High,8
S4287,Sara,Smith,student3287@univ.edu,Male,18,Physics,50.5,63.04,67.57,75.25,70.66,64.6,51.92,65.932,C,12.6,No,Yes,High School,Low,10
S4288,Ali,Anderson,student3288@univ.edu,Male,24,Mathematics,73.58,79.47,94.41,91.98,66.33,14.4,63.21,82.1655,B,17.1,Yes,No,Bachelor's,Medium,7
S4289,Zainab,Ahmed,student3289@univ.edu,Male,22,CS,71.43,45.6,92.32,57.43,95.68,72.3,95.87,78.779,B,23.6,No,No,PhD,High,2
S4290,Zainab,Johnson,student3290@univ.edu,Female,23,Data Science,61.69,84.14,83.12,77.26,59.29,69.7,98.12,81.1205,B,11.2,Yes,Yes,Bachelor's,High,2
S4291,Maria,Brown,student3291@univ.edu,Female,22,CS,52.68,42.57,41.45,67.42,65.92,51.4,86.42,55.9855,D,35.0,No,Yes,PhD,High,10
S4292,Maria,Davis,student3292@univ.edu,Male,18,Engineering,71.46,51.44,60.48,85.14,94.92,27.9,52.84,66.391,C,13.5,Yes,No,PhD,Low,8
S4293,Zainab,Johnson,student3293@univ.edu,Female,23,Mathematics,89.41,79.85,80.94,50.94,66.53,79.8,51.18,69.5965,C,21.6,No,No,None,Medium,5
S4294,Liam,Davis,student3294@univ.edu,Male,23,Business,85.76,45.9,47.74,83.52,76.57,51.1,73.98,60.9995,D,21.6,Yes,Yes,PhD,High,8
S4295,John,Ahmed,student3295@univ.edu,Male,25,Mathematics,93.04,98.31,88.07,55.14,51.65,5.9,99.98,81.502,B,18.5,Yes,No,None,High,1
S4296,Fatima,Brown,student3296@univ.edu,Female,18,Business,50.48,92.1,94.87,53.24,99.25,91.9,93.46,88.517,A,12.2,Yes,No,PhD,High,9
S4297,Maria,Miller,student3297@univ.edu,Female,23,Mathematics,98.32,77.58,61.25,86.23,91.25,76.8,96.66,78.0745,B,22.0,No,No,High School,Low,8
S4298,Ahmed,Smith,student3298@univ.edu,Male,19,Business,67.07,89.14,82.35,82.02,81.72,58.5,81.18,83.3885,B,7.7,No,No,None,Low,6
S4299,Emma,Wilson,student3299@univ.edu,Male,21,CS,99.52,93.25,48.89,94.75,53.04,43.7,92.96,71.874,C,16.6,No,No,Bachelor's,High,8
S4300,David,Miller,student3300@univ.edu,Female,24,CS,62.63,55.57,81.45,75.98,53.74,96.0,65.98,68.9765,C,11.7,No,No,None,Low,1
S4301,Ali,Miller,student3301@univ.edu,Female,19,CS,73.58,90.96,41.29,76.5,77.25,77.5,51.37,63.4115,D,8.7,Yes,No,High School,Medium,8
S4302,Zainab,Taylor,student3302@univ.edu,Male,19,CS,67.7,51.69,49.05,85.35,64.25,53.5,95.91,64.332,D,32.8,No,No,PhD,High,1
S4303,Sara,Williams,student3303@univ.edu,Male,18,Mathematics,67.79,64.8,82.59,66.17,81.14,65.3,60.92,73.101,C,26.0,Yes,Yes,High School,Medium,4
S4304,Fatima,Anderson,student3304@univ.edu,Male,25,Business,92.11,73.5,82.71,51.85,79.91,28.1,86.42,76.3755,B,10.1,No,No,Master's,Medium,10
S4305,Liam,Johnson,student3305@univ.edu,Female,18,CS,87.32,82.83,78.47,61.5,91.93,19.6,82.95,79.4875,B,33.5,Yes,Yes,High School,Medium,3
S4306,Zainab,Johnson,student3306@univ.edu,Male,24,Mathematics,99.61,41.81,68.64,61.9,64.07,27.3,57.91,59.968,D,11.5,Yes,Yes,High School,Low,3
S4307,Omar,Johnson,student3307@univ.edu,Female,21,Business,80.68,57.43,80.49,66.78,78.89,29.3,59.79,70.4765,C,12.1,Yes,No,High School,Low,10
S4308,David,Ahmed,student3308@univ.edu,Male,22,Mathematics,73.16,76.51,86.43,97.17,88.87,74.0,66.45,83.426,B,9.0,No,No,Bachelor's,Medium,9
S4309,Ahmed,Johnson,student3309@univ.edu,Female,19,Physics,54.5,61.44,97.99,90.24,74.54,14.0,87.85,84.479,B,26.8,Yes,Yes,Bachelor's,Low,8
S4310,Sara,Ahmed,student3310@univ.edu,Female,23,CS,99.83,86.5,93.32,96.8,91.53,77.8,51.96,86.0055,A,22.1,Yes,No,High School,Low,10
S4311,Ahmed,Anderson,student3311@univ.edu,Female,21,Engineering,77.58,79.1,87.67,99.93,56.56,52.3,70.35,80.5305,B,6.7,No,Yes,Master's,High,8
S4312,Emma,Miller,student3312@univ.edu,Female,19,Mathematics,85.02,54.06,81.69,71.69,86.69,38.5,83.26,75.6495,B,5.8,No,Yes,Master's,High,7
S4313,Zainab,Anderson,student3313@univ.edu,Male,22,CS,70.34,48.76,74.45,61.35,97.15,30.0,58.57,68.37,C,21.0,Yes,No,None,High,8
S4314,Hassan,Johnson,student3314@univ.edu,Female,25,Data Science,77.39,77.74,47.24,78.0,66.59,51.3,55.97,62.166,D,24.5,No,No,High School,High,8
S4315,Emma,Williams,student3315@univ.edu,Female,23,Business,97.13,67.03,49.93,94.06,68.32,31.8,69.51,65.665,C,29.7,Yes,Yes,None,Medium,10
S4316,Ali,Jones,student3316@univ.edu,Female,19,Physics,58.32,50.14,89.22,73.29,54.18,42.9,64.33,70.025,C,19.3,No,No,PhD,Low,6
S4317,Sophia,Brown,student3317@univ.edu,Male,20,CS,64.62,59.58,88.2,75.27,82.07,73.9,82.45,78.7545,B,25.3,Yes,No,Master's,Medium,8
S4318,Liam,Johnson,student3318@univ.edu,Male,24,Data Science,57.6,58.18,76.87,56.72,77.62,62.6,98.48,73.4635,C,27.0,No,Yes,PhD,High,2
S4319,David,Wilson,student3319@univ.edu,Male,21,Mathematics,89.61,46.49,66.33,71.02,52.02,74.8,50.22,58.5025,D,23.4,Yes,No,PhD,High,7
S4320,Lucas,Jones,student3320@univ.edu,Male,24,Mathematics,53.1,72.81,41.56,69.35,87.61,71.3,95.12,66.92,C,15.6,No,No,High School,Low,3
S4321,Lucas,Anderson,student3321@univ.edu,Male,18,Data Science,54.08,85.82,59.63,67.58,91.46,81.5,71.66,72.6395,C,9.0,No,Yes,Master's,Low,8
S4322,David,Wilson,student3322@univ.edu,Male,19,Physics,64.92,74.53,65.24,94.36,95.36,20.2,83.2,78.678,B,24.4,No,No,None,Low,5
S4323,Omar,Wilson,student3323@univ.edu,Female,23,Data Science,75.71,89.58,69.15,52.97,77.29,99.5,92.55,75.54,B,28.1,No,No,PhD,High,5
S4324,Ali,Davis,student3324@univ.edu,Female,23,Business,70.31,47.65,95.76,98.61,72.63,47.6,78.67,80.5325,B,10.7,No,Yes,High School,Low,3
S4325,Liam,Wilson,student3325@univ.edu,Female,21,Mathematics,52.24,66.14,46.52,50.41,93.81,71.8,54.87,59.3735,D,19.8,No,No,Bachelor's,Low,1
S4326,Ahmed,Johnson,student3326@univ.edu,Male,21,Data Science,97.87,76.56,71.13,97.28,69.93,67.8,57.03,73.8435,C,16.9,Yes,No,Master's,High,2
S4327,Omar,Davis,student3327@univ.edu,Female,24,Engineering,97.64,80.56,62.08,77.4,82.77,56.6,89.46,75.2845,B,11.2,Yes,Yes,Bachelor's,Medium,2
S4328,John,Taylor,student3328@univ.edu,Female,23,Engineering,63.97,81.75,99.41,85.12,80.77,99.6,61.45,85.2445,A,12.4,Yes,Yes,None,Medium,7
S4329,David,Miller,student3329@univ.edu,Male,23,Data Science,86.58,83.74,91.71,59.36,68.61,21.7,78.45,79.8095,B,12.1,Yes,No,None,High,2
S4330,Ahmed,Wilson,student3330@univ.edu,Female,23,Business,78.93,79.09,66.33,82.71,54.34,42.2,71.4,70.301,C,17.6,Yes,No,None,Medium,7
S4331,Lucas,Williams,student3331@univ.edu,Male,19,Mathematics,61.87,45.65,99.98,94.1,51.07,12.8,65.18,75.6755,B,16.7,Yes,No,Master's,High,1
S4332,Maria,Khan,student3332@univ.edu,Female,23,Engineering,63.11,81.72,70.84,56.97,71.41,18.2,89.35,73.7975,C,21.6,Yes,Yes,PhD,Medium,2
S4333,Fatima,Brown,student3333@univ.edu,Male,18,Data Science,74.56,83.49,50.03,56.35,74.06,71.3,86.56,66.754,C,7.8,No,No,High School,Low,7
S4334,Sophia,Wilson,student3334@univ.edu,Male,23,Data Science,70.96,99.61,73.35,65.2,91.13,0.5,82.31,81.3905,B,22.4,Yes,No,PhD,Medium,7
S4335,Lucas,Ahmed,student3335@univ.edu,Male,18,CS,64.56,81.6,53.57,58.09,70.72,89.0,68.63,64.6855,D,5.7,No,Yes,Master's,High,2
S4336,Liam,Taylor,student3336@univ.edu,Female,19,Data Science,90.38,81.21,78.18,55.53,64.06,63.3,61.32,70.7415,C,12.7,No,No,Bachelor's,High,10
S4337,Hassan,Smith,student3337@univ.edu,Female,21,Business,74.07,70.89,96.25,83.92,73.1,44.1,75.79,82.787,B,20.1,No,Yes,High School,Medium,7
S4338,Emma,Ahmed,student3338@univ.edu,Male,25,Engineering,82.74,92.08,87.17,60.69,61.9,33.1,90.86,80.943,B,25.6,Yes,Yes,None,High,9
S4339,Fatima,Anderson,student3339@univ.edu,Male,18,CS,59.46,99.81,56.39,83.35,54.57,12.6,78.78,72.2035,C,28.1,No,No,Bachelor's,Medium,8
S4340,Fatima,Khan,student3340@univ.edu,Female,19,Engineering,76.68,86.74,57.81,93.1,55.65,92.2,98.51,74.6705,C,6.1,No,Yes,PhD,High,6
S4341,Maria,Anderson,student3341@univ.edu,Female,25,Engineering,65.9,76.75,44.16,82.6,65.96,71.2,50.77,60.7055,D,21.1,No,Yes,High School,Low,4
S4342,Sophia,Taylor,student3342@univ.edu,Male,25,Business,76.32,44.74,57.15,55.97,50.63,33.6,99.92,59.9285,D,15.6,Yes,Yes,None,Medium,3
S4343,Zainab,Smith,student3343@univ.edu,Female,23,Data Science,89.04,83.6,45.56,78.68,61.01,7.1,84.57,66.305,C,25.8,Yes,Yes,High School,Medium,8
S4344,Sophia,Anderson,student3344@univ.edu,Female,19,Business,88.45,82.51,69.97,69.68,89.38,32.6,91.63,78.595,B,13.5,No,Yes,PhD,Low,3
S4345,John,Anderson,student3345@univ.edu,Female,25,Data Science,67.71,86.53,82.5,67.17,61.73,18.5,66.75,75.5285,B,27.3,No,No,Master's,High,5
S4346,John,Anderson,student3346@univ.edu,Male,23,CS,84.71,47.47,85.07,65.93,55.54,78.6,75.42,68.802,C,23.1,No,Yes,PhD,Medium,3
S4347,Sara,Taylor,student3347@univ.edu,Male,24,Business,97.06,79.22,43.57,96.47,97.45,72.0,89.85,73.659,C,28.7,No,Yes,Master's,Low,9
S4348,Lucas,Khan,student3348@univ.edu,Female,19,Business,81.28,57.74,60.4,87.13,81.12,49.8,88.03,71.13,C,34.5,Yes,No,None,High,7
S4349,Lucas,Miller,student3349@univ.edu,Male,25,Physics,57.42,85.62,57.29,56.69,53.0,88.6,66.7,63.634,D,32.3,No,Yes,PhD,Low,3
S4350,Lucas,Brown,student3350@univ.edu,Female,21,Mathematics,83.99,54.42,46.26,73.8,53.11,18.1,66.22,56.0445,D,22.8,No,No,PhD,Low,10
S4351,Sara,Taylor,student3351@univ.edu,Female,18,Business,55.25,81.04,61.75,65.91,80.61,45.2,83.14,72.2695,C,31.8,No,Yes,PhD,Medium,7
S4352,Ali,Smith,student3352@univ.edu,Male,24,Physics,93.61,57.7,57.96,98.9,77.01,71.1,96.68,72.7145,C,9.6,Yes,No,PhD,High,4
S4353,Omar,Wilson,student3353@univ.edu,Male,21,Mathematics,75.83,40.54,78.07,98.9,53.42,6.8,71.94,69.0715,C,6.3,No,No,Master's,Medium,1
S4354,Hassan,Miller,student3354@univ.edu,Male,20,Data Science,69.26,78.0,93.0,65.98,61.22,37.3,67.65,77.3775,B,21.0,Yes,No,Master's,High,4
S4355,Hassan,Miller,student3355@univ.edu,Female,23,Data Science,52.85,46.8,67.29,67.61,96.45,57.2,94.73,71.73,C,34.2,Yes,No,Bachelor's,High,10
S4356,Sophia,Wilson,student3356@univ.edu,Female,25,Data Science,69.04,79.56,84.8,79.97,78.6,36.7,84.15,82.0,B,26.3,No,Yes,None,Low,8
S4357,Maria,Williams,student3357@univ.edu,Male,18,Physics,95.16,95.54,48.76,73.97,72.02,48.0,69.41,68.484,C,14.2,No,Yes,None,Low,6
S4358,Liam,Davis,student3358@univ.edu,Male,21,Physics,51.05,98.15,93.7,60.66,62.51,60.8,52.86,78.8295,B,25.1,Yes,Yes,Master's,Medium,1
S4359,Sophia,Brown,student3359@univ.edu,Male,18,Mathematics,73.73,54.16,49.16,83.02,56.68,36.8,86.07,61.9035,D,6.2,No,Yes,Bachelor's,High,1
S4360,John,Brown,student3360@univ.edu,Female,20,Data Science,96.56,88.56,51.53,66.71,70.13,10.6,67.64,66.4195,C,19.1,No,No,Bachelor's,Low,4
S4361,Fatima,Williams,student3361@univ.edu,Female,22,Engineering,69.74,61.21,46.39,82.69,96.12,13.9,53.53,63.3295,D,12.1,Yes,Yes,PhD,High,6
S4362,Ahmed,Davis,student3362@univ.edu,Female,23,Business,71.41,94.03,58.58,69.18,52.44,52.7,80.61,69.6435,C,6.5,Yes,No,Bachelor's,Low,4
S4363,Emma,Brown,student3363@univ.edu,Male,23,Physics,78.93,87.25,73.14,85.01,99.55,17.5,66.15,80.6555,B,12.5,Yes,Yes,None,Low,9
S4364,Sara,Smith,student3364@univ.edu,Male,19,Physics,73.15,44.44,99.28,83.39,60.39,89.0,66.92,75.241,B,26.7,Yes,No,High School,Medium,2
S4365,David,Jones,student3365@univ.edu,Female,25,Physics,58.43,64.43,87.6,75.44,70.44,83.4,73.96,76.522,B,21.5,No,Yes,Master's,High,6
S4366,Ahmed,Jones,student3366@univ.edu,Male,23,Mathematics,50.93,60.24,62.83,85.24,52.25,34.9,85.87,67.5425,C,5.7,No,Yes,PhD,Low,7
S4367,Liam,Brown,student3367@univ.edu,Male,23,Data Science,80.49,87.11,74.55,73.05,79.24,83.1,63.82,75.931,B,17.3,No,Yes,Bachelor's,High,4
S4368,Lucas,Johnson,student3368@univ.edu,Male,21,Engineering,96.04,64.62,77.4,55.81,74.18,53.3,54.05,67.62,C,27.6,Yes,Yes,Master's,High,5
S4369,John,Brown,student3369@univ.edu,Male,24,Business,55.32,81.08,89.36,59.11,83.34,15.9,71.22,79.5425,B,33.6,No,Yes,Master's,High,5
S4370,Zainab,Wilson,student3370@univ.edu,Female,23,Business,60.55,76.15,84.19,62.3,77.13,61.4,52.75,73.5235,C,31.2,Yes,Yes,Master's,Low,2
S4371,John,Wilson,student3371@univ.edu,Male,23,Data Science,68.51,98.54,74.16,53.16,69.91,67.9,84.86,76.8535,B,5.0,No,Yes,None,High,5
S4372,John,Ahmed,student3372@univ.edu,Female,25,Engineering,90.44,96.27,80.15,85.57,86.89,8.4,97.96,87.8695,A,11.6,Yes,No,PhD,Medium,10
S4373,Lucas,Davis,student3373@univ.edu,Female,20,Mathematics,63.46,65.66,84.76,68.37,51.25,31.4,82.94,73.182,C,11.2,Yes,Yes,High School,Medium,5
S4374,David,Anderson,student3374@univ.edu,Male,24,Physics,94.1,83.41,47.99,54.68,77.05,0.5,63.77,62.8035,D,17.4,Yes,No,PhD,Low,5
S4375,Sara,Miller,student3375@univ.edu,Female,20,Physics,52.75,89.77,52.03,91.0,55.69,31.6,59.09,67.0315,C,24.4,No,No,Bachelor's,Medium,4
S4376,Ahmed,Smith,student3376@univ.edu,Female,25,Data Science,97.05,93.93,81.32,84.18,71.8,33.5,61.64,79.891,B,9.6,Yes,No,PhD,Medium,10
S4377,Lucas,Williams,student3377@univ.edu,Male,18,Business,78.04,44.09,91.03,72.61,89.56,63.0,61.08,74.166,C,32.5,Yes,No,None,Low,4
S4378,Liam,Khan,student3378@univ.edu,Female,18,Physics,82.94,58.12,64.56,62.37,57.12,19.9,65.69,61.997,D,28.3,Yes,Yes,High School,High,7
S4379,Sara,Brown,student3379@univ.edu,Female,23,Business,68.38,59.21,98.79,57.59,96.79,3.0,54.87,77.806,B,17.6,No,No,PhD,Low,6
S4380,Liam,Anderson,student3380@univ.edu,Female,23,Business,89.1,66.07,52.96,72.92,94.43,31.6,94.79,71.071,C,22.5,Yes,No,Bachelor's,Low,8
S4381,Sara,Anderson,student3381@univ.edu,Female,19,Data Science,58.33,50.16,65.0,94.26,70.75,82.6,94.26,71.6725,C,21.3,No,No,PhD,Medium,1
S4382,David,Smith,student3382@univ.edu,Female,18,CS,52.45,69.77,62.71,59.42,50.3,39.9,80.76,64.4745,D,22.5,Yes,No,None,Low,10
S4383,Emma,Williams,student3383@univ.edu,Female,21,CS,69.78,79.79,95.82,78.43,89.49,41.5,53.1,82.648,B,30.8,Yes,Yes,Master's,High,2
S4384,Liam,Wilson,student3384@univ.edu,Female,23,CS,92.68,69.84,57.12,98.08,94.04,46.9,90.2,76.308,B,11.0,No,Yes,None,Low,2
S4385,Lucas,Taylor,student3385@univ.edu,Female,21,Engineering,87.75,79.95,68.25,81.86,58.74,75.2,53.09,68.931,C,25.5,No,Yes,None,Low,2
S4386,Sara,Smith,student3386@univ.edu,Male,23,Data Science,75.86,43.99,51.23,72.0,95.81,48.0,55.32,60.198,D,8.2,Yes,No,None,High,3
S4387,Hassan,Anderson,student3387@univ.edu,Male,25,Business,78.61,92.56,71.28,85.82,95.7,9.1,66.26,80.627,B,18.8,No,No,High School,Low,6
S4388,John,Jones,student3388@univ.edu,Male,21,Physics,56.49,96.34,91.44,91.23,73.56,20.6,71.57,86.726,A,24.1,No,Yes,PhD,High,3
S4389,Ali,Brown,student3389@univ.edu,Female,22,Engineering,92.03,77.07,58.24,79.53,89.9,18.8,67.69,71.366,C,5.4,Yes,Yes,Bachelor's,High,7
S4390,Sophia,Davis,student3390@univ.edu,Female,21,CS,89.35,92.88,88.65,93.59,72.25,50.8,58.26,83.2185,B,8.2,No,No,Master's,Medium,3
S4391,Zainab,Jones,student3391@univ.edu,Female,24,Mathematics,82.82,47.89,94.68,75.73,78.2,3.0,55.61,74.147,C,7.7,Yes,No,Master's,Low,6
S4392,John,Anderson,student3392@univ.edu,Male,18,Engineering,73.31,87.85,44.38,91.5,65.99,28.4,92.97,70.672,C,16.2,No,No,High School,High,2
S4393,Omar,Miller,student3393@univ.edu,Male,23,Engineering,98.22,47.15,85.39,97.6,57.97,60.7,68.16,72.876,C,23.7,No,No,Bachelor's,Low,2
S4394,Emma,Khan,student3394@univ.edu,Male,18,Data Science,93.95,64.48,55.32,75.06,87.33,35.5,60.93,65.756,C,34.9,No,Yes,Master's,Medium,3
S4395,Emma,Johnson,student3395@univ.edu,Female,24,Physics,82.22,59.43,50.52,80.25,50.07,70.8,74.35,60.2685,D,12.6,No,No,Bachelor's,Medium,8
S4396,John,Williams,student3396@univ.edu,Male,24,Engineering,68.59,75.14,76.07,80.47,78.98,39.1,51.84,73.346,C,9.1,No,Yes,Bachelor's,Medium,9
S4397,Zainab,Ahmed,student3397@univ.edu,Male,21,Physics,80.9,58.09,82.34,89.07,93.23,97.9,80.01,79.7835,B,17.4,No,Yes,PhD,High,2
S4398,Hassan,Wilson,student3398@univ.edu,Female,20,Data Science,78.77,78.24,63.69,91.15,61.06,96.5,62.42,70.134,C,9.4,Yes,Yes,High School,Medium,7
S4399,Ahmed,Brown,student3399@univ.edu,Male,20,Mathematics,69.71,62.04,42.35,51.36,66.64,80.0,79.91,56.917,D,5.7,Yes,No,None,Low,1
S4400,David,Davis,student3400@univ.edu,Female,24,Business,65.33,91.65,94.52,86.67,79.37,95.4,80.71,88.4245,A,21.9,No,Yes,None,Low,4
S4401,Liam,Taylor,student3401@univ.edu,Male,20,Business,70.35,78.03,83.84,89.19,62.34,20.5,90.46,81.2485,B,31.4,No,No,Master's,High,6
S4402,Lucas,Wilson,student3402@univ.edu,Female,23,CS,78.7,52.92,56.3,85.02,92.37,75.1,61.5,66.1225,C,30.8,No,No,Master's,Low,7
S4403,Emma,Brown,student3403@univ.edu,Female,19,CS,71.41,60.17,69.81,85.68,68.33,32.2,73.17,70.5445,C,8.0,No,No,High School,High,3
S4404,John,Taylor,student3404@univ.edu,Female,22,Mathematics,63.18,90.85,41.67,52.07,79.08,72.5,98.09,67.1405,C,9.4,No,Yes,PhD,Medium,3
S4405,John,Davis,student3405@univ.edu,Female,21,Business,88.05,63.19,60.36,72.1,61.31,37.4,86.36,66.7295,C,19.7,Yes,Yes,Master's,High,5
S4406,David,Anderson,student3406@univ.edu,Female,19,CS,76.57,72.15,71.35,90.91,52.07,28.9,98.77,75.665,B,16.0,No,Yes,Master's,High,3
S4407,Hassan,Johnson,student3407@univ.edu,Male,20,Physics,53.38,78.94,71.03,96.7,58.69,95.9,96.37,78.4125,B,26.1,Yes,No,Bachelor's,Low,9
S4408,David,Jones,student3408@univ.edu,Female,21,Engineering,68.42,60.87,52.49,61.47,52.31,21.0,80.54,59.6935,D,19.8,Yes,Yes,High School,Low,2
S4409,Maria,Jones,student3409@univ.edu,Female,19,Data Science,94.25,57.64,86.6,78.96,73.43,75.9,63.2,74.1765,C,5.6,No,Yes,None,Medium,10
S4410,Hassan,Anderson,student3410@univ.edu,Female,18,CS,87.76,68.52,57.93,90.22,79.33,67.5,87.85,72.5895,C,13.5,Yes,No,High School,Low,7
S4411,Maria,Wilson,student3411@univ.edu,Female,20,Mathematics,66.16,52.89,74.82,87.62,52.23,30.3,84.91,70.479,C,32.0,Yes,Yes,None,Low,7
S4412,Ahmed,Khan,student3412@univ.edu,Male,25,Business,96.91,57.05,56.29,80.94,54.52,45.8,79.44,63.3465,D,20.3,Yes,Yes,Bachelor's,Low,3
S4413,Ali,Anderson,student3413@univ.edu,Female,19,Mathematics,53.83,43.72,65.51,50.93,74.28,14.3,84.89,63.1875,D,28.9,Yes,Yes,PhD,Low,8
S4414,Ali,Anderson,student3414@univ.edu,Male,25,Data Science,98.06,58.24,52.45,86.19,89.96,92.1,80.68,68.53,C,17.1,No,No,None,Low,3
S4415,Ahmed,Ahmed,student3415@univ.edu,Female,23,Data Science,62.29,59.24,77.98,88.66,81.4,96.8,75.97,76.0455,B,25.3,No,Yes,Bachelor's,Medium,5
S4416,Omar,Brown,student3416@univ.edu,Female,18,Mathematics,50.45,97.71,65.54,86.14,55.24,73.2,70.8,74.308,C,10.1,Yes,No,PhD,Medium,1
S4417,Hassan,Khan,student3417@univ.edu,Male,20,CS,71.69,75.38,40.97,88.29,94.38,84.9,52.24,64.652,D,27.1,No,No,Bachelor's,Medium,10
S4418,Ahmed,Ahmed,student3418@univ.edu,Male,22,CS,67.95,87.24,41.69,71.55,95.87,8.3,93.28,71.1445,C,28.6,No,Yes,PhD,Medium,4
S4419,Sara,Ahmed,student3419@univ.edu,Male,24,Business,76.95,42.72,68.27,99.69,66.25,38.4,93.28,71.3215,C,7.7,Yes,Yes,Master's,Medium,2
S4420,David,Brown,student3420@univ.edu,Female,20,Physics,89.84,46.39,50.99,88.54,80.8,33.1,79.7,64.4805,D,10.5,No,Yes,PhD,Low,5
S4421,Zainab,Davis,student3421@univ.edu,Male,25,Business,92.12,88.87,75.1,78.93,74.62,56.5,63.39,76.6,B,18.9,No,Yes,None,High,4
S4422,Ali,Johnson,student3422@univ.edu,Female,23,Engineering,70.06,77.41,64.49,96.71,97.1,18.3,51.41,74.8365,C,24.1,Yes,Yes,PhD,Medium,4
S4423,Hassan,Ahmed,student3423@univ.edu,Male,22,Physics,71.49,51.46,79.27,95.41,75.44,56.3,50.07,71.1745,C,24.1,No,No,High School,High,4
S4424,Lucas,Brown,student3424@univ.edu,Male,22,Engineering,57.41,64.29,97.14,90.73,98.0,65.4,53.65,83.214,B,25.0,No,Yes,PhD,Medium,5
S4425,Sara,Davis,student3425@univ.edu,Female,22,Business,52.38,72.32,71.72,78.18,59.97,13.2,67.99,70.487,C,26.4,No,No,Bachelor's,High,9
S4426,Liam,Miller,student3426@univ.edu,Male,21,Physics,82.06,90.62,87.24,76.36,67.28,13.2,59.42,79.117,B,20.2,Yes,Yes,None,Low,9
S4427,John,Anderson,student3427@univ.edu,Male,21,Physics,53.22,43.62,85.18,66.44,89.07,3.5,63.25,71.351,C,22.2,No,Yes,Master's,Low,4
S4428,Ahmed,Anderson,student3428@univ.edu,Female,25,Engineering,86.69,75.8,95.31,62.54,89.18,76.1,84.98,84.0235,B,5.3,No,Yes,Master's,Low,9
S4429,Zainab,Wilson,student3429@univ.edu,Female,24,Mathematics,76.95,83.02,52.84,75.62,86.61,33.1,97.96,74.1265,C,10.0,No,No,Bachelor's,High,8
S4430,John,Ahmed,student3430@univ.edu,Female,22,CS,59.93,98.67,89.64,78.89,92.98,22.5,60.34,85.9395,A,20.0,No,Yes,Master's,Medium,5
S4431,Hassan,Miller,student3431@univ.edu,Male,24,Physics,76.98,88.43,94.33,62.23,85.13,77.8,73.28,83.7975,B,27.4,Yes,Yes,None,Low,8
S4432,Emma,Wilson,student3432@univ.edu,Male,18,Physics,59.15,56.57,63.57,96.13,81.8,14.3,99.57,75.1885,B,29.3,Yes,No,Bachelor's,High,7
S4433,Omar,Ahmed,student3433@univ.edu,Male,22,Engineering,71.94,82.57,58.83,77.86,72.95,42.7,96.58,74.213,C,26.9,Yes,Yes,None,Medium,2
S4434,Emma,Taylor,student3434@univ.edu,Male,19,Physics,89.98,85.8,97.12,76.33,73.35,74.5,67.62,83.747,B,19.6,Yes,No,Master's,Low,10
S4435,Omar,Davis,student3435@univ.edu,Male,22,Engineering,73.1,83.78,77.66,71.78,70.31,57.4,65.98,75.1475,B,13.4,Yes,Yes,Master's,Medium,8
S4436,Maria,Davis,student3436@univ.edu,Female,25,Mathematics,57.43,89.21,62.84,52.9,81.01,55.4,62.11,69.239,C,18.3,Yes,Yes,High School,Medium,9
S4437,John,Khan,student3437@univ.edu,Male,21,Physics,86.19,94.22,87.51,94.12,70.33,15.7,57.77,82.8055,B,5.3,Yes,Yes,Bachelor's,Low,2
S4438,Omar,Anderson,student3438@univ.edu,Female,21,Data Science,59.34,45.91,58.27,65.85,57.37,18.1,73.0,59.0095,D,22.9,No,No,PhD,Low,2
S4439,Fatima,Smith,student3439@univ.edu,Male,19,Business,86.93,46.29,50.58,82.12,55.33,58.3,67.06,57.6375,D,7.2,Yes,Yes,Bachelor's,Medium,10
S4440,Ali,Taylor,student3440@univ.edu,Female,19,Mathematics,73.97,87.78,72.64,80.37,96.22,2.4,87.24,82.5545,B,9.4,Yes,No,None,Low,9
S4441,Fatima,Davis,student3441@univ.edu,Male,20,Data Science,72.69,55.14,73.97,79.22,51.24,86.9,61.84,65.7625,C,23.8,No,Yes,Master's,Low,1
S4442,Fatima,Brown,student3442@univ.edu,Male,18,Mathematics,92.57,43.51,89.54,76.29,55.27,35.0,86.82,72.798,C,5.4,Yes,No,High School,Low,3
S4443,Sophia,Anderson,student3443@univ.edu,Female,18,CS,85.43,64.07,67.42,59.07,72.27,41.7,64.41,65.7735,C,22.2,Yes,No,Bachelor's,High,3
S4444,Ali,Wilson,student3444@univ.edu,Male,25,Mathematics,51.65,89.19,88.88,64.03,63.15,25.8,79.64,79.969,B,24.2,No,Yes,None,Low,6
S4445,Sara,Miller,student3445@univ.edu,Female,25,Mathematics,64.81,47.59,58.68,76.21,70.29,87.7,81.92,64.319,D,28.6,No,Yes,High School,Low,7
S4446,Zainab,Wilson,student3446@univ.edu,Male,25,CS,93.55,80.31,74.52,89.47,55.87,64.3,83.59,76.4835,B,7.0,No,Yes,High School,Medium,3
S4447,Omar,Ahmed,student3447@univ.edu,Male,25,Physics,50.92,40.22,52.51,71.6,56.55,45.0,58.77,54.4605,F,5.1,Yes,Yes,High School,Medium,8
S4448,Omar,Jones,student3448@univ.edu,Female,25,Business,77.26,46.58,63.13,60.2,90.03,58.5,64.14,63.567,D,28.0,No,Yes,Master's,Low,2
S4449,Sara,Smith,student3449@univ.edu,Male,25,Data Science,86.39,61.05,91.45,54.4,87.96,38.0,62.31,74.918,C,13.7,Yes,No,None,Medium,3
S4450,John,Davis,student3450@univ.edu,Female,18,Engineering,81.09,45.02,52.96,83.15,55.21,46.6,78.81,60.1155,D,31.6,No,No,High School,High,10
S4451,John,Johnson,student3451@univ.edu,Male,23,Business,88.03,90.75,88.61,71.17,83.39,35.8,53.79,80.416,B,10.5,No,No,Master's,Low,2
S4452,Fatima,Williams,student3452@univ.edu,Male,21,Mathematics,86.28,91.84,56.97,56.27,80.47,41.1,75.91,70.205,C,22.6,Yes,No,Master's,Medium,2
S4453,Sara,Smith,student3453@univ.edu,Male,18,Engineering,84.6,85.33,42.07,83.72,85.67,31.5,54.37,65.3545,C,8.3,No,Yes,Master's,Medium,6
S4454,Hassan,Khan,student3454@univ.edu,Male,25,CS,91.08,54.55,46.6,60.38,73.72,7.8,66.85,57.3625,D,17.1,Yes,No,Bachelor's,Low,3
S4455,Ali,Ahmed,student3455@univ.edu,Male,20,Business,82.28,71.39,84.75,75.45,63.5,3.7,84.34,77.434,B,31.5,No,No,Master's,Medium,3
S4456,Fatima,Anderson,student3456@univ.edu,Male,20,Physics,70.12,51.05,55.72,65.31,83.18,17.4,70.63,62.58,D,23.3,Yes,Yes,None,Medium,9
S4457,Emma,Davis,student3457@univ.edu,Male,18,Data Science,73.6,56.88,79.25,96.58,68.57,25.2,64.02,73.489,C,25.7,Yes,No,PhD,Medium,1
S4458,Sophia,Miller,student3458@univ.edu,Female,19,Business,85.84,70.96,81.95,61.41,60.95,89.0,80.79,73.347,C,11.8,No,No,Bachelor's,Low,9
S4459,Lucas,Davis,student3459@univ.edu,Male,20,Business,93.82,84.1,60.71,71.0,70.43,61.1,87.01,72.3345,C,32.7,Yes,Yes,High School,Low,2
S4460,Liam,Williams,student3460@univ.edu,Male,24,Physics,63.61,45.68,68.5,97.97,88.16,95.8,62.73,70.44,C,23.7,No,No,Master's,Medium,2
S4461,Sophia,Khan,student3461@univ.edu,Male,19,Engineering,67.1,57.8,64.23,65.94,73.79,34.0,64.97,64.7455,D,8.2,Yes,No,Bachelor's,Medium,5
S4462,John,Miller,student3462@univ.edu,Female,24,CS,96.54,95.6,96.84,82.23,64.99,40.2,82.01,87.3985,A,5.5,Yes,No,Bachelor's,Medium,6
S4463,Zainab,Wilson,student3463@univ.edu,Female,21,Physics,78.93,65.75,59.2,65.84,91.59,72.0,98.26,72.2235,C,5.5,No,Yes,None,Low,8
S4464,Lucas,Miller,student3464@univ.edu,Male,23,CS,58.95,96.33,51.0,55.53,94.08,57.8,60.69,68.661,C,6.5,No,Yes,High School,Medium,1
S4465,Maria,Khan,student3465@univ.edu,Male,20,Physics,83.18,99.48,61.94,81.38,71.66,52.8,82.71,76.9375,B,32.3,No,Yes,PhD,Medium,5
S4466,Ahmed,Smith,student3466@univ.edu,Male,19,Business,99.54,71.6,80.17,95.8,68.73,57.6,95.33,81.3585,B,15.8,No,No,PhD,Medium,10
S4467,Zainab,Wilson,student3467@univ.edu,Female,25,CS,91.17,57.28,81.84,72.63,80.63,58.4,73.1,74.054,C,13.9,Yes,No,Bachelor's,High,8
S4468,Fatima,Davis,student3468@univ.edu,Male,24,Engineering,87.29,87.45,95.44,81.31,52.9,76.6,65.84,80.9015,B,17.5,Yes,No,Bachelor's,High,2
S4469,Omar,Anderson,student3469@univ.edu,Female,18,Engineering,60.4,49.56,92.91,80.44,84.57,66.8,83.34,79.683,B,17.3,No,Yes,High School,Medium,10
S4470,Hassan,Taylor,student3470@univ.edu,Male,24,Data Science,93.81,55.12,57.3,70.75,89.11,95.7,51.57,62.7935,D,12.2,Yes,No,Bachelor's,Medium,9
S4471,Hassan,Ahmed,student3471@univ.edu,Female,24,CS,76.29,87.09,67.31,80.74,69.87,94.8,68.01,73.7695,C,7.8,No,Yes,Master's,High,10
S4472,Sara,Ahmed,student3472@univ.edu,Female,21,Data Science,94.46,66.02,84.84,62.97,58.73,42.2,62.9,70.588,C,8.3,Yes,Yes,PhD,Medium,4
S4473,Zainab,Anderson,student3473@univ.edu,Male,22,Physics,66.49,52.09,94.99,68.9,51.44,3.6,61.23,70.9,C,23.0,No,Yes,Master's,Medium,7
S4474,Sara,Davis,student3474@univ.edu,Male,22,Mathematics,53.1,79.07,60.23,72.12,81.86,1.1,58.99,68.84,C,16.9,Yes,No,None,Low,1
S4475,Omar,Williams,student3475@univ.edu,Male,18,Engineering,73.8,83.97,66.67,93.2,63.45,12.3,86.85,76.6535,B,32.1,Yes,Yes,Bachelor's,High,2
S4476,Fatima,Ahmed,student3476@univ.edu,Male,21,Business,63.49,47.5,93.97,67.42,73.19,7.5,97.75,78.1435,B,18.9,Yes,No,High School,High,1
S4477,Zainab,Taylor,student3477@univ.edu,Male,21,Engineering,85.76,56.62,61.51,81.76,69.32,37.3,69.24,65.9005,C,20.1,No,No,None,High,8
S4478,Ahmed,Ahmed,student3478@univ.edu,Male,25,Mathematics,97.86,53.28,68.83,60.67,58.74,5.3,52.46,60.527,D,32.8,Yes,No,None,Low,1
S4479,Liam,Davis,student3479@univ.edu,Male,21,Business,84.55,62.79,94.27,62.63,75.42,62.5,85.95,79.1525,B,20.0,No,No,High School,Low,9
S4480,Ahmed,Johnson,student3480@univ.edu,Female,21,CS,94.35,85.81,88.13,82.42,72.98,19.0,76.91,82.854,B,20.1,Yes,No,None,High,7
S4481,Lucas,Smith,student3481@univ.edu,Male,22,CS,72.65,82.82,54.61,88.12,81.21,51.4,86.18,74.004,C,15.9,Yes,No,Master's,Low,5
S4482,Ahmed,Johnson,student3482@univ.edu,Male,19,Engineering,88.58,79.75,59.49,73.11,62.59,10.3,82.4,69.4865,C,26.3,Yes,No,None,Low,1
S4483,Hassan,Ahmed,student3483@univ.edu,Female,21,Business,92.15,40.38,61.18,66.75,60.73,82.8,95.27,62.9015,D,16.8,Yes,Yes,High School,Low,4
S4484,Lucas,Wilson,student3484@univ.edu,Male,19,Physics,85.54,48.53,94.76,95.51,90.72,78.0,57.02,79.3595,B,22.6,No,Yes,PhD,Medium,3
S4485,Ahmed,Jones,student3485@univ.edu,Male,24,Business,75.39,53.4,99.94,56.79,85.11,38.6,58.46,75.713,B,18.4,No,Yes,Bachelor's,High,7
S4486,Liam,Davis,student3486@univ.edu,Male,24,Data Science,81.29,56.32,86.44,86.04,88.61,91.1,67.08,77.7775,B,20.9,Yes,No,High School,Medium,1
S4487,Zainab,Brown,student3487@univ.edu,Male,21,Mathematics,85.03,48.79,69.06,84.51,56.16,18.6,74.57,66.215,C,29.8,No,Yes,Master's,High,10
S4488,Liam,Brown,student3488@univ.edu,Female,20,CS,62.65,64.62,40.61,84.51,61.2,81.4,96.29,63.4375,D,17.4,No,Yes,Master's,Low,4
S4489,John,Miller,student3489@univ.edu,Female,23,Engineering,90.48,44.51,81.85,96.77,78.78,54.6,95.35,78.1845,B,11.9,Yes,Yes,PhD,High,5
S4490,Omar,Anderson,student3490@univ.edu,Male,20,Business,97.52,85.0,63.36,86.41,92.86,33.0,93.59,80.105,B,22.1,Yes,No,Master's,High,3
S4491,Liam,Anderson,student3491@univ.edu,Male,24,CS,73.26,87.26,77.98,65.08,94.61,8.4,61.13,77.868,B,33.1,Yes,Yes,High School,Medium,5
S4492,Lucas,Khan,student3492@univ.edu,Female,23,Engineering,85.05,74.46,76.4,67.67,91.6,17.1,86.48,78.4945,B,25.8,Yes,Yes,Master's,Medium,4
S4493,Liam,Anderson,student3493@univ.edu,Male,20,CS,86.85,45.38,68.85,69.56,52.17,86.3,69.17,61.8085,D,14.3,No,No,PhD,Low,5
S4494,John,Johnson,student3494@univ.edu,Female,21,Engineering,83.11,93.4,96.66,51.54,91.04,60.7,96.56,88.382,A,33.9,Yes,No,PhD,Low,9
S4495,Sara,Smith,student3495@univ.edu,Female,19,CS,77.36,97.94,41.39,95.68,94.95,23.7,60.73,71.7785,C,15.3,Yes,No,None,Medium,8
S4496,Lucas,Davis,student3496@univ.edu,Female,23,Physics,94.08,52.14,82.73,53.68,52.84,49.6,57.06,63.9205,D,34.5,No,Yes,None,High,8
S4497,John,Williams,student3497@univ.edu,Male,22,Data Science,72.45,82.28,64.59,84.99,70.81,10.8,92.12,76.2505,B,10.8,Yes,No,Master's,High,2
S4498,Hassan,Miller,student3498@univ.edu,Male,18,Mathematics,53.06,90.52,82.83,86.51,76.83,9.9,85.85,84.473,B,35.0,Yes,Yes,Master's,Low,3
S4499,Emma,Wilson,student3499@univ.edu,Male,23,CS,92.23,72.39,80.51,92.19,61.64,90.8,91.07,79.3915,B,7.3,No,No,Master's,Low,4
S4500,Emma,Taylor,student3500@univ.edu,Female,23,Mathematics,83.7,59.4,40.61,77.67,75.83,45.8,57.9,57.8035,D,26.4,No,No,Master's,Low,10
S4501,Maria,Wilson,student3501@univ.edu,Male,22,CS,92.46,68.71,57.12,86.26,94.3,36.2,94.24,74.954,C,27.2,Yes,Yes,None,High,1
S4502,Ahmed,Davis,student3502@univ.edu,Male,21,Business,56.93,70.74,51.35,65.14,93.35,94.9,83.88,68.476,C,25.4,No,Yes,High School,High,9
S4503,Omar,Jones,student3503@univ.edu,Female,20,Data Science,51.54,64.04,50.02,87.28,96.99,39.9,82.58,70.3425,C,28.3,Yes,No,High School,Low,2
S4504,David,Anderson,student3504@univ.edu,Male,20,Physics,96.72,95.79,83.71,67.17,74.21,33.6,79.13,81.533,B,19.2,No,No,High School,High,2
S4505,Sophia,Khan,student3505@univ.edu,Male,24,Data Science,57.39,84.63,54.37,95.14,70.53,27.3,88.24,74.042,C,6.6,No,Yes,None,High,8
S4506,John,Taylor,student3506@univ.edu,Male,19,Mathematics,90.48,54.48,68.48,58.17,83.29,56.5,70.78,66.7,C,15.7,Yes,Yes,High School,High,10
S4507,Sara,Johnson,student3507@univ.edu,Female,21,Business,91.16,75.13,54.82,65.79,70.84,55.8,56.64,63.2035,D,24.3,Yes,No,High School,High,9
S4508,Sophia,Davis,student3508@univ.edu,Male,22,Engineering,85.44,81.32,74.81,74.94,52.1,1.6,76.96,73.0475,C,24.4,Yes,Yes,None,High,1
S4509,Sara,Jones,student3509@univ.edu,Female,21,Data Science,56.56,48.41,83.23,88.79,86.0,65.4,87.41,78.1425,B,10.9,Yes,Yes,Bachelor's,High,2
S4510,Hassan,Johnson,student3510@univ.edu,Female,21,Physics,83.37,61.51,59.86,87.44,64.05,78.8,57.68,64.6285,D,12.6,No,Yes,Master's,Low,10
S4511,Ali,Jones,student3511@univ.edu,Female,20,Business,94.45,94.33,76.18,60.54,52.45,61.6,61.2,71.6575,C,19.6,Yes,Yes,Master's,Low,5
S4512,Ali,Anderson,student3512@univ.edu,Male,22,Business,71.28,74.03,89.49,57.21,51.03,87.0,84.83,75.088,B,26.9,Yes,Yes,Bachelor's,Medium,9
S4513,Ali,Ahmed,student3513@univ.edu,Male,25,Mathematics,70.68,53.02,45.65,65.2,96.57,27.6,63.48,60.369,D,30.6,Yes,Yes,PhD,Low,10
S4514,Sophia,Johnson,student3514@univ.edu,Male,18,Physics,72.14,47.37,82.64,74.19,62.6,19.2,58.5,67.6915,C,7.6,No,Yes,High School,Medium,5
S4515,John,Smith,student3515@univ.edu,Female,23,Business,54.11,71.09,59.39,76.95,72.39,69.7,94.47,71.576,C,32.8,Yes,No,Bachelor's,High,7
S4516,David,Brown,student3516@univ.edu,Female,20,Business,94.6,72.86,47.36,71.46,97.53,18.9,58.04,65.2025,C,32.8,No,No,High School,High,6
S4517,Sophia,Wilson,student3517@univ.edu,Male,22,Engineering,93.46,60.06,72.74,83.15,73.38,9.1,67.21,71.032,C,5.2,Yes,Yes,Bachelor's,High,6
S4518,John,Smith,student3518@univ.edu,Female,19,Mathematics,99.9,77.82,53.58,71.38,53.93,9.7,71.42,63.8265,D,20.2,No,Yes,Master's,Low,2
S4519,Liam,Taylor,student3519@univ.edu,Male,23,Mathematics,79.26,44.12,89.28,97.32,77.6,76.8,73.81,77.3815,B,22.6,No,Yes,High School,High,10
S4520,Hassan,Miller,student3520@univ.edu,Male,23,Physics,87.56,48.71,42.57,63.05,54.41,2.9,68.07,52.471,F,21.6,No,Yes,None,Low,8
S4521,David,Ahmed,student3521@univ.edu,Male,25,Business,60.13,72.78,45.92,81.37,54.75,28.9,95.63,65.3905,C,23.5,No,Yes,Master's,Low,6
S4522,Ali,Brown,student3522@univ.edu,Male,25,Engineering,83.38,43.71,71.26,80.57,92.57,12.9,82.93,72.0935,C,20.1,No,Yes,Master's,Low,4
S4523,Lucas,Smith,student3523@univ.edu,Male,20,CS,82.49,92.85,75.34,64.08,64.47,75.5,67.97,74.417,C,13.8,Yes,No,Master's,High,7
S4524,Hassan,Davis,student3524@univ.edu,Male,24,Data Science,95.06,48.53,83.79,70.58,83.93,50.3,67.89,72.3925,C,7.9,No,Yes,High School,Low,9
S4525,Sara,Jones,student3525@univ.edu,Male,19,Mathematics,91.54,80.44,55.56,68.27,75.45,20.5,75.15,68.3645,C,11.3,No,Yes,PhD,Medium,7
S4526,Ali,Taylor,student3526@univ.edu,Female,20,Engineering,96.92,63.47,90.51,58.62,61.12,75.0,51.68,70.0855,C,27.2,No,Yes,Bachelor's,Medium,6
S4527,Emma,Davis,student3527@univ.edu,Male,21,Physics,93.44,63.99,97.19,73.86,75.89,75.0,96.33,83.7265,B,12.2,Yes,Yes,Bachelor's,High,2
S4528,Ahmed,Brown,student3528@univ.edu,Female,24,Engineering,93.43,85.89,69.94,69.33,53.45,52.3,61.17,69.2495,C,29.9,Yes,Yes,None,Medium,3
S4529,Emma,Khan,student3529@univ.edu,Female,22,Business,53.19,69.97,85.63,58.92,67.36,27.6,84.88,75.6385,B,17.1,No,Yes,PhD,Low,7
S4530,Ali,Jones,student3530@univ.edu,Male,25,Data Science,92.3,83.54,71.49,72.49,76.14,58.6,88.89,77.3575,B,17.4,Yes,Yes,Master's,Medium,1
S4531,Hassan,Taylor,student3531@univ.edu,Female,19,Mathematics,80.37,70.31,44.17,71.09,61.42,93.4,91.37,63.1035,D,31.1,Yes,Yes,Bachelor's,High,1
S4532,David,Miller,student3532@univ.edu,Female,23,CS,69.02,75.57,59.57,56.57,83.01,5.2,58.28,65.6425,C,11.4,Yes,Yes,High School,Medium,3
S4533,Lucas,Brown,student3533@univ.edu,Female,20,Business,52.83,85.64,45.25,56.56,52.59,26.7,76.83,60.8625,D,10.7,Yes,No,Master's,Medium,5
S4534,Sara,Taylor,student3534@univ.edu,Male,25,Mathematics,83.88,76.44,99.33,82.38,74.24,28.5,54.18,81.6735,B,34.6,Yes,Yes,Master's,Medium,3
S4535,Lucas,Smith,student3535@univ.edu,Male,23,Physics,66.41,76.94,53.74,85.33,85.75,63.2,90.24,73.395,C,21.2,Yes,No,PhD,Low,9
S4536,Sophia,Taylor,student3536@univ.edu,Male,19,Mathematics,73.39,87.35,78.15,97.06,71.5,65.1,74.32,81.2545,B,10.7,Yes,Yes,PhD,Low,7
S4537,Zainab,Brown,student3537@univ.edu,Male,25,Engineering,84.09,96.95,57.06,54.35,93.73,20.6,57.92,70.261,C,10.0,No,Yes,Bachelor's,Medium,2
S4538,Sara,Ahmed,student3538@univ.edu,Male,25,Data Science,95.59,62.6,79.19,55.89,81.61,21.6,85.93,73.751,C,30.8,Yes,No,Bachelor's,Low,10
S4539,Ali,Anderson,student3539@univ.edu,Female,23,CS,91.27,74.63,52.62,52.59,97.92,92.8,66.56,65.9035,C,23.0,No,No,Master's,Medium,10
S4540,Sophia,Ahmed,student3540@univ.edu,Female,20,Data Science,72.53,45.18,87.12,76.61,64.21,75.6,55.73,69.0105,C,8.5,No,No,None,Medium,3
S4541,Zainab,Smith,student3541@univ.edu,Male,24,Engineering,69.39,61.53,46.65,81.14,96.94,93.4,73.05,66.303,C,31.6,Yes,Yes,Master's,Medium,3
S4542,John,Davis,student3542@univ.edu,Female,20,CS,61.99,64.72,93.71,70.18,80.34,83.0,61.76,77.5845,B,18.3,Yes,Yes,High School,High,9
S4543,David,Brown,student3543@univ.edu,Female,18,CS,68.62,90.11,90.43,89.9,87.26,40.2,97.51,90.873,A,34.7,Yes,Yes,None,High,7
S4544,Fatima,Anderson,student3544@univ.edu,Female,25,Business,55.55,70.8,80.73,84.33,95.11,12.2,68.07,79.542,B,13.5,Yes,Yes,Bachelor's,Low,3
S4545,John,Williams,student3545@univ.edu,Female,23,CS,98.56,83.86,44.04,99.29,77.56,63.0,78.62,70.5065,C,20.9,No,No,None,High,1
S4546,Maria,Miller,student3546@univ.edu,Male,18,Mathematics,78.7,41.14,52.51,56.89,93.11,35.2,97.42,63.7195,D,10.2,Yes,No,None,Low,4
S4547,Lucas,Anderson,student3547@univ.edu,Male,24,Data Science,56.39,67.87,91.56,52.92,77.08,42.5,69.69,75.5735,B,18.2,No,No,Bachelor's,Medium,5
S4548,Fatima,Williams,student3548@univ.edu,Male,18,Physics,67.64,94.08,47.32,63.74,79.96,42.6,67.91,67.1195,C,10.3,Yes,No,High School,High,9
S4549,Sophia,Khan,student3549@univ.edu,Female,23,Physics,77.35,53.46,49.36,50.95,72.25,93.7,58.12,55.166,D,14.2,Yes,Yes,High School,Medium,4
S4550,Liam,Khan,student3550@univ.edu,Female,19,Data Science,76.64,41.89,72.64,96.63,57.28,6.9,96.92,71.4265,C,13.1,No,Yes,PhD,Low,10
S4551,John,Wilson,student3551@univ.edu,Male,21,Business,51.78,66.0,56.45,65.2,77.68,19.3,90.04,67.8955,C,13.5,No,No,PhD,Medium,2
S4552,Maria,Jones,student3552@univ.edu,Male,24,CS,97.54,82.27,53.32,77.62,98.87,60.8,61.05,70.747,C,34.1,No,No,High School,High,1
S4553,Omar,Anderson,student3553@univ.edu,Female,20,Engineering,63.77,67.27,74.55,65.9,89.36,88.4,66.63,72.83,C,6.2,Yes,No,High School,Low,5
S4554,Fatima,Johnson,student3554@univ.edu,Male,22,Mathematics,50.81,67.6,62.35,62.29,87.37,91.8,95.75,72.154,C,19.9,No,No,PhD,High,3
S4555,Emma,Miller,student3555@univ.edu,Male,24,Business,53.82,80.19,48.43,57.62,82.17,55.9,76.86,65.486,C,23.9,No,No,PhD,High,9
S4556,Sara,Anderson,student3556@univ.edu,Female,18,CS,79.01,55.26,72.09,66.02,67.4,3.5,77.82,67.9695,C,24.8,No,Yes,High School,High,3
S4557,Maria,Williams,student3557@univ.edu,Female,19,Physics,56.89,85.11,63.22,80.77,58.48,36.3,82.41,72.398,C,27.6,Yes,Yes,Bachelor's,High,3
S4558,David,Johnson,student3558@univ.edu,Male,23,Engineering,52.09,49.19,84.07,98.58,61.23,91.9,88.11,76.4505,B,27.8,No,Yes,High School,Medium,2
S4559,Fatima,Miller,student3559@univ.edu,Female,19,CS,68.98,63.75,46.17,77.9,50.32,50.0,96.96,62.6865,D,33.7,No,Yes,Bachelor's,Low,3
S4560,John,Johnson,student3560@univ.edu,Male,19,Business,81.14,79.36,77.24,76.64,83.67,72.7,90.11,80.469,B,27.7,Yes,No,Bachelor's,High,9
S4561,David,Smith,student3561@univ.edu,Female,23,Engineering,55.59,89.7,66.19,51.76,90.59,26.9,96.73,76.9685,B,29.7,No,No,Bachelor's,High,7
S4562,Emma,Williams,student3562@univ.edu,Female,22,Engineering,65.67,87.49,64.36,92.0,63.45,2.5,91.03,76.996,B,21.0,No,Yes,PhD,Medium,2
S4563,Liam,Khan,student3563@univ.edu,Male,23,Engineering,70.89,83.3,53.94,52.24,54.59,57.8,52.32,59.4115,D,24.7,No,No,Master's,High,3
S4564,Lucas,Taylor,student3564@univ.edu,Female,22,Engineering,57.97,61.55,41.83,95.31,66.79,83.5,55.88,59.6475,D,19.3,No,Yes,High School,Low,8
S4565,Lucas,Smith,student3565@univ.edu,Male,23,CS,75.3,47.34,90.86,76.93,64.6,99.0,94.24,76.6345,B,13.3,Yes,No,None,High,10
S4566,Ali,Miller,student3566@univ.edu,Female,18,Engineering,54.26,53.01,59.58,58.42,72.54,84.7,51.38,58.806,D,14.4,No,Yes,None,High,8
S4567,David,Miller,student3567@univ.edu,Male,22,CS,52.33,91.89,80.87,72.59,63.21,55.4,89.71,80.509,B,15.8,Yes,No,High School,High,10
S4568,Hassan,Brown,student3568@univ.edu,Female,18,Engineering,75.99,91.44,96.86,99.75,66.99,60.9,92.49,91.0735,A,15.2,No,No,Bachelor's,Low,1
S4569,Sophia,Williams,student3569@univ.edu,Female,24,Engineering,62.39,97.09,73.9,65.25,95.38,82.4,70.77,79.993,B,21.0,Yes,Yes,PhD,High,1
S4570,Liam,Wilson,student3570@univ.edu,Male,22,Business,54.77,44.56,63.83,63.47,66.74,2.0,67.74,60.945,D,12.4,Yes,No,PhD,Low,8
S4571,Lucas,Wilson,student3571@univ.edu,Female,22,CS,71.2,72.21,56.1,55.9,89.28,95.2,59.72,64.812,D,20.5,Yes,Yes,Bachelor's,Low,8
S4572,Liam,Miller,student3572@univ.edu,Male,23,Physics,95.76,78.92,96.04,79.86,81.29,53.1,52.45,81.438,B,32.5,Yes,Yes,High School,High,2
S4573,Maria,Wilson,student3573@univ.edu,Female,22,CS,86.21,82.64,80.92,54.46,66.88,95.2,87.27,76.1415,B,17.2,No,No,None,Medium,8
S4574,Liam,Jones,student3574@univ.edu,Female,18,Data Science,90.78,78.63,79.92,88.3,90.89,76.5,53.69,78.63,B,11.7,Yes,Yes,PhD,High,1
S4575,Ahmed,Khan,student3575@univ.edu,Male,25,Physics,93.6,86.2,65.57,95.96,79.75,15.2,97.23,81.1305,B,15.4,Yes,No,Bachelor's,Medium,5
S4576,Emma,Brown,student3576@univ.edu,Female,24,Business,98.63,61.57,90.7,96.59,50.43,16.5,64.84,75.838,B,31.3,No,No,PhD,High,10
S4577,Lucas,Miller,student3577@univ.edu,Female,25,CS,88.16,50.77,82.82,55.4,53.44,35.4,89.71,68.9235,C,33.3,Yes,No,Bachelor's,Medium,5
S4578,Liam,Wilson,student3578@univ.edu,Male,23,Business,80.42,52.28,56.99,77.91,87.63,26.4,52.98,63.1805,D,31.6,No,No,PhD,Low,8
S4579,David,Williams,student3579@univ.edu,Female,20,Physics,68.27,40.72,75.97,54.86,72.33,43.9,76.81,65.3335,C,13.6,Yes,No,None,Low,8
S4580,Omar,Ahmed,student3580@univ.edu,Male,24,Business,59.08,61.02,65.81,78.6,70.28,60.4,67.45,67.687,C,16.6,No,Yes,PhD,High,10
S4581,Ahmed,Anderson,student3581@univ.edu,Male,25,Business,84.33,45.5,40.4,90.75,57.29,43.7,51.5,53.171,F,34.2,No,No,High School,High,4
S4582,Ahmed,Taylor,student3582@univ.edu,Male,24,Mathematics,99.75,59.29,88.46,76.89,57.87,5.6,82.79,75.4515,B,14.7,Yes,Yes,Master's,Medium,2
S4583,Sophia,Khan,student3583@univ.edu,Female,25,CS,73.37,77.69,47.37,93.6,89.89,97.6,97.16,74.215,C,9.1,No,Yes,Bachelor's,Medium,6
S4584,Liam,Smith,student3584@univ.edu,Female,18,Business,86.18,93.67,70.6,90.08,91.45,42.5,50.54,78.2545,B,13.5,Yes,No,Master's,Low,4
S4585,Ali,Ahmed,student3585@univ.edu,Male,25,Mathematics,74.75,90.38,60.17,63.83,78.0,85.1,63.52,69.938,C,33.9,Yes,Yes,None,Medium,2
S4586,Sophia,Smith,student3586@univ.edu,Female,24,Mathematics,71.6,55.16,60.53,81.51,64.76,7.4,85.18,66.935,C,17.5,Yes,No,None,Low,9
S4587,Zainab,Jones,student3587@univ.edu,Male,20,Engineering,70.52,48.04,68.64,50.37,96.64,81.0,93.56,69.7175,C,33.0,No,Yes,Master's,Low,9
S4588,Sophia,Johnson,student3588@univ.edu,Female,19,Engineering,75.23,51.58,99.82,69.8,81.2,17.3,59.54,76.834,B,8.1,No,Yes,None,Medium,7
S4589,Omar,Williams,student3589@univ.edu,Male,23,Physics,68.34,98.26,64.5,61.9,89.83,67.9,53.54,73.0175,C,28.0,Yes,Yes,None,High,2
S4590,Maria,Johnson,student3590@univ.edu,Male,19,CS,87.44,72.97,50.94,96.86,50.16,66.2,50.43,62.0405,D,7.8,No,Yes,Bachelor's,Medium,3
S4591,Liam,Brown,student3591@univ.edu,Female,23,Engineering,93.71,50.95,76.82,70.27,72.52,91.0,60.76,67.6095,C,10.9,No,No,Bachelor's,High,9
S4592,John,Taylor,student3592@univ.edu,Male,24,Physics,94.14,90.44,54.18,82.7,93.55,32.1,53.57,71.524,C,23.5,Yes,Yes,Bachelor's,Low,8
S4593,Lucas,Brown,student3593@univ.edu,Male,23,CS,61.38,63.71,46.33,86.6,66.91,10.9,67.97,62.1795,D,18.0,No,No,High School,Low,10
S4594,Sophia,Miller,student3594@univ.edu,Female,25,Physics,94.8,93.95,43.01,88.66,86.33,86.5,72.01,70.8935,C,25.0,No,Yes,High School,High,2
S4595,Emma,Ahmed,student3595@univ.edu,Male,18,Mathematics,67.08,55.64,41.37,86.79,82.88,33.2,74.0,62.158,D,34.2,Yes,No,High School,Low,5
S4596,Sara,Williams,student3596@univ.edu,Male,20,Mathematics,65.47,63.59,65.87,64.46,57.61,23.3,57.12,62.651,D,6.6,Yes,Yes,High School,Low,2
S4597,Emma,Ahmed,student3597@univ.edu,Female,23,CS,86.34,70.3,65.6,84.3,88.75,48.6,73.2,73.9575,C,10.7,No,No,Master's,Medium,1
S4598,Omar,Miller,student3598@univ.edu,Male,20,Physics,65.23,93.56,51.13,77.45,55.63,14.6,50.45,64.137,D,24.2,No,No,Bachelor's,Medium,9
S4599,Omar,Davis,student3599@univ.edu,Male,23,Physics,52.65,92.13,87.04,79.87,86.4,29.7,61.97,83.126,B,31.9,No,No,None,Low,7
S4600,David,Wilson,student3600@univ.edu,Male,20,Engineering,68.68,74.46,47.76,50.04,99.55,38.5,68.45,64.314,D,28.9,Yes,No,PhD,Medium,4
S4601,Zainab,Smith,student3601@univ.edu,Male,19,Engineering,86.07,53.31,94.92,62.91,97.9,27.7,55.92,76.3935,B,19.0,No,No,High School,Low,3
S4602,Zainab,Ahmed,student3602@univ.edu,Male,18,CS,66.35,64.2,75.25,96.53,90.01,45.0,90.7,80.7635,B,27.4,No,No,None,Low,3
S4603,Maria,Anderson,student3603@univ.edu,Male,23,Data Science,81.48,98.54,41.66,64.5,76.73,38.5,60.06,64.4825,D,11.2,No,Yes,Bachelor's,High,7
S4604,Ali,Miller,student3604@univ.edu,Male,21,Engineering,83.01,76.47,97.78,71.9,83.74,77.5,87.74,86.024,A,5.4,Yes,Yes,Master's,Medium,10
S4605,Lucas,Johnson,student3605@univ.edu,Male,20,Business,86.69,86.87,58.48,59.33,86.41,91.8,73.69,70.7565,C,22.1,No,No,None,Medium,9
S4606,Fatima,Davis,student3606@univ.edu,Female,20,Engineering,94.86,66.99,67.0,56.93,50.42,10.1,73.99,64.049,D,29.4,No,No,PhD,Low,7
S4607,Sophia,Smith,student3607@univ.edu,Male,25,Data Science,71.63,71.92,57.06,60.43,55.12,82.3,82.26,64.0265,D,18.0,Yes,Yes,None,High,2
S4608,Emma,Miller,student3608@univ.edu,Male,21,Physics,58.32,65.74,83.71,77.68,79.85,93.2,52.21,73.9075,C,22.1,No,No,Bachelor's,Medium,6
S4609,Sara,Ahmed,student3609@univ.edu,Female,18,Mathematics,65.95,82.18,69.14,95.95,50.33,68.7,53.94,70.668,C,17.7,No,Yes,None,Medium,8
S4610,Omar,Davis,student3610@univ.edu,Male,20,Mathematics,71.61,91.09,47.94,66.31,95.45,99.6,66.34,69.212,C,20.4,Yes,No,Master's,Low,7
S4611,Omar,Davis,student3611@univ.edu,Male,18,Physics,85.69,70.44,46.25,66.17,74.48,33.5,70.84,61.999,D,31.5,No,No,Bachelor's,Medium,2
S4612,Maria,Williams,student3612@univ.edu,Male,20,Mathematics,50.66,68.85,83.52,78.21,62.89,83.0,71.5,74.892,C,19.3,No,Yes,High School,Medium,7
S4613,Sara,Brown,student3613@univ.edu,Male,24,Engineering,65.79,60.42,54.22,67.84,69.69,67.4,83.84,64.2665,D,5.2,Yes,No,Bachelor's,Low,9
S4614,Hassan,Davis,student3614@univ.edu,Male,22,Mathematics,88.99,50.63,48.27,95.52,92.54,32.3,50.04,62.7355,D,29.0,No,Yes,None,High,3
S4615,Sara,Jones,student3615@univ.edu,Male,24,Data Science,83.54,96.35,69.97,68.89,96.36,70.5,97.96,83.241,B,23.5,No,No,PhD,Medium,3
S4616,Maria,Brown,student3616@univ.edu,Female,20,Data Science,86.59,58.96,88.17,74.52,55.81,51.0,58.72,71.009,C,26.9,No,No,Bachelor's,Low,5
S4617,Omar,Smith,student3617@univ.edu,Female,22,Engineering,90.59,88.04,56.73,76.67,88.9,18.9,62.43,71.6635,C,32.0,No,No,Bachelor's,Low,9
S4618,Lucas,Smith,student3618@univ.edu,Female,23,Physics,89.16,82.92,56.59,89.1,78.91,17.4,95.28,75.884,B,13.6,No,Yes,Bachelor's,High,1
S4619,Liam,Smith,student3619@univ.edu,Female,18,Business,84.11,87.46,90.03,78.2,79.28,71.3,50.27,80.165,B,20.1,No,No,Bachelor's,High,7
S4620,Liam,Smith,student3620@univ.edu,Female,20,Engineering,71.98,96.21,48.87,61.96,88.97,71.2,99.57,73.9215,C,23.1,Yes,Yes,None,Low,7
S4621,Maria,Jones,student3621@univ.edu,Male,25,Mathematics,99.18,77.4,77.0,56.2,61.14,53.1,51.8,67.801,C,15.4,Yes,Yes,High School,Low,4
S4622,Sara,Ahmed,student3622@univ.edu,Male,19,Engineering,78.45,93.88,97.3,96.89,76.55,50.1,56.03,87.2515,A,30.4,Yes,Yes,PhD,Low,6
S4623,Sophia,Miller,student3623@univ.edu,Male,25,Data Science,60.14,50.06,90.48,90.08,65.97,18.0,62.01,74.389,C,25.9,Yes,Yes,Bachelor's,Medium,1
S4624,Maria,Taylor,student3624@univ.edu,Male,19,Engineering,64.64,77.6,43.71,51.15,54.73,42.9,71.94,57.4915,D,27.0,No,No,PhD,Medium,10
S4625,Lucas,Ahmed,student3625@univ.edu,Male,21,Engineering,84.68,86.34,59.19,91.08,55.25,87.1,75.92,71.322,C,29.2,Yes,Yes,None,Medium,4
S4626,Maria,Davis,student3626@univ.edu,Female,19,Business,96.24,56.3,48.54,79.53,56.82,85.5,55.24,56.9875,D,12.7,Yes,Yes,High School,Medium,3
S4627,Ahmed,Smith,student3627@univ.edu,Female,22,Data Science,58.94,84.45,96.95,75.94,80.74,66.1,53.68,82.3765,B,27.4,Yes,No,Bachelor's,High,5
S4628,Zainab,Khan,student3628@univ.edu,Male,19,CS,54.12,86.71,99.16,50.61,55.29,99.7,51.59,75.6715,B,28.2,Yes,No,High School,Medium,8
S4629,Emma,Brown,student3629@univ.edu,Male,19,CS,94.08,89.87,54.1,89.04,78.51,89.3,62.84,71.4675,C,30.3,No,No,Bachelor's,Low,5
S4630,Sara,Brown,student3630@univ.edu,Male,19,Data Science,95.76,58.77,80.18,59.9,79.41,14.5,96.08,75.1255,B,19.7,No,No,Bachelor's,Medium,1
S4631,Ali,Davis,student3631@univ.edu,Female,20,CS,63.82,80.9,90.5,86.4,95.19,39.9,69.49,85.517,A,20.1,No,Yes,Master's,High,2
S4632,David,Miller,student3632@univ.edu,Female,21,Mathematics,68.86,58.26,54.02,50.79,81.32,13.2,88.2,63.6055,D,7.9,Yes,Yes,PhD,Low,2
S4633,David,Anderson,student3633@univ.edu,Male,18,CS,83.01,84.34,51.26,89.82,99.28,46.6,59.51,72.1005,C,30.6,Yes,Yes,High School,Medium,9
S4634,Sara,Anderson,student3634@univ.edu,Female,21,Mathematics,66.5,67.78,40.67,51.15,51.55,77.6,53.23,51.18,F,21.0,Yes,No,PhD,Medium,10
S4635,Ali,Taylor,student3635@univ.edu,Male,25,Data Science,93.86,75.85,64.72,61.79,85.21,15.6,77.71,71.5285,C,22.8,Yes,No,PhD,Low,7
S4636,Fatima,Miller,student3636@univ.edu,Female,22,CS,55.38,64.95,93.97,63.41,51.32,88.0,91.1,76.754,B,8.6,No,Yes,PhD,Low,4
S4637,Lucas,Davis,student3637@univ.edu,Female,20,CS,51.9,49.72,94.18,57.88,86.47,56.9,94.92,78.7975,B,23.1,No,No,High School,Low,9
S4638,Ahmed,Anderson,student3638@univ.edu,Male,23,Physics,60.42,50.68,47.66,74.05,69.29,74.9,77.31,59.9145,D,6.3,Yes,Yes,Bachelor's,High,9
S4639,Ahmed,Anderson,student3639@univ.edu,Female,20,Mathematics,64.3,44.65,52.26,64.18,80.57,4.5,64.7,58.6385,D,32.7,No,No,Bachelor's,High,7
S4640,Omar,Anderson,student3640@univ.edu,Female,24,Mathematics,55.65,77.08,64.48,99.66,65.48,9.4,55.48,71.077,C,30.9,Yes,No,Bachelor's,High,9
S4641,Emma,Johnson,student3641@univ.edu,Male,19,Engineering,53.28,90.92,86.84,79.0,57.96,62.1,83.39,81.6305,B,10.8,Yes,No,Bachelor's,Low,9
S4642,Liam,Khan,student3642@univ.edu,Female,25,Business,87.78,41.25,76.71,78.32,86.18,83.8,64.02,69.3765,C,22.8,No,Yes,Bachelor's,Medium,7
S4643,John,Ahmed,student3643@univ.edu,Male,19,CS,58.21,43.97,70.83,61.04,95.23,87.4,92.2,70.855,C,23.1,No,No,Bachelor's,Low,5
S4644,Lucas,Jones,student3644@univ.edu,Female,22,Physics,95.7,67.45,75.52,70.43,59.18,68.8,80.26,71.4025,C,29.1,Yes,No,None,Medium,9
S4645,John,Davis,student3645@univ.edu,Male,23,Business,68.4,84.26,45.77,56.2,96.04,20.1,92.94,69.6485,C,27.7,Yes,Yes,None,Medium,3
S4646,Hassan,Wilson,student3646@univ.edu,Male,25,Physics,83.53,49.46,68.66,88.13,57.01,19.5,78.33,67.4435,C,34.8,No,Yes,Bachelor's,Low,4
S4647,John,Williams,student3647@univ.edu,Female,24,Business,61.27,56.3,99.52,66.56,86.78,88.1,88.59,82.3815,B,15.5,No,Yes,High School,High,6
S4648,Sara,Ahmed,student3648@univ.edu,Female,20,CS,62.02,53.92,45.31,87.6,97.97,11.3,64.72,64.186,D,8.7,Yes,No,PhD,Low,7
S4649,David,Williams,student3649@univ.edu,Male,23,Physics,78.74,63.94,71.15,68.58,57.37,68.6,75.15,67.8555,C,22.2,Yes,No,PhD,Medium,10
S4650,David,Miller,student3650@univ.edu,Female,18,Mathematics,78.03,53.5,57.74,99.44,71.75,53.4,50.97,64.233,D,27.9,No,Yes,High School,Low,8
S4651,Liam,Davis,student3651@univ.edu,Female,21,Engineering,88.44,61.16,72.39,58.56,66.87,42.1,80.39,68.4415,C,13.6,No,No,None,Low,4
S4652,Sara,Davis,student3652@univ.edu,Female,20,Physics,87.89,83.71,74.43,50.08,69.42,44.0,76.69,72.221,C,12.1,Yes,Yes,PhD,Medium,9
S4653,John,Williams,student3653@univ.edu,Male,23,Data Science,83.53,76.66,74.65,79.74,87.66,94.5,87.76,79.7335,B,29.1,No,No,None,Low,3
S4654,Ali,Taylor,student3654@univ.edu,Male,18,CS,72.46,44.87,91.13,97.65,83.06,86.1,86.45,80.9435,B,27.6,Yes,No,Master's,High,3
S4655,Hassan,Williams,student3655@univ.edu,Male,18,CS,94.53,78.26,63.38,82.35,98.43,86.5,81.38,77.159,B,11.1,No,No,PhD,High,5
S4656,Fatima,Davis,student3656@univ.edu,Female,24,Data Science,81.13,68.62,70.98,54.29,59.27,40.7,52.83,63.5255,D,31.1,Yes,Yes,Master's,High,2
S4657,Zainab,Anderson,student3657@univ.edu,Female,24,Business,99.51,96.07,40.66,77.02,77.16,10.7,95.15,70.8445,C,9.0,No,Yes,Master's,Medium,1
S4658,Sophia,Taylor,student3658@univ.edu,Male,21,Engineering,90.97,57.36,87.37,95.47,72.46,99.8,50.9,74.876,C,8.3,Yes,No,Master's,Low,9
S4659,David,Smith,student3659@univ.edu,Male,18,Business,52.22,83.57,55.57,50.33,95.94,14.5,90.16,71.628,C,15.5,No,Yes,Master's,Low,8
S4660,Lucas,Wilson,student3660@univ.edu,Female,25,Data Science,66.03,83.85,88.99,58.35,50.53,51.6,73.97,75.344,B,31.6,Yes,Yes,Bachelor's,High,3
S4661,Ali,Johnson,student3661@univ.edu,Female,22,Data Science,78.59,53.29,55.94,90.73,99.46,26.5,90.9,72.4005,C,25.9,No,No,Bachelor's,Medium,5
S4662,Lucas,Khan,student3662@univ.edu,Female,18,Engineering,86.07,94.19,40.65,94.7,73.99,51.1,73.25,69.3565,C,16.8,No,No,High School,High,8
S4663,Omar,Jones,student3663@univ.edu,Female,23,Data Science,77.52,69.47,49.29,85.36,81.28,30.5,82.35,68.494,C,9.7,No,Yes,PhD,High,2
S4664,Maria,Smith,student3664@univ.edu,Male,24,Data Science,89.31,80.73,99.14,99.58,68.0,89.7,68.16,86.206,A,26.4,No,Yes,High School,High,7
S4665,Sophia,Brown,student3665@univ.edu,Female,22,Physics,64.13,48.75,59.19,54.51,92.63,96.8,87.18,65.6145,C,23.0,No,No,Master's,High,9
S4666,David,Williams,student3666@univ.edu,Female,25,Engineering,59.2,55.47,46.53,77.28,78.1,41.0,62.71,60.093,D,34.6,No,No,High School,Medium,4
S4667,Hassan,Wilson,student3667@univ.edu,Male,24,CS,52.7,75.17,47.13,84.25,83.14,7.0,85.97,69.5335,C,28.0,Yes,No,Bachelor's,Medium,2
S4668,Ahmed,Williams,student3668@univ.edu,Male,25,Business,78.67,59.14,58.62,85.13,82.45,66.3,59.67,66.4325,C,8.1,Yes,No,None,High,9
S4669,David,Khan,student3669@univ.edu,Female,24,CS,84.43,69.98,42.26,89.67,68.2,37.7,86.11,65.384,C,26.8,Yes,No,None,Medium,10
S4670,Ali,Williams,student3670@univ.edu,Male,24,CS,66.31,62.44,70.69,95.88,53.8,98.6,64.68,69.3835,C,12.7,No,Yes,None,High,1
S4671,Omar,Smith,student3671@univ.edu,Female,18,Physics,80.68,78.43,52.82,68.08,90.39,8.9,63.93,67.533,C,33.9,Yes,Yes,None,High,6
S4672,Lucas,Anderson,student3672@univ.edu,Female,19,Business,52.61,69.23,71.16,52.15,64.49,11.9,90.57,69.8335,C,5.6,No,Yes,None,High,8
S4673,John,Ahmed,student3673@univ.edu,Male,18,CS,54.96,40.28,48.45,68.12,92.45,69.9,90.68,62.701,D,12.2,Yes,Yes,PhD,High,2
S4674,Ahmed,Anderson,student3674@univ.edu,Male,24,Engineering,85.09,78.98,65.79,83.58,80.43,75.9,84.57,76.1095,B,20.0,Yes,Yes,Master's,Low,10
S4675,Sara,Johnson,student3675@univ.edu,Female,22,Business,68.4,65.33,75.88,60.67,67.69,47.1,96.2,73.308,C,7.4,No,No,Bachelor's,Low,7
S4676,Emma,Taylor,student3676@univ.edu,Male,18,Mathematics,83.57,60.5,43.72,90.5,79.71,27.7,57.81,61.605,D,15.3,No,No,None,High,7
S4677,John,Williams,student3677@univ.edu,Female,24,Physics,91.59,45.65,63.92,60.99,82.27,31.0,63.47,62.5115,D,19.9,No,No,PhD,High,3
S4678,Emma,Miller,student3678@univ.edu,Female,24,CS,92.63,53.22,58.15,50.5,85.33,33.8,64.7,61.076,D,18.4,No,No,Bachelor's,High,10
S4679,Sophia,Anderson,student3679@univ.edu,Female,18,Data Science,58.61,53.43,54.42,75.4,91.12,22.5,65.26,64.5,D,18.8,No,Yes,None,Low,4
S4680,Fatima,Khan,student3680@univ.edu,Male,18,Business,74.31,96.12,76.27,86.32,57.99,85.1,66.4,77.525,B,31.4,No,Yes,Master's,Low,8
S4681,Maria,Davis,student3681@univ.edu,Female,22,Mathematics,86.7,65.95,75.31,67.48,97.21,6.5,84.85,76.9795,B,20.2,Yes,Yes,High School,High,6
S4682,Fatima,Ahmed,student3682@univ.edu,Female,25,Data Science,88.7,42.52,77.84,87.44,70.54,40.7,63.54,68.976,C,33.2,No,No,Master's,Low,2
S4683,Ahmed,Wilson,student3683@univ.edu,Female,18,Mathematics,89.23,48.33,49.53,71.92,93.02,74.8,64.3,61.3875,D,9.4,No,Yes,Master's,Low,6
S4684,Liam,Miller,student3684@univ.edu,Male,21,CS,61.41,44.74,57.14,58.59,61.02,0.4,78.52,58.6665,D,13.4,Yes,No,None,Low,7
S4685,Ahmed,Smith,student3685@univ.edu,Female,23,Data Science,59.63,75.33,52.58,54.53,51.45,87.8,59.67,58.3165,D,24.7,Yes,No,High School,Medium,8
S4686,Fatima,Smith,student3686@univ.edu,Female,21,CS,79.5,51.2,72.43,85.53,78.67,70.6,68.24,70.4565,C,13.5,Yes,Yes,High School,High,8
S4687,David,Johnson,student3687@univ.edu,Female,22,Data Science,87.05,69.91,67.66,69.29,66.23,7.3,52.9,65.926,C,15.4,Yes,No,Bachelor's,Low,8
S4688,Ali,Johnson,student3688@univ.edu,Male,19,Business,65.96,62.2,59.82,95.64,99.22,89.5,97.63,77.2505,B,32.0,Yes,Yes,PhD,Low,8
S4689,Lucas,Taylor,student3689@univ.edu,Female,21,Engineering,55.24,88.23,87.16,77.01,55.22,48.7,65.87,77.867,B,21.2,Yes,Yes,Bachelor's,Medium,6
S4690,David,Ahmed,student3690@univ.edu,Female,25,Engineering,85.84,59.23,45.64,67.42,52.37,65.2,92.5,59.6635,D,15.0,Yes,No,None,Medium,1
S4691,David,Davis,student3691@univ.edu,Male,24,Mathematics,64.98,67.5,98.49,67.45,52.25,88.2,76.5,77.4015,B,28.3,Yes,No,High School,Medium,4
S4692,Ali,Wilson,student3692@univ.edu,Male,23,Physics,58.32,83.28,46.99,56.57,60.84,88.1,61.41,59.9255,D,7.1,Yes,No,Master's,Medium,2
S4693,Ali,Davis,student3693@univ.edu,Female,20,Data Science,57.39,66.0,86.38,79.69,78.96,40.9,59.67,76.181,B,21.9,No,Yes,Master's,Medium,10
S4694,Sophia,Brown,student3694@univ.edu,Female,23,CS,65.75,87.59,62.09,79.11,75.28,23.8,84.75,75.1205,B,8.0,No,Yes,PhD,Medium,7
S4695,John,Johnson,student3695@univ.edu,Female,21,Physics,79.63,79.7,91.92,90.0,67.5,25.7,98.24,86.473,A,10.3,No,Yes,None,Medium,1
S4696,Liam,Taylor,student3696@univ.edu,Male,20,Business,67.92,64.63,44.45,60.06,54.44,76.6,59.15,54.531,F,6.9,No,Yes,None,High,5
S4697,Liam,Jones,student3697@univ.edu,Male,22,Business,51.03,70.24,62.48,64.54,61.69,92.9,55.77,63.216,D,32.1,Yes,No,Bachelor's,Medium,10
S4698,David,Williams,student3698@univ.edu,Female,25,Business,54.85,98.03,60.13,54.86,59.21,7.2,69.35,68.1645,C,6.4,Yes,No,High School,Low,8
S4699,Emma,Williams,student3699@univ.edu,Male,23,Engineering,64.53,79.7,99.59,64.77,87.28,1.5,69.69,84.0575,B,20.5,Yes,No,High School,Low,4
S4700,Sophia,Jones,student3700@univ.edu,Female,19,CS,82.99,94.3,99.13,71.41,89.0,82.3,90.31,91.1635,A,11.7,Yes,Yes,PhD,Low,7
S4701,Hassan,Anderson,student3701@univ.edu,Female,20,Business,54.93,50.73,51.39,98.2,88.85,38.7,73.44,67.206,C,16.5,No,Yes,Master's,Low,5
S4702,David,Davis,student3702@univ.edu,Male,20,Business,78.03,68.99,77.8,82.65,98.45,27.6,53.12,76.161,B,19.8,Yes,Yes,Bachelor's,Medium,1
S4703,Maria,Jones,student3703@univ.edu,Female,23,Mathematics,55.99,94.52,72.13,89.14,94.21,18.8,96.03,86.0565,A,18.5,No,No,PhD,High,2
S4704,Lucas,Taylor,student3704@univ.edu,Male,21,Data Science,60.58,59.36,49.26,66.28,74.89,34.6,68.66,60.5875,D,27.4,No,No,High School,High,5
S4705,Ali,Wilson,student3705@univ.edu,Male,20,Data Science,58.61,98.06,50.07,57.23,70.75,97.1,83.43,68.848,C,32.4,No,Yes,Bachelor's,Medium,7
S4706,John,Jones,student3706@univ.edu,Female,22,Data Science,53.36,45.82,99.36,62.84,95.79,97.7,83.37,80.24,B,14.0,No,No,None,High,7
S4707,Sara,Taylor,student3707@univ.edu,Male,23,Physics,83.57,94.16,67.16,62.82,80.56,33.2,52.82,71.768,C,5.7,No,Yes,Master's,Medium,9
S4708,Ali,Johnson,student3708@univ.edu,Female,22,Mathematics,73.17,66.71,47.55,79.16,64.72,96.4,50.18,59.0935,D,31.8,No,Yes,High School,Low,3
S4709,Maria,Miller,student3709@univ.edu,Male,23,Engineering,91.55,44.42,52.89,67.07,78.22,30.0,54.4,57.349,D,34.4,No,No,High School,Medium,4
S4710,Emma,Smith,student3710@univ.edu,Female,22,Physics,54.94,92.77,56.1,92.87,99.61,85.4,97.83,81.7355,B,18.0,Yes,Yes,PhD,High,3
S4711,Ahmed,Smith,student3711@univ.edu,Female,21,Mathematics,57.24,55.12,70.66,99.43,92.47,21.2,89.7,77.995,B,18.7,Yes,Yes,Master's,High,8
S4712,Zainab,Ahmed,student3712@univ.edu,Female,23,Business,65.32,41.34,60.13,67.16,64.06,82.6,56.6,57.4865,D,9.3,No,No,High School,High,9
S4713,Ahmed,Brown,student3713@univ.edu,Male,25,CS,88.29,48.15,67.3,85.25,97.65,35.4,80.74,72.731,C,19.3,Yes,No,High School,Medium,8
S4714,Fatima,Davis,student3714@univ.edu,Female,24,Physics,65.29,79.55,49.99,82.87,99.07,19.6,80.6,72.7875,C,14.1,Yes,Yes,High School,Medium,2
S4715,Maria,Wilson,student3715@univ.edu,Male,19,Physics,70.42,98.67,59.6,59.72,61.56,93.5,50.03,66.2905,C,34.8,No,Yes,PhD,Medium,10
S4716,Fatima,Miller,student3716@univ.edu,Male,21,Business,65.08,46.69,44.22,95.9,94.78,21.4,71.45,64.1345,D,10.5,No,No,High School,High,1
S4717,David,Miller,student3717@univ.edu,Male,22,Business,54.01,67.72,93.38,59.97,94.16,99.2,85.59,82.185,B,16.4,No,No,PhD,High,5
S4718,Sara,Johnson,student3718@univ.edu,Male,25,CS,96.97,50.84,51.93,86.85,51.99,10.9,59.34,58.0705,D,23.5,No,Yes,None,High,2
S4719,Omar,Jones,student3719@univ.edu,Male,23,Data Science,77.43,84.7,85.41,67.38,83.48,1.0,92.55,83.345,B,15.4,No,Yes,None,Low,3
S4720,Ali,Davis,student3720@univ.edu,Female,21,Physics,89.39,47.08,60.97,68.35,65.26,87.1,83.02,63.25,D,19.2,Yes,No,None,Medium,9
S4721,Omar,Williams,student3721@univ.edu,Male,22,Mathematics,82.92,54.39,68.46,72.77,83.73,58.7,50.35,65.8665,C,34.2,No,Yes,None,Medium,3
S4722,Emma,Miller,student3722@univ.edu,Female,18,Engineering,75.71,51.78,57.48,93.23,95.68,42.2,92.75,72.723,C,20.2,Yes,Yes,Bachelor's,High,1
S4723,David,Taylor,student3723@univ.edu,Female,18,Business,54.48,73.15,81.79,57.01,74.94,8.2,50.97,70.6945,C,32.3,Yes,No,Bachelor's,High,9
S4724,Liam,Williams,student3724@univ.edu,Male,20,Business,82.14,92.39,90.67,52.73,70.72,57.5,94.4,82.89,B,6.3,No,Yes,None,High,2
S4725,Ali,Brown,student3725@univ.edu,Female,19,Engineering,57.77,70.67,57.18,70.1,96.08,39.4,66.69,69.0775,C,8.6,No,No,None,High,10
S4726,Fatima,Jones,student3726@univ.edu,Female,18,Mathematics,70.72,43.49,54.53,52.78,98.71,48.4,84.93,63.2465,D,33.3,Yes,No,Master's,Low,6
S4727,Liam,Jones,student3727@univ.edu,Male,24,Business,81.46,73.8,80.89,84.38,53.11,63.0,89.37,77.1005,B,8.9,Yes,Yes,High School,High,7
S4728,John,Wilson,student3728@univ.edu,Female,22,Engineering,89.11,87.85,51.71,88.02,96.14,64.0,64.06,72.9015,C,27.1,Yes,No,Master's,High,9
S4729,Hassan,Miller,student3729@univ.edu,Male,21,Business,84.25,47.93,78.39,92.74,54.14,96.1,67.82,69.2275,C,18.4,No,No,Master's,High,8
S4730,Sara,Johnson,student3730@univ.edu,Male,23,Data Science,83.58,44.36,45.67,87.19,66.86,65.5,75.48,59.286,D,17.2,No,No,Master's,Medium,6
S4731,Hassan,Anderson,student3731@univ.edu,Male,21,Data Science,57.45,51.27,77.21,95.82,88.13,33.9,79.13,76.7395,B,24.8,Yes,Yes,Master's,Medium,4
S4732,Sara,Anderson,student3732@univ.edu,Female,20,Business,67.31,84.77,70.8,87.42,88.85,33.0,64.6,77.8645,B,26.8,No,No,Master's,High,4
S4733,Ahmed,Khan,student3733@univ.edu,Female,25,Business,52.15,75.5,46.83,96.8,86.29,47.7,99.62,73.897,C,33.0,No,Yes,Master's,Medium,4
S4734,Sophia,Smith,student3734@univ.edu,Female,21,Data Science,85.97,72.44,78.95,59.66,51.96,25.9,86.85,71.891,C,12.7,Yes,No,None,Low,10
S4735,Ali,Taylor,student3735@univ.edu,Female,18,Business,97.63,54.97,66.79,74.99,56.65,37.6,63.71,63.673,D,25.9,Yes,No,Master's,Low,2
S4736,Fatima,Williams,student3736@univ.edu,Male,21,Mathematics,63.21,59.93,53.03,99.7,96.81,84.2,82.02,72.326,C,15.3,No,No,Bachelor's,Low,7
S4737,Hassan,Khan,student3737@univ.edu,Male,18,Mathematics,54.38,97.95,61.2,84.08,54.07,86.0,71.77,72.498,C,26.5,No,No,High School,Low,1
S4738,Emma,Brown,student3738@univ.edu,Female,18,CS,73.78,54.44,69.53,93.93,53.93,62.8,93.02,71.3555,C,9.3,No,No,Bachelor's,Medium,5
S4739,Omar,Smith,student3739@univ.edu,Male,19,Mathematics,92.83,94.1,45.49,51.52,91.78,58.3,66.45,66.204,C,18.7,No,Yes,PhD,Medium,4
S4740,Zainab,Jones,student3740@univ.edu,Female,20,Physics,77.6,74.83,97.46,93.59,82.06,42.7,59.39,84.333,B,10.5,Yes,Yes,Bachelor's,High,2
S4741,Emma,Williams,student3741@univ.edu,Male,24,Physics,52.34,47.4,79.93,84.89,67.58,63.6,52.31,68.1725,C,15.1,Yes,No,PhD,Low,9
S4742,Liam,Davis,student3742@univ.edu,Male,24,Physics,98.71,68.04,46.15,58.54,58.29,80.6,99.22,62.168,D,26.5,No,No,None,Low,1
S4743,Liam,Miller,student3743@univ.edu,Male,22,Business,91.43,96.91,89.37,51.28,94.21,73.8,67.96,82.679,B,12.0,Yes,Yes,PhD,Medium,4
S4744,Hassan,Brown,student3744@univ.edu,Male,24,Business,56.58,65.11,59.35,63.0,99.43,3.5,61.03,67.3135,C,25.5,No,No,Master's,Low,6
S4745,Zainab,Davis,student3745@univ.edu,Male,18,Engineering,96.09,91.8,75.81,95.79,52.5,73.1,74.59,78.3255,B,19.9,Yes,No,Master's,Medium,4
S4746,Maria,Johnson,student3746@univ.edu,Female,23,Physics,72.53,55.39,56.63,83.41,77.71,72.0,64.58,64.7535,D,7.8,No,Yes,Master's,Medium,10
S4747,John,Khan,student3747@univ.edu,Female,20,Physics,68.59,74.26,84.0,95.97,63.07,9.9,61.65,77.3555,B,16.6,Yes,No,PhD,Low,10
S4748,Ali,Miller,student3748@univ.edu,Male,22,Mathematics,73.05,90.63,83.38,72.31,91.62,15.0,80.82,84.0215,B,31.1,Yes,Yes,PhD,High,4
S4749,Sara,Williams,student3749@univ.edu,Female,24,Data Science,91.73,95.24,73.12,96.83,67.3,78.8,53.74,77.3205,B,34.7,Yes,No,PhD,Medium,2
S4750,Lucas,Miller,student3750@univ.edu,Male,24,Data Science,82.97,69.15,54.46,73.15,85.73,55.9,75.45,68.0405,C,16.1,Yes,Yes,High School,Medium,10
S4751,Fatima,Smith,student3751@univ.edu,Male,23,CS,52.96,78.38,55.22,60.21,76.98,82.2,69.37,65.987,C,6.6,Yes,Yes,High School,Low,9
S4752,Emma,Wilson,student3752@univ.edu,Male,21,Engineering,97.88,40.18,62.97,57.57,77.08,18.5,76.63,61.7675,D,8.9,Yes,Yes,High School,Medium,9
S4753,Fatima,Smith,student3753@univ.edu,Male,20,Data Science,57.39,55.19,48.7,99.69,92.9,3.1,66.02,66.8745,C,28.6,No,Yes,Master's,High,1
S4754,Liam,Johnson,student3754@univ.edu,Female,23,CS,87.28,56.72,60.26,66.69,73.52,16.2,78.52,65.2445,C,24.7,No,No,None,Low,1
S4755,Sophia,Taylor,student3755@univ.edu,Male,24,Mathematics,81.81,45.61,81.06,58.0,92.28,45.3,54.09,68.1485,C,13.6,Yes,No,Bachelor's,Medium,8
S4756,Ahmed,Davis,student3756@univ.edu,Female,20,Engineering,59.38,56.78,89.85,50.42,68.17,52.3,68.81,70.9135,C,16.7,Yes,Yes,High School,Low,9
S4757,Omar,Ahmed,student3757@univ.edu,Male,20,Engineering,58.54,59.27,59.95,64.28,58.74,85.8,61.87,60.57,D,29.3,No,No,Bachelor's,High,3
S4758,John,Smith,student3758@univ.edu,Male,24,Physics,93.52,98.13,54.02,94.46,72.77,71.6,71.9,74.4025,C,17.4,Yes,No,High School,Low,3
S4759,Sophia,Wilson,student3759@univ.edu,Female,21,Business,70.98,80.12,89.96,76.7,74.92,99.0,69.92,80.741,B,27.7,Yes,No,PhD,High,2
S4760,John,Taylor,student3760@univ.edu,Male,21,Physics,82.73,65.56,93.44,81.62,73.92,7.9,81.56,81.381,B,13.9,No,No,PhD,Low,9
S4761,Maria,Smith,student3761@univ.edu,Male,24,Mathematics,75.2,99.28,64.6,96.12,90.42,13.0,81.44,82.663,B,26.7,Yes,Yes,Master's,High,2
S4762,Lucas,Jones,student3762@univ.edu,Female,20,Physics,86.37,49.19,41.61,75.64,78.23,8.4,70.67,58.0825,D,19.0,Yes,No,Master's,Low,7
S4763,Hassan,Wilson,student3763@univ.edu,Female,23,Engineering,73.96,68.56,81.7,91.91,94.42,53.8,59.08,79.1185,B,21.4,Yes,No,Bachelor's,Low,2
S4764,Hassan,Davis,student3764@univ.edu,Female,19,Physics,64.37,78.82,87.04,66.19,75.71,26.7,79.1,79.378,B,23.0,No,No,Master's,Medium,10
S4765,Liam,Brown,student3765@univ.edu,Male,18,CS,68.17,43.33,41.08,98.86,61.24,68.4,98.33,61.8085,D,18.5,Yes,No,None,Low,10
S4766,Ahmed,Anderson,student3766@univ.edu,Male,21,Physics,92.95,83.02,75.7,53.94,56.47,13.3,59.27,68.551,C,19.0,No,No,None,Medium,6
S4767,Zainab,Taylor,student3767@univ.edu,Female,24,Data Science,73.4,45.99,75.3,86.24,93.42,10.3,53.45,70.5195,C,13.0,Yes,Yes,None,High,3
S4768,Ali,Jones,student3768@univ.edu,Female,25,Mathematics,60.67,48.42,62.72,83.03,52.81,46.0,63.23,61.4965,D,34.6,No,No,Master's,High,1
S4769,Zainab,Ahmed,student3769@univ.edu,Male,19,Mathematics,96.73,49.58,84.99,59.58,55.88,37.6,70.65,67.579,C,32.2,Yes,No,High School,Low,6
S4770,Sophia,Brown,student3770@univ.edu,Male,21,Engineering,89.83,95.73,65.69,69.44,53.18,82.9,65.31,70.327,C,20.8,No,No,Bachelor's,Medium,2
S4771,John,Williams,student3771@univ.edu,Female,25,Physics,52.78,80.99,80.61,65.64,71.19,83.8,91.74,78.697,B,6.0,No,No,Bachelor's,Medium,7
S4772,Sara,Wilson,student3772@univ.edu,Female,20,Engineering,99.95,79.33,71.03,54.72,76.63,11.7,74.65,71.6265,C,10.1,No,Yes,Bachelor's,Low,9
S4773,Maria,Khan,student3773@univ.edu,Female,24,Engineering,84.75,73.33,54.91,79.24,50.99,81.2,62.31,62.7655,D,30.6,No,No,High School,Medium,1
S4774,Sara,Jones,student3774@univ.edu,Female,19,CS,58.01,57.57,76.39,99.68,75.78,56.4,97.51,79.196,B,32.9,Yes,No,Master's,Low,4
S4775,Ahmed,Miller,student3775@univ.edu,Male,24,Business,61.86,77.25,84.21,77.98,69.69,50.4,56.25,75.5115,B,9.8,No,Yes,High School,Low,5
S4776,Ali,Williams,student3776@univ.edu,Male,23,Engineering,84.62,64.61,98.43,77.26,88.68,9.5,56.15,80.686,B,27.0,No,No,PhD,Low,9
S4777,Ali,Williams,student3777@univ.edu,Male,23,Business,88.99,48.72,62.81,52.02,91.5,74.0,62.26,62.5945,D,23.7,No,Yes,High School,Medium,3
S4778,Sophia,Ahmed,student3778@univ.edu,Male,22,Business,61.95,81.38,43.87,56.96,84.25,6.0,53.84,60.888,D,14.1,Yes,No,Master's,Low,6
S4779,Fatima,Taylor,student3779@univ.edu,Female,18,Mathematics,62.85,47.77,99.28,75.66,73.67,27.8,87.58,79.8385,B,18.1,Yes,No,High School,High,5
S4780,Maria,Ahmed,student3780@univ.edu,Male,18,Data Science,65.36,51.44,77.43,99.26,60.81,9.5,65.64,71.245,C,25.3,Yes,Yes,Master's,Low,5
S4781,Ali,Wilson,student3781@univ.edu,Female,21,Data Science,79.9,89.06,96.79,93.83,92.36,53.1,86.49,92.5905,A,8.0,No,Yes,High School,Medium,2
S4782,Ali,Ahmed,student3782@univ.edu,Male,18,Physics,58.59,79.61,46.23,67.01,67.08,64.5,88.14,65.437,C,10.7,No,Yes,High School,Low,10
S4783,Sophia,Jones,student3783@univ.edu,Male,24,CS,55.21,77.86,60.52,77.15,67.81,89.1,61.88,67.78,C,6.0,No,No,Bachelor's,Low,5
S4784,Liam,Johnson,student3784@univ.edu,Male,24,CS,83.94,65.09,48.04,77.64,95.8,73.4,75.92,67.236,C,32.1,No,No,Bachelor's,High,3
S4785,David,Khan,student3785@univ.edu,Female,22,Data Science,88.95,63.78,90.13,84.27,98.78,96.1,75.98,83.156,B,22.2,Yes,No,Bachelor's,High,2
S4786,Maria,Jones,student3786@univ.edu,Male,25,Physics,75.05,81.42,92.82,84.39,94.91,76.1,93.57,89.7015,A,20.7,Yes,Yes,Master's,Medium,6
S4787,Sara,Ahmed,student3787@univ.edu,Female,23,Data Science,68.19,84.4,70.08,89.49,99.91,29.8,51.28,77.51,B,26.2,Yes,Yes,None,Low,1
S4788,Ahmed,Smith,student3788@univ.edu,Female,25,Physics,71.6,70.61,51.2,51.25,93.45,54.8,65.84,63.623,D,34.7,Yes,No,None,Low,6
S4789,Ali,Williams,student3789@univ.edu,Male,25,Physics,69.42,98.16,47.63,97.18,85.22,45.8,94.12,77.7805,B,10.2,No,No,None,High,8
S4790,Ali,Davis,student3790@univ.edu,Female,19,Physics,98.0,97.34,75.29,53.5,64.69,56.6,61.84,72.824,C,9.0,Yes,Yes,None,Low,3
S4791,Hassan,Williams,student3791@univ.edu,Male,19,Physics,88.4,64.75,70.38,73.81,97.65,57.2,56.84,71.828,C,13.8,No,Yes,Master's,Medium,10
S4792,Lucas,Williams,student3792@univ.edu,Female,23,Mathematics,60.4,89.24,81.69,95.98,93.83,70.2,78.81,86.7325,A,32.1,No,No,Bachelor's,High,7
S4793,Liam,Anderson,student3793@univ.edu,Male,20,Mathematics,69.21,72.6,58.31,74.38,62.04,8.3,65.29,65.185,C,17.3,Yes,No,Bachelor's,High,3
S4794,Ali,Khan,student3794@univ.edu,Female,23,Data Science,77.2,70.71,64.14,53.18,74.46,74.7,73.36,66.741,C,28.8,Yes,No,Bachelor's,Medium,6
S4795,David,Khan,student3795@univ.edu,Female,19,Physics,80.65,43.3,41.28,61.46,53.5,14.4,91.0,54.002,F,11.1,Yes,No,Master's,Low,7
S4796,Lucas,Miller,student3796@univ.edu,Male,25,Engineering,73.41,74.44,76.61,78.93,97.67,2.6,76.03,79.596,B,19.8,No,Yes,High School,Medium,3
S4797,Hassan,Ahmed,student3797@univ.edu,Male,21,Physics,90.51,94.03,65.39,54.39,78.64,51.9,75.79,73.0155,C,8.8,Yes,No,PhD,High,5
S4798,Omar,Johnson,student3798@univ.edu,Male,22,Engineering,88.38,86.81,95.19,71.18,62.26,58.1,63.91,80.281,B,17.4,Yes,Yes,Master's,High,3
S4799,Liam,Brown,student3799@univ.edu,Male,25,Mathematics,75.26,87.18,78.51,66.45,64.62,3.5,89.64,78.021,B,12.9,No,No,High School,Medium,4
S4800,Ahmed,Khan,student3800@univ.edu,Female,23,Physics,92.72,49.6,63.92,90.76,99.03,51.5,86.99,73.809,C,21.5,No,No,Bachelor's,High,5
S4801,John,Ahmed,student3801@univ.edu,Female,20,Business,87.55,61.51,55.82,55.51,80.78,53.5,61.71,61.539,D,28.4,Yes,No,Bachelor's,Low,7
S4802,Maria,Brown,student3802@univ.edu,Female,25,Data Science,88.93,53.99,94.32,84.14,71.03,5.2,66.0,76.9855,B,33.2,Yes,Yes,None,High,4
S4803,Sophia,Khan,student3803@univ.edu,Female,21,Physics,97.82,58.95,40.98,70.33,74.99,71.2,89.43,61.3455,D,13.5,No,No,None,Medium,4
S4804,Ahmed,Miller,student3804@univ.edu,Male,23,CS,63.32,74.77,59.61,79.39,54.93,21.0,67.89,66.149,C,27.3,Yes,Yes,High School,Medium,2
S4805,Maria,Williams,student3805@univ.edu,Female,21,Engineering,63.38,61.89,96.61,60.28,53.75,79.4,70.18,73.823,C,31.6,No,No,PhD,High,5
S4806,Lucas,Brown,student3806@univ.edu,Male,25,Physics,94.45,73.64,79.24,80.49,79.64,31.1,68.22,76.7145,B,8.7,No,No,High School,Medium,3
S4807,Fatima,Ahmed,student3807@univ.edu,Female,23,Business,88.61,66.31,71.96,83.7,75.6,47.8,58.08,71.055,C,22.6,No,Yes,High School,Medium,4
S4808,Sophia,Wilson,student3808@univ.edu,Male,21,Engineering,96.33,57.2,52.21,53.51,67.96,89.2,67.04,57.99,D,23.4,No,No,PhD,Low,8
S4809,Emma,Johnson,student3809@univ.edu,Male,24,Business,53.16,45.72,90.0,91.22,78.31,80.6,90.15,79.596,B,13.2,No,Yes,High School,High,4
S4810,Sara,Brown,student3810@univ.edu,Male,18,Data Science,81.39,93.51,52.25,93.06,53.63,78.2,74.55,70.1755,C,5.7,Yes,Yes,High School,Low,6
S4811,Omar,Miller,student3811@univ.edu,Male,21,Data Science,57.23,40.68,54.9,53.18,97.2,16.0,72.91,60.8445,D,12.7,Yes,Yes,Master's,Medium,3
S4812,Liam,Smith,student3812@univ.edu,Male,24,Data Science,75.19,40.1,51.51,80.16,64.69,4.8,57.82,56.449,D,22.5,No,No,PhD,Medium,1
S4813,Ali,Brown,student3813@univ.edu,Female,25,Mathematics,57.79,89.61,49.49,79.7,53.59,60.6,58.88,64.069,D,10.9,No,No,Bachelor's,Low,4
S4814,Fatima,Ahmed,student3814@univ.edu,Male,18,Business,56.4,99.81,97.2,50.62,58.48,41.1,52.15,78.1695,B,13.6,Yes,Yes,None,High,6
S4815,Hassan,Johnson,student3815@univ.edu,Female,19,Physics,50.61,83.63,76.12,67.12,54.77,90.9,50.7,69.2565,C,26.2,Yes,No,Bachelor's,Medium,9
S4816,Fatima,Khan,student3816@univ.edu,Female,18,CS,81.51,40.92,78.27,98.45,58.93,35.0,74.4,70.3455,C,16.9,No,No,Bachelor's,Medium,5
S4817,Ahmed,Taylor,student3817@univ.edu,Male,21,CS,67.95,53.6,97.26,77.77,70.84,41.1,70.46,77.6215,B,7.0,No,No,None,Medium,7
S4818,Omar,Khan,student3818@univ.edu,Female,22,Data Science,55.26,98.31,53.83,96.66,86.9,52.6,63.77,75.602,B,17.0,No,Yes,None,High,1
S4819,John,Taylor,student3819@univ.edu,Female,22,CS,66.14,88.52,40.36,83.78,63.62,79.6,99.5,68.865,C,35.0,No,Yes,High School,Low,8
S4820,Zainab,Wilson,student3820@univ.edu,Female,19,Engineering,58.45,74.01,75.93,51.42,71.8,26.8,69.9,70.3455,C,12.8,Yes,No,PhD,Low,4
S4821,Maria,Jones,student3821@univ.edu,Male,21,Business,97.08,54.21,70.47,53.89,96.44,94.2,89.44,71.472,C,13.0,Yes,Yes,None,High,8
S4822,Maria,Jones,student3822@univ.edu,Male,18,Business,66.0,40.86,68.66,86.11,64.79,54.0,60.53,63.9175,D,10.1,Yes,No,PhD,Medium,9
S4823,Ahmed,Brown,student3823@univ.edu,Male,22,Business,66.7,41.25,43.71,77.73,89.74,84.1,62.35,58.0215,D,13.1,No,No,High School,Medium,3
S4824,David,Davis,student3824@univ.edu,Male,23,Engineering,91.99,76.72,67.27,56.36,57.89,52.6,78.42,67.789,C,22.2,Yes,No,Bachelor's,High,4
S4825,David,Ahmed,student3825@univ.edu,Female,20,Physics,82.39,41.31,57.25,80.7,58.92,77.2,50.2,56.7725,D,33.9,No,No,None,Medium,6
S4826,Ali,Smith,student3826@univ.edu,Female,21,Mathematics,85.51,99.62,56.47,90.51,72.81,5.1,50.87,71.817,C,23.2,No,No,None,Low,3
S4827,Emma,Miller,student3827@univ.edu,Female,24,Engineering,81.8,51.0,53.34,87.65,61.71,79.9,57.11,59.8395,D,17.3,Yes,No,High School,Low,9
S4828,Sara,Smith,student3828@univ.edu,Female,24,Business,97.31,82.64,59.95,62.31,95.15,52.4,61.16,70.3035,C,16.7,No,Yes,PhD,Medium,3
S4829,Sophia,Taylor,student3829@univ.edu,Female,23,Business,60.35,49.3,61.19,62.91,52.54,44.9,76.39,60.0525,D,5.7,No,No,PhD,High,7
S4830,John,Ahmed,student3830@univ.edu,Female,23,Business,99.45,72.41,58.53,98.39,79.86,11.2,84.31,74.3515,C,5.1,Yes,Yes,Master's,High,7
S4831,Ali,Ahmed,student3831@univ.edu,Male,21,Physics,91.55,44.84,98.73,94.37,80.21,74.2,65.59,79.549,B,28.9,No,Yes,Bachelor's,Medium,5
S4832,Omar,Brown,student3832@univ.edu,Female,20,CS,79.45,86.01,95.96,65.92,53.3,13.1,61.95,77.9635,B,19.7,No,No,Master's,Medium,6
S4833,David,Khan,student3833@univ.edu,Female,22,Mathematics,83.12,75.1,74.47,91.2,86.63,19.2,91.14,81.43,B,6.0,Yes,Yes,PhD,Medium,1
S4834,Emma,Johnson,student3834@univ.edu,Female,20,Engineering,82.44,45.17,98.86,58.09,73.44,12.6,58.14,72.0855,C,13.6,No,No,Master's,High,3
S4835,Emma,Miller,student3835@univ.edu,Male,19,Business,52.92,90.92,99.47,59.84,86.15,0.7,83.92,87.485,A,15.7,No,Yes,PhD,High,3
S4836,Ahmed,Smith,student3836@univ.edu,Female,18,Data Science,60.9,72.82,61.36,59.06,91.35,66.2,96.57,73.087,C,28.5,Yes,No,None,High,2
S4837,John,Johnson,student3837@univ.edu,Female,18,Mathematics,98.07,95.3,66.71,54.39,66.14,27.1,61.61,69.7295,C,18.0,No,No,High School,Medium,1
S4838,Lucas,Miller,student3838@univ.edu,Male,23,Data Science,76.72,95.0,97.54,92.73,74.22,14.9,54.35,86.334,A,28.7,Yes,Yes,Master's,High,9
S4839,Sophia,Smith,student3839@univ.edu,Female,22,Mathematics,68.92,95.23,76.52,78.94,63.04,32.0,98.99,81.9735,B,24.0,No,No,None,High,4
S4840,Sara,Wilson,student3840@univ.edu,Male,20,Business,88.1,44.67,52.78,62.95,60.08,49.9,63.54,55.3925,D,6.0,No,No,None,Low,8
S4841,Liam,Taylor,student3841@univ.edu,Male,23,Mathematics,76.23,47.26,81.36,92.43,50.03,50.3,63.78,68.864,C,34.1,Yes,Yes,High School,Medium,7
S4842,Ahmed,Williams,student3842@univ.edu,Female,21,Mathematics,50.66,99.26,52.34,90.13,98.18,36.7,74.19,77.546,B,10.4,Yes,No,High School,Low,6
S4843,Sophia,Miller,student3843@univ.edu,Female,23,Business,86.81,69.26,60.36,55.05,72.05,49.5,61.55,63.2755,D,13.3,No,Yes,None,High,1
S4844,Liam,Taylor,student3844@univ.edu,Male,21,Physics,86.61,54.29,53.65,82.21,50.65,42.7,99.64,64.5105,D,29.3,No,No,None,Low,3
S4845,Liam,Ahmed,student3845@univ.edu,Female,21,Data Science,58.26,86.18,54.7,86.09,50.45,82.3,52.15,64.6845,D,10.7,No,No,Master's,Low,5
S4846,Hassan,Anderson,student3846@univ.edu,Female,19,Physics,97.83,55.86,40.28,85.79,64.42,3.0,72.57,58.687,D,17.0,Yes,Yes,Master's,Medium,1
S4847,John,Davis,student3847@univ.edu,Male,19,Data Science,61.2,83.63,92.84,86.16,50.7,86.8,77.42,81.362,B,30.9,Yes,No,Bachelor's,Low,1
S4848,Hassan,Ahmed,student3848@univ.edu,Male,21,CS,72.89,90.24,57.76,58.47,68.73,24.4,73.35,68.3465,C,24.1,No,Yes,Bachelor's,Medium,10
S4849,John,Brown,student3849@univ.edu,Female,25,Data Science,55.74,87.06,45.18,65.75,53.15,72.2,76.03,62.4645,D,14.1,Yes,Yes,None,Low,9
S4850,Ali,Anderson,student3850@univ.edu,Male,22,Data Science,80.16,56.44,45.22,92.21,51.96,40.5,99.38,63.6475,D,24.3,No,Yes,Bachelor's,Low,1
S4851,Omar,Johnson,student3851@univ.edu,Female,19,Mathematics,68.77,64.1,73.36,94.92,83.47,29.4,93.85,79.332,B,29.4,Yes,No,None,High,4
S4852,Emma,Ahmed,student3852@univ.edu,Female,19,CS,67.66,64.8,99.58,63.96,95.34,61.5,65.42,81.521,B,17.1,No,Yes,High School,Medium,8
S4853,Sophia,Ahmed,student3853@univ.edu,Female,18,Business,91.35,69.48,48.7,51.15,70.47,76.9,77.57,60.8195,D,22.2,Yes,Yes,High School,High,9
S4854,Ahmed,Miller,student3854@univ.edu,Female,23,Business,50.48,50.04,45.98,92.99,91.84,45.0,50.02,61.3285,D,34.6,Yes,No,Master's,High,6
S4855,Ali,Brown,student3855@univ.edu,Male,18,Engineering,89.9,67.15,66.3,68.85,51.46,46.7,70.48,65.2535,C,33.9,No,Yes,PhD,Medium,8
S4856,Zainab,Brown,student3856@univ.edu,Female,22,CS,78.57,70.65,73.8,66.47,88.88,5.9,58.19,71.991,C,20.3,No,No,None,Medium,6
S4857,Maria,Anderson,student3857@univ.edu,Male,19,Mathematics,99.3,71.9,57.66,67.35,53.14,92.4,85.57,65.47,C,7.9,No,Yes,Master's,Medium,8
S4858,Ahmed,Ahmed,student3858@univ.edu,Female,24,Engineering,79.47,89.19,58.15,70.78,91.92,84.7,61.05,71.753,C,26.0,No,No,Bachelor's,Medium,7
S4859,Omar,Anderson,student3859@univ.edu,Female,25,Engineering,52.77,71.04,65.47,68.91,94.12,39.8,87.44,74.693,C,13.1,Yes,No,None,High,9
S4860,Sara,Williams,student3860@univ.edu,Male,19,Business,52.53,53.85,58.85,78.32,89.3,76.5,65.66,66.3595,C,25.1,Yes,No,Master's,Low,9
S4861,Fatima,Smith,student3861@univ.edu,Female,20,Data Science,94.16,79.79,94.92,53.95,91.04,31.3,96.29,85.372,A,15.6,No,No,Bachelor's,Low,2
S4862,Fatima,Miller,student3862@univ.edu,Male,22,Mathematics,92.06,87.84,42.52,98.58,78.07,73.0,72.27,69.788,C,26.6,Yes,No,None,Medium,5
S4863,Emma,Taylor,student3863@univ.edu,Male,24,CS,67.29,59.16,54.07,96.82,63.24,51.7,91.98,68.5625,C,16.0,No,No,Master's,High,2
S4864,Fatima,Jones,student3864@univ.edu,Female,23,Engineering,80.9,78.72,88.51,96.72,82.16,46.1,81.41,85.766,A,33.2,Yes,Yes,PhD,Medium,6
S4865,Fatima,Ahmed,student3865@univ.edu,Female,23,Mathematics,74.48,48.82,90.04,93.96,71.98,5.7,98.87,80.9995,B,9.1,Yes,Yes,Master's,Low,4
S4866,Maria,Khan,student3866@univ.edu,Female,24,Business,98.36,60.52,46.69,83.02,50.27,96.5,87.14,61.51,D,7.1,No,No,None,High,8
S4867,David,Miller,student3867@univ.edu,Female,23,Engineering,97.5,94.55,98.43,61.06,73.84,83.7,86.39,86.554,A,28.4,No,Yes,Bachelor's,Medium,10
S4868,Hassan,Miller,student3868@univ.edu,Male,25,Engineering,99.19,94.68,81.6,52.47,82.56,79.3,63.24,77.2365,B,17.0,No,No,None,Medium,4
S4869,Sara,Miller,student3869@univ.edu,Female,24,Physics,93.32,74.52,56.36,54.97,50.69,30.5,75.24,61.765,D,19.0,No,Yes,None,Medium,6
S4870,Hassan,Brown,student3870@univ.edu,Female,22,Business,95.48,82.14,67.36,66.2,81.07,29.0,64.51,71.771,C,33.0,No,No,Master's,Medium,1
S4871,John,Johnson,student3871@univ.edu,Female,24,Physics,60.86,91.24,57.83,75.19,82.63,57.3,50.96,69.8055,C,22.7,No,Yes,None,Medium,4
S4872,Liam,Brown,student3872@univ.edu,Female,24,Business,91.55,97.51,49.0,99.66,57.91,84.6,85.53,73.117,C,24.8,Yes,Yes,High School,Medium,4
S4873,David,Johnson,student3873@univ.edu,Female,20,Business,85.44,69.39,57.47,71.77,71.55,93.5,61.79,64.759,D,5.6,Yes,No,PhD,Low,6
S4874,Hassan,Anderson,student3874@univ.edu,Male,20,Physics,98.14,73.69,74.81,76.23,98.22,26.9,69.87,77.5695,B,25.1,Yes,Yes,Bachelor's,High,8
S4875,Ahmed,Jones,student3875@univ.edu,Female,18,Mathematics,78.56,64.94,89.56,84.76,94.21,60.7,64.23,80.814,B,16.7,No,No,PhD,High,4
S4876,Ahmed,Brown,student3876@univ.edu,Male,22,Mathematics,54.26,44.32,61.81,59.04,70.54,72.4,59.98,58.9315,D,18.8,Yes,No,Master's,Low,4
S4877,Hassan,Ahmed,student3877@univ.edu,Female,22,Mathematics,79.87,65.37,60.87,96.64,67.49,22.6,53.36,67.002,C,29.2,No,Yes,Master's,High,3
S4878,Hassan,Johnson,student3878@univ.edu,Female,20,Data Science,84.33,87.44,68.08,76.45,56.2,40.7,66.89,71.247,C,20.7,Yes,Yes,High School,Medium,8
S4879,Fatima,Brown,student3879@univ.edu,Female,21,Engineering,61.02,88.29,78.67,63.81,51.76,18.7,54.09,70.6415,C,34.6,No,Yes,Master's,High,6
S4880,John,Davis,student3880@univ.edu,Male,21,Mathematics,69.71,93.54,85.1,96.76,64.87,69.9,77.02,84.2905,B,28.9,Yes,No,Master's,Low,4
S4881,Omar,Brown,student3881@univ.edu,Female,18,Data Science,79.93,43.09,59.61,81.27,97.01,86.4,50.98,63.8705,D,26.9,Yes,Yes,Master's,Low,5
S4882,Sophia,Jones,student3882@univ.edu,Male,25,Engineering,68.71,71.63,75.18,74.18,97.93,87.8,97.0,81.0055,B,22.7,No,Yes,PhD,Medium,2
S4883,David,Jones,student3883@univ.edu,Male,21,Mathematics,68.75,46.45,63.36,79.01,90.63,67.0,98.32,71.66,C,17.4,No,Yes,High School,Medium,9
S4884,David,Johnson,student3884@univ.edu,Female,21,Business,56.65,52.04,82.98,87.42,67.54,34.7,65.23,72.4795,C,6.6,No,Yes,None,High,8
S4885,Hassan,Johnson,student3885@univ.edu,Male,21,CS,97.04,94.01,49.88,57.73,57.18,66.1,63.01,62.948,D,5.6,No,Yes,Bachelor's,Medium,2
S4886,Lucas,Anderson,student3886@univ.edu,Female,25,Mathematics,87.52,69.81,55.42,93.24,79.78,86.4,55.22,67.595,C,6.4,Yes,Yes,High School,High,8
S4887,Sara,Jones,student3887@univ.edu,Female,19,CS,50.06,85.51,65.56,97.98,82.33,62.6,95.25,81.382,B,33.8,No,No,PhD,High,6
S4888,Emma,Jones,student3888@univ.edu,Male,18,Mathematics,88.28,43.86,93.36,78.35,71.23,41.3,79.34,75.786,B,14.7,No,Yes,None,Medium,1
S4889,Sara,Ahmed,student3889@univ.edu,Female,20,Business,86.99,65.01,74.4,84.11,84.58,92.0,80.51,76.422,B,26.0,No,No,None,High,10
S4890,Sophia,Williams,student3890@univ.edu,Female,21,CS,50.49,80.45,97.92,92.99,87.33,83.5,94.79,91.6285,A,22.8,Yes,No,Bachelor's,High,4
S4891,Ahmed,Miller,student3891@univ.edu,Male,23,Data Science,68.48,48.0,46.2,68.74,89.15,88.2,95.54,63.7845,D,22.2,No,Yes,None,High,5
S4892,Hassan,Wilson,student3892@univ.edu,Male,24,Business,80.34,59.55,67.61,99.64,75.11,90.3,91.42,75.499,B,22.4,No,No,High School,High,2
S4893,Ahmed,Brown,student3893@univ.edu,Male,19,CS,72.64,43.87,65.14,84.03,89.58,39.4,88.67,70.915,C,14.1,Yes,Yes,None,Low,10
S4894,Ahmed,Smith,student3894@univ.edu,Male,25,CS,88.9,79.08,76.01,71.2,51.27,86.0,93.86,74.869,C,31.6,No,No,PhD,Low,5
S4895,Lucas,Anderson,student3895@univ.edu,Male,25,Physics,71.27,98.25,88.72,83.87,84.02,57.0,93.8,89.9555,A,32.6,No,Yes,None,Low,1
S4896,Ahmed,Miller,student3896@univ.edu,Male,25,Physics,57.69,89.62,90.49,76.08,61.78,3.8,68.43,80.539,B,24.3,No,No,PhD,High,2
S4897,Sophia,Wilson,student3897@univ.edu,Female,21,Business,98.82,98.48,80.21,55.58,63.53,63.6,98.67,80.4365,B,30.9,Yes,Yes,None,Medium,1
S4898,Ali,Williams,student3898@univ.edu,Male,24,Business,62.1,90.74,78.49,89.79,54.57,47.1,85.46,80.0925,B,6.8,No,Yes,Bachelor's,Low,2
S4899,John,Smith,student3899@univ.edu,Male,24,Business,85.88,91.31,96.94,78.22,59.62,27.5,68.51,83.1435,B,8.0,No,Yes,High School,High,2
S4900,Zainab,Johnson,student3900@univ.edu,Female,19,Engineering,57.16,74.63,63.02,89.79,99.6,97.0,72.1,76.2065,B,21.8,Yes,No,PhD,Low,7
S4901,Emma,Jones,student3901@univ.edu,Female,18,Data Science,66.45,71.1,89.97,57.75,70.77,5.5,84.36,77.6415,B,30.4,Yes,Yes,None,Low,7
S4902,Hassan,Davis,student3902@univ.edu,Male,25,Mathematics,72.1,64.38,95.29,76.92,96.39,94.6,68.05,82.4315,B,14.5,Yes,No,Master's,Low,7
S4903,Sophia,Anderson,student3903@univ.edu,Male,23,Physics,59.61,89.09,69.49,88.33,58.14,15.9,91.33,77.8095,B,21.4,Yes,Yes,Master's,Low,2
S4904,Fatima,Taylor,student3904@univ.edu,Female,23,CS,72.5,50.92,83.75,99.42,60.2,37.7,57.4,72.0495,C,5.3,No,Yes,High School,High,3
S4905,Ali,Khan,student3905@univ.edu,Male,23,Physics,57.86,43.37,62.62,94.22,77.89,41.7,95.38,70.7145,C,34.6,No,No,PhD,Low,2
S4906,Emma,Jones,student3906@univ.edu,Male,25,Mathematics,77.95,96.87,49.53,93.22,67.48,73.1,65.06,70.5735,C,28.0,Yes,Yes,Bachelor's,High,5
S4907,Sophia,Davis,student3907@univ.edu,Female,21,Business,83.19,40.23,75.19,62.37,82.2,21.6,57.64,64.694,D,15.8,Yes,No,Bachelor's,Medium,3
S4908,Ali,Wilson,student3908@univ.edu,Male,19,Physics,53.12,98.61,51.79,91.9,71.1,98.6,92.9,76.2335,B,34.5,No,Yes,High School,Medium,10
S4909,Ahmed,Johnson,student3909@univ.edu,Female,25,Data Science,93.56,83.73,67.46,58.46,90.58,74.9,61.97,72.0085,C,7.8,Yes,No,Bachelor's,Low,6
S4910,John,Smith,student3910@univ.edu,Male,23,Data Science,59.26,59.71,92.37,59.91,71.58,79.0,92.17,77.8205,B,18.9,Yes,No,None,Medium,6
S4911,Hassan,Wilson,student3911@univ.edu,Female,24,Engineering,61.27,81.87,45.16,55.51,78.62,10.6,64.81,62.021,D,6.8,No,Yes,High School,Medium,5
S4912,David,Khan,student3912@univ.edu,Female,25,Physics,83.07,89.07,41.83,92.88,66.05,47.6,96.69,70.7975,C,15.0,Yes,Yes,PhD,High,2
S4913,Sara,Jones,student3913@univ.edu,Female,24,Business,73.44,54.72,76.39,55.41,85.2,94.6,60.95,67.9145,C,11.6,No,No,Bachelor's,High,8
S4914,Liam,Jones,student3914@univ.edu,Male,22,CS,74.97,86.25,59.86,56.91,82.74,27.0,53.48,67.1705,C,14.5,No,Yes,None,Low,6
S4915,Zainab,Smith,student3915@univ.edu,Female,25,Engineering,56.41,88.26,65.08,62.29,69.85,14.5,96.83,74.7755,C,33.4,Yes,No,Bachelor's,Medium,2
S4916,John,Taylor,student3916@univ.edu,Male,22,Business,90.29,54.96,64.34,78.63,63.8,48.5,58.28,63.6175,D,17.8,Yes,No,High School,Medium,1
S4917,David,Davis,student3917@univ.edu,Female,19,Engineering,80.85,42.52,45.2,94.01,80.71,93.0,97.21,65.1135,C,14.7,Yes,Yes,High School,High,6
S4918,Omar,Wilson,student3918@univ.edu,Female,25,Physics,56.77,52.25,40.21,70.91,97.16,48.7,91.2,63.414,D,24.2,No,No,Bachelor's,Low,2
S4919,Hassan,Johnson,student3919@univ.edu,Female,21,Mathematics,68.7,52.04,93.91,77.31,56.63,40.5,54.1,71.4825,C,25.5,Yes,No,High School,Medium,4
S4920,Sophia,Jones,student3920@univ.edu,Male,21,Physics,90.52,43.91,53.07,58.32,89.96,65.0,72.26,60.4375,D,34.5,Yes,No,Master's,Medium,4
S4921,Omar,Wilson,student3921@univ.edu,Male,18,Business,78.42,83.56,65.56,63.3,77.15,93.7,53.67,68.776,C,21.4,No,Yes,High School,Low,9
S4922,David,Ahmed,student3922@univ.edu,Female,18,CS,55.43,62.8,98.32,56.7,76.28,4.9,66.49,76.8925,B,27.6,No,Yes,PhD,High,10
S4923,John,Taylor,student3923@univ.edu,Male,23,CS,68.64,93.06,89.61,70.5,98.08,15.3,67.58,85.3995,A,16.5,Yes,Yes,Bachelor's,High,10
S4924,Sophia,Wilson,student3924@univ.edu,Male,20,Business,62.13,55.13,46.48,79.52,80.29,13.3,79.98,63.2625,D,10.1,No,Yes,Master's,High,7
S4925,Hassan,Smith,student3925@univ.edu,Male,24,Engineering,75.87,67.19,70.51,64.2,91.53,8.5,98.79,76.2945,B,17.9,No,No,Bachelor's,Medium,9
S4926,Fatima,Khan,student3926@univ.edu,Female,18,Data Science,92.17,78.34,83.8,92.3,75.72,30.2,58.49,78.9745,B,17.6,Yes,Yes,High School,Medium,6
S4927,Liam,Johnson,student3927@univ.edu,Male,21,Business,71.81,92.65,81.9,99.06,62.49,22.9,66.46,81.3965,B,17.6,No,Yes,Master's,High,1
S4928,Ahmed,Williams,student3928@univ.edu,Female,24,Physics,71.67,71.48,85.65,56.01,84.72,54.9,79.36,77.287,B,25.9,Yes,Yes,Bachelor's,High,10
S4929,Sophia,Smith,student3929@univ.edu,Female,20,CS,95.27,62.41,67.45,50.89,96.16,32.7,58.57,66.9325,C,17.2,No,Yes,High School,Medium,8
S4930,Fatima,Wilson,student3930@univ.edu,Female,18,Mathematics,78.81,92.02,50.56,89.49,92.06,40.5,85.54,76.1635,B,33.6,Yes,Yes,High School,High,4
S4931,Hassan,Williams,student3931@univ.edu,Male,19,CS,78.31,58.61,67.89,59.53,59.92,94.2,70.18,63.928,D,34.5,Yes,No,Bachelor's,Medium,10
S4932,Hassan,Jones,student3932@univ.edu,Female,22,Data Science,63.1,44.77,78.87,67.66,65.84,15.6,97.48,71.2055,C,20.7,Yes,Yes,Bachelor's,High,8
S4933,Sophia,Williams,student3933@univ.edu,Male,18,CS,80.39,66.7,76.52,69.71,75.84,38.8,81.49,74.178,C,21.8,No,Yes,Bachelor's,High,3
S4934,John,Taylor,student3934@univ.edu,Male,25,Data Science,78.8,87.11,44.23,95.83,78.58,25.7,68.15,69.2865,C,17.2,No,Yes,Master's,Medium,6
S4935,Fatima,Brown,student3935@univ.edu,Female,18,Business,69.84,41.85,43.9,82.94,59.69,54.9,85.97,58.025,D,15.7,No,Yes,Master's,Low,4
S4936,John,Taylor,student3936@univ.edu,Female,25,CS,99.53,75.15,97.92,52.03,61.5,73.6,91.94,80.1225,B,34.6,Yes,No,PhD,High,10
S4937,Ali,Smith,student3937@univ.edu,Female,19,Engineering,94.09,75.67,49.11,50.74,87.94,81.7,90.02,66.6275,C,6.2,Yes,Yes,Master's,Low,4
S4938,David,Brown,student3938@univ.edu,Male,21,Physics,87.48,95.71,57.67,59.98,86.52,51.5,63.14,70.7725,C,17.3,No,No,High School,Low,2
S4939,Maria,Smith,student3939@univ.edu,Male,23,Engineering,76.87,57.19,86.06,65.91,91.96,85.5,70.85,75.867,B,9.5,Yes,Yes,Master's,High,4
S4940,Sophia,Ahmed,student3940@univ.edu,Female,19,Physics,73.1,56.73,64.58,74.23,96.65,78.5,72.61,70.4725,C,26.8,Yes,No,Bachelor's,High,1
S4941,Zainab,Khan,student3941@univ.edu,Female,23,CS,59.24,66.43,50.89,91.89,65.41,15.7,69.42,65.1055,C,10.8,No,Yes,Bachelor's,Low,1
S4942,Hassan,Khan,student3942@univ.edu,Male,18,CS,65.29,61.41,68.03,65.74,92.98,24.5,65.54,69.7315,C,31.5,Yes,No,Master's,Low,5
S4943,Sara,Anderson,student3943@univ.edu,Male,21,Physics,88.7,84.18,74.14,68.83,83.3,67.2,87.64,78.7505,B,16.2,No,No,High School,High,1
S4944,Sophia,Johnson,student3944@univ.edu,Female,20,Mathematics,72.69,78.51,67.17,66.47,97.89,97.5,50.61,71.457,C,32.5,No,Yes,PhD,Medium,3
S4945,David,Khan,student3945@univ.edu,Male,18,CS,94.11,85.54,95.14,50.45,63.6,37.6,64.68,77.2165,B,34.6,Yes,No,Bachelor's,High,3
S4946,Emma,Miller,student3946@univ.edu,Male,19,Mathematics,57.4,89.2,57.08,97.76,63.48,23.0,57.08,70.566,C,28.1,No,No,None,Medium,10
S4947,Zainab,Jones,student3947@univ.edu,Male,20,Mathematics,75.42,95.38,79.68,56.95,85.21,86.9,56.44,76.754,B,23.7,No,Yes,PhD,Low,4
S4948,Hassan,Jones,student3948@univ.edu,Male,22,Physics,82.35,65.86,46.74,64.38,96.42,20.0,63.85,63.2285,D,9.5,Yes,No,None,Low,1
S4949,Omar,Ahmed,student3949@univ.edu,Male,20,Mathematics,75.84,99.08,63.54,56.47,91.23,69.7,88.11,77.4265,B,33.0,No,Yes,None,Low,7
S4950,Hassan,Anderson,student3950@univ.edu,Male,19,Mathematics,94.46,52.94,84.46,74.53,86.35,3.4,98.47,79.0515,B,28.3,No,No,None,High,4
S4951,Ali,Ahmed,student3951@univ.edu,Female,24,Business,99.48,82.86,53.49,96.61,69.37,1.9,75.73,71.55,C,13.6,Yes,Yes,Bachelor's,Medium,7
S4952,Ahmed,Wilson,student3952@univ.edu,Male,20,Engineering,55.79,72.04,75.39,55.04,85.89,45.2,66.95,71.9765,C,19.1,Yes,No,Bachelor's,High,5
S4953,Fatima,Davis,student3953@univ.edu,Female,19,Mathematics,56.5,89.01,49.21,72.04,90.05,65.7,91.46,73.058,C,7.0,No,No,None,Low,1
S4954,Hassan,Smith,student3954@univ.edu,Female,24,Engineering,56.52,68.61,46.16,51.12,87.66,14.2,53.36,58.699,D,24.8,No,No,None,High,4
S4955,Maria,Miller,student3955@univ.edu,Male,18,Mathematics,84.06,87.04,71.39,88.54,83.84,76.4,54.66,76.4505,B,8.8,No,No,PhD,Medium,5
S4956,Liam,Miller,student3956@univ.edu,Female,24,Engineering,68.63,95.81,80.5,82.06,52.36,12.9,67.27,77.5905,B,24.5,Yes,No,Bachelor's,High,4
S4957,Liam,Taylor,student3957@univ.edu,Female,21,CS,86.67,83.94,46.8,84.98,82.99,53.4,72.42,69.2265,C,25.1,No,Yes,None,High,7
S4958,Liam,Taylor,student3958@univ.edu,Female,22,CS,70.27,86.57,95.07,73.62,73.91,30.8,89.89,86.2015,A,14.7,No,Yes,High School,Medium,1
S4959,John,Davis,student3959@univ.edu,Male,24,Engineering,81.38,44.03,53.55,95.38,98.08,75.2,96.26,71.0065,C,33.5,Yes,No,Bachelor's,Medium,9
S4960,Liam,Ahmed,student3960@univ.edu,Female,21,Mathematics,88.49,52.3,47.2,70.48,80.36,80.4,76.56,61.09,D,28.4,No,No,Bachelor's,Low,6
S4961,Ahmed,Wilson,student3961@univ.edu,Male,21,Business,77.41,98.46,52.16,75.7,80.41,6.6,74.78,72.5815,C,19.9,Yes,No,High School,Medium,8
S4962,Ali,Anderson,student3962@univ.edu,Female,21,Engineering,76.98,81.59,50.17,84.76,99.7,19.3,60.65,70.644,C,32.6,Yes,No,None,Low,8
S4963,Omar,Williams,student3963@univ.edu,Female,24,Data Science,54.41,73.69,45.44,76.03,54.68,89.3,72.56,61.1325,D,30.7,Yes,No,Master's,High,9
S4964,Liam,Taylor,student3964@univ.edu,Female,19,Business,70.54,62.02,87.87,59.47,63.82,41.6,96.18,76.079,B,25.8,Yes,No,Bachelor's,Low,5
S4965,Zainab,Wilson,student3965@univ.edu,Female,25,Data Science,77.29,42.66,69.73,65.85,82.8,47.7,69.64,65.681,C,9.6,No,No,None,High,8
S4966,Sophia,Johnson,student3966@univ.edu,Male,19,Engineering,73.1,62.15,63.31,54.61,65.76,16.8,60.53,61.7235,D,19.9,Yes,Yes,High School,Medium,8
S4967,Zainab,Jones,student3967@univ.edu,Female,22,Mathematics,95.04,69.93,97.04,71.63,67.31,99.5,66.86,78.82,B,30.9,Yes,No,High School,Low,6
S4968,Sophia,Jones,student3968@univ.edu,Female,19,Data Science,95.33,52.69,62.26,80.47,94.63,92.3,75.73,69.9535,C,23.3,Yes,No,Bachelor's,Low,10
S4969,John,Wilson,student3969@univ.edu,Male,23,Engineering,91.1,50.39,50.02,55.93,78.97,0.2,79.93,59.8095,D,21.4,Yes,Yes,High School,Low,8
S4970,Ahmed,Davis,student3970@univ.edu,Male,19,Business,68.76,70.5,56.44,81.53,55.14,55.1,71.62,65.0975,C,33.7,No,Yes,High School,Medium,5
S4971,Omar,Anderson,student3971@univ.edu,Male,19,Mathematics,85.86,75.15,54.34,94.64,65.54,87.2,87.93,71.2655,C,5.5,No,Yes,None,High,10
S4972,Maria,Khan,student3972@univ.edu,Female,19,Data Science,69.76,54.4,69.92,66.89,53.8,43.1,79.22,65.3385,C,5.4,Yes,Yes,High School,Low,8
S4973,David,Miller,student3973@univ.edu,Male,18,Engineering,61.63,75.24,57.49,61.1,77.81,43.7,83.25,68.4935,C,31.8,No,No,Master's,High,10
S4974,Omar,Davis,student3974@univ.edu,Male,22,Mathematics,67.15,94.02,70.96,94.65,58.66,37.9,93.15,80.609,B,6.2,Yes,No,None,High,3
S4975,David,Wilson,student3975@univ.edu,Male,23,Mathematics,53.55,68.39,80.16,84.6,92.86,2.9,93.28,82.345,B,15.0,Yes,Yes,None,High,4
S4976,Zainab,Anderson,student3976@univ.edu,Male,19,CS,66.59,91.44,86.64,55.27,78.87,79.0,60.18,77.76,B,32.7,No,No,Bachelor's,Low,3
S4977,Emma,Anderson,student3977@univ.edu,Male,25,Mathematics,73.04,95.64,82.61,70.41,52.97,45.7,81.17,78.724,B,25.7,Yes,No,None,High,5
S4978,David,Smith,student3978@univ.edu,Male,22,Engineering,97.77,45.54,52.34,83.7,65.04,53.1,85.83,62.6125,D,24.4,No,Yes,Bachelor's,Low,5
S4979,Ali,Brown,student3979@univ.edu,Female,20,Business,65.67,45.75,46.95,78.72,80.82,25.6,57.29,58.107,D,24.7,Yes,No,High School,High,5
S4980,Sara,Jones,student3980@univ.edu,Male,18,Physics,95.12,68.56,72.55,80.93,66.77,78.4,92.14,75.0805,B,14.5,Yes,No,PhD,High,2
S4981,Ali,Wilson,student3981@univ.edu,Female,24,CS,61.44,75.29,51.93,78.36,75.66,79.4,59.02,65.1895,C,20.9,Yes,No,Master's,Low,9
S4982,Hassan,Khan,student3982@univ.edu,Male,25,Engineering,59.55,65.55,45.1,89.9,95.47,55.3,89.96,70.1945,C,23.9,No,No,Master's,Low,7
S4983,Sophia,Miller,student3983@univ.edu,Male,19,Engineering,75.95,59.59,71.63,66.02,67.5,90.5,58.07,65.727,C,14.2,Yes,Yes,High School,Medium,8
S4984,Ahmed,Brown,student3984@univ.edu,Male,25,Engineering,83.63,78.46,59.61,85.42,66.79,11.6,87.09,72.4505,C,28.9,Yes,Yes,PhD,Medium,2
S4985,Lucas,Johnson,student3985@univ.edu,Female,23,Data Science,52.22,40.12,85.37,99.55,90.99,78.7,57.41,75.096,B,14.7,Yes,No,None,Medium,10
S4986,John,Taylor,student3986@univ.edu,Male,18,Data Science,61.05,98.08,58.85,69.5,65.94,55.9,68.94,70.8705,C,7.1,No,No,PhD,High,10
S4987,Zainab,Smith,student3987@univ.edu,Male,23,Business,72.78,53.92,98.72,89.55,53.9,23.1,57.18,75.4305,B,11.0,Yes,No,None,Medium,7
S4988,Sara,Taylor,student3988@univ.edu,Male,24,Engineering,66.55,95.03,85.51,62.31,59.05,13.2,63.54,76.6695,B,17.3,No,No,None,Medium,3
S4989,David,Brown,student3989@univ.edu,Male,24,Data Science,85.63,46.54,43.46,64.09,97.44,30.1,99.23,63.633,D,32.2,No,Yes,None,Medium,5
S4990,Liam,Brown,student3990@univ.edu,Female,25,Data Science,75.56,54.29,70.53,96.74,96.66,85.6,55.38,72.8605,C,17.5,No,No,PhD,High,7
S4991,Ahmed,Taylor,student3991@univ.edu,Female,18,Data Science,58.02,54.09,73.76,51.3,61.24,78.8,70.32,64.063,D,7.7,No,Yes,High School,Medium,9
S4992,Sara,Ahmed,student3992@univ.edu,Female,20,Business,94.72,99.77,81.72,60.87,77.68,64.5,83.85,81.916,B,10.9,Yes,No,None,Low,10
S4993,John,Miller,student3993@univ.edu,Female,25,Business,64.65,40.28,69.87,74.15,56.87,9.0,54.73,60.373,D,21.3,Yes,No,High School,High,1
S4994,Sophia,Miller,student3994@univ.edu,Female,22,Engineering,86.56,78.38,69.01,70.09,83.73,95.5,55.45,71.22,C,10.3,No,No,None,High,6
S4995,Zainab,Williams,student3995@univ.edu,Male,18,CS,89.0,92.18,62.08,81.46,59.27,30.5,57.16,69.8475,C,6.9,No,Yes,High School,Low,6
S4996,Ahmed,Khan,student3996@univ.edu,Male,21,Engineering,98.16,80.34,56.29,59.64,52.49,60.7,82.25,64.9265,D,26.4,Yes,Yes,High School,Medium,2
S4997,John,Johnson,student3997@univ.edu,Male,24,Data Science,74.93,61.76,96.77,53.53,91.24,80.3,95.47,82.2575,B,28.5,Yes,No,High School,Medium,10
S4998,Emma,Miller,student3998@univ.edu,Female,20,Physics,80.79,97.5,59.06,68.47,66.27,13.3,91.3,74.077,C,30.5,Yes,No,Bachelor's,Low,9
S4999,Emma,Khan,student3999@univ.edu,Male,25,Data Science,66.74,93.61,43.81,76.22,55.43,65.2,99.15,68.6755,C,30.3,Yes,Yes,PhD,Medium,5
S5000,Ali,Johnson,student4000@univ.edu,Female,24,Mathematics,83.91,66.04,50.04,78.1,91.7,3.2,78.91,68.0285,C,16.4,No,No,None,Medium,9
S5001,Ali,Johnson,student4001@univ.edu,Male,21,Physics,73.17,74.4,91.44,80.07,88.12,10.2,98.07,86.823,A,27.0,Yes,No,None,Medium,4
S5002,John,Brown,student4002@univ.edu,Female,20,Physics,71.88,98.05,75.2,77.43,84.19,72.3,65.25,79.9605,B,22.5,No,Yes,Bachelor's,High,5
S5003,Sara,Johnson,student4003@univ.edu,Male,24,Engineering,92.77,98.95,86.73,62.29,95.56,15.5,71.08,84.485,B,5.7,Yes,Yes,High School,Low,5
S5004,Ali,Smith,student4004@univ.edu,Male,21,Data Science,52.51,66.99,88.53,88.23,74.46,44.4,69.8,79.257,B,17.0,No,Yes,High School,Medium,5
S5005,Zainab,Taylor,student4005@univ.edu,Male,21,Data Science,94.1,90.84,89.39,54.39,56.4,24.8,52.37,73.9285,C,6.6,No,No,None,Low,9
S5006,Ahmed,Ahmed,student4006@univ.edu,Male,24,CS,92.6,58.12,73.04,59.92,53.07,42.1,91.49,67.86,C,7.5,Yes,No,Master's,High,1
S5007,Sara,Williams,student4007@univ.edu,Female,25,Mathematics,75.32,62.31,50.63,86.97,65.92,7.7,51.24,60.802,D,6.7,No,No,None,Medium,8
S5008,Ali,Wilson,student4008@univ.edu,Male,24,Engineering,74.51,49.89,48.89,63.99,54.34,75.5,86.49,57.8125,D,33.8,Yes,No,None,Low,7
S5009,Maria,Davis,student4009@univ.edu,Male,23,Business,68.09,52.55,74.44,74.67,76.78,7.9,70.35,69.834,C,30.3,No,No,Bachelor's,High,1
S5010,David,Williams,student4010@univ.edu,Male,18,Engineering,99.71,79.41,61.99,66.36,50.72,83.8,50.31,62.687,D,18.2,No,Yes,High School,High,2
S5011,Maria,Smith,student4011@univ.edu,Female,18,Physics,55.56,70.65,73.48,75.35,72.19,66.3,64.5,71.654,C,12.4,Yes,Yes,PhD,Low,1
S5012,Fatima,Williams,student4012@univ.edu,Male,20,Engineering,79.51,53.87,69.91,67.33,58.92,41.7,67.31,64.2765,D,7.2,No,No,None,Medium,4
S5013,Emma,Johnson,student4013@univ.edu,Male,22,CS,84.08,64.17,76.13,99.71,68.41,86.6,98.24,79.4335,B,17.9,Yes,No,None,Medium,10
S5014,Sophia,Brown,student4014@univ.edu,Male,24,Engineering,96.72,62.39,41.93,67.87,83.75,18.6,83.05,62.354,D,23.0,Yes,No,PhD,Low,9
S5015,Omar,Davis,student4015@univ.edu,Male,25,CS,89.01,99.24,41.97,81.35,67.55,26.5,77.18,68.4495,C,28.9,No,No,Bachelor's,High,1
S5016,David,Miller,student4016@univ.edu,Male,23,Physics,82.19,91.21,83.3,94.42,67.07,13.7,56.35,80.073,B,6.5,Yes,Yes,Master's,Low,3
S5017,Emma,Brown,student4017@univ.edu,Female,18,CS,55.84,63.28,51.59,81.9,99.54,38.2,69.56,68.3625,C,17.5,No,No,Bachelor's,Low,7
S5018,Sara,Johnson,student4018@univ.edu,Female,18,Data Science,68.69,94.83,79.13,78.29,85.94,98.7,51.79,79.0645,B,34.3,Yes,No,None,High,4
S5019,Sara,Johnson,student4019@univ.edu,Female,25,Business,56.94,60.56,72.79,78.46,75.69,16.1,88.08,73.923,C,8.6,Yes,Yes,Bachelor's,Low,6
S5020,Sara,Davis,student4020@univ.edu,Male,23,Physics,94.06,80.07,98.91,74.82,78.97,83.1,58.14,82.422,B,17.0,No,No,PhD,High,7
S5021,Sophia,Davis,student4021@univ.edu,Female,19,CS,87.48,98.0,90.12,90.38,81.01,65.2,79.72,88.8085,A,13.3,No,No,Bachelor's,High,6
S5022,Maria,Jones,student4022@univ.edu,Male,23,Mathematics,87.88,63.42,64.79,52.52,51.23,1.6,84.97,63.6685,D,9.0,No,No,None,Low,8
S5023,Omar,Anderson,student4023@univ.edu,Male,25,Physics,82.61,80.79,76.98,94.26,54.01,94.5,68.33,75.591,B,30.2,Yes,No,PhD,Low,2
S5024,Zainab,Anderson,student4024@univ.edu,Male,18,Mathematics,75.35,57.76,47.04,79.31,82.46,97.1,81.63,64.526,D,25.9,Yes,Yes,PhD,Low,1
S5025,Ali,Khan,student4025@univ.edu,Male,22,Business,57.5,55.98,63.18,92.44,68.22,92.5,88.21,70.6395,C,17.3,Yes,No,None,Medium,7
S5026,Sara,Ahmed,student4026@univ.edu,Female,19,CS,66.48,74.45,84.03,50.52,52.77,50.2,59.21,68.6755,C,16.1,No,No,None,High,3
S5027,Lucas,Brown,student4027@univ.edu,Female,25,Physics,56.85,98.76,77.36,93.46,64.88,22.0,80.04,82.585,B,29.8,No,No,None,High,4
S5028,Fatima,Miller,student4028@univ.edu,Female,25,Physics,86.25,67.19,69.07,56.01,56.51,39.1,86.69,67.494,C,7.7,No,No,Master's,High,7
S5029,David,Williams,student4029@univ.edu,Male,21,Business,58.01,96.26,50.59,86.06,95.82,61.4,67.85,74.418,C,9.4,Yes,Yes,None,High,2
S5030,Ahmed,Johnson,student4030@univ.edu,Female,23,Data Science,85.11,94.86,88.19,70.83,60.15,37.9,58.12,78.2035,B,32.2,No,Yes,Bachelor's,High,7
S5031,Ali,Johnson,student4031@univ.edu,Female,21,Mathematics,84.61,55.23,56.39,84.05,57.18,70.8,64.31,61.6135,D,29.5,No,No,High School,Medium,4
S5032,Lucas,Jones,student4032@univ.edu,Male,19,Physics,72.97,64.11,89.23,81.41,81.31,79.6,96.65,82.958,B,28.2,No,No,Master's,High,9
S5033,Omar,Brown,student4033@univ.edu,Female,19,Engineering,56.76,78.6,76.7,58.17,76.1,20.9,67.87,72.886,C,23.7,Yes,Yes,Master's,Medium,1
S5034,Sophia,Ahmed,student4034@univ.edu,Male,19,Mathematics,65.74,71.08,62.36,75.73,78.8,40.5,55.39,67.53,C,13.8,No,No,High School,Low,3
S5035,Zainab,Brown,student4035@univ.edu,Female,20,CS,66.0,45.76,42.44,63.86,71.8,95.8,54.14,52.476,F,33.0,Yes,Yes,Bachelor's,Low,8
S5036,Zainab,Taylor,student4036@univ.edu,Female,23,Business,85.02,99.62,53.95,78.02,73.36,25.0,59.02,70.3665,C,19.8,No,No,Master's,Medium,7
S5037,Omar,Khan,student4037@univ.edu,Female,25,Mathematics,55.69,85.16,93.34,86.9,88.94,34.6,56.38,84.534,B,13.4,No,Yes,Master's,High,2
S5038,Ahmed,Davis,student4038@univ.edu,Male,24,Engineering,91.45,66.26,89.08,54.06,61.0,3.6,74.75,72.9015,C,16.0,Yes,No,None,High,5
S5039,David,Miller,student4039@univ.edu,Female,22,Engineering,88.05,77.09,74.49,75.79,69.83,33.2,67.38,73.4395,C,5.5,No,No,PhD,High,7
S5040,Hassan,Ahmed,student4040@univ.edu,Female,22,Business,59.32,45.25,67.98,80.88,97.89,37.1,92.07,73.469,C,12.7,No,No,Master's,High,5
S5041,Ahmed,Davis,student4041@univ.edu,Female,25,Business,85.96,69.72,78.83,64.77,59.5,10.0,94.05,74.2825,C,10.6,Yes,Yes,Bachelor's,High,10
S5042,Zainab,Miller,student4042@univ.edu,Female,21,Mathematics,83.43,95.85,67.97,97.65,64.69,0.1,73.66,78.3595,B,9.1,No,No,PhD,Medium,1
S5043,John,Smith,student4043@univ.edu,Male,25,CS,87.41,93.8,78.66,76.02,59.58,57.5,94.43,80.7955,B,6.0,Yes,No,High School,Medium,5
S5044,David,Wilson,student4044@univ.edu,Male,21,Data Science,59.45,60.24,58.44,59.13,51.02,30.2,72.52,59.9025,D,11.8,No,Yes,Master's,Medium,10
S5045,Omar,Khan,student4045@univ.edu,Female,24,Engineering,57.88,71.88,90.31,55.39,63.49,1.8,82.1,76.1315,B,8.1,No,No,Bachelor's,Low,3
S5046,Zainab,Anderson,student4046@univ.edu,Female,21,Business,61.82,81.84,82.12,77.08,52.32,86.0,58.13,73.2395,C,6.4,No,Yes,High School,Low,1
S5047,Zainab,Khan,student4047@univ.edu,Female,23,Data Science,68.29,60.4,59.8,68.76,57.73,58.4,52.63,59.878,D,9.1,No,No,None,Medium,10
S5048,Sara,Anderson,student4048@univ.edu,Male,18,Data Science,89.68,43.89,89.84,59.63,68.13,17.1,58.0,68.086,C,11.1,No,No,None,Medium,4
S5049,Omar,Miller,student4049@univ.edu,Female,21,Data Science,86.9,70.33,69.24,51.53,51.04,86.5,62.59,63.074,D,17.5,Yes,Yes,PhD,Low,7
S5050,Hassan,Anderson,student4050@univ.edu,Female,19,CS,96.27,76.1,50.48,78.33,87.65,25.4,87.55,70.9175,C,22.5,No,No,High School,Medium,7
S5051,Omar,Davis,student4051@univ.edu,Male,21,Business,52.93,40.35,44.66,79.93,89.78,22.7,58.68,57.9595,D,14.7,Yes,Yes,PhD,Low,2
S5052,Hassan,Khan,student4052@univ.edu,Male,19,Engineering,50.58,45.73,81.98,57.09,70.57,89.5,56.53,65.4675,C,9.2,Yes,Yes,High School,Low,2
S5053,David,Johnson,student4053@univ.edu,Male,20,Business,84.96,52.44,91.91,80.09,99.23,17.9,96.38,84.0115,B,33.2,Yes,Yes,High School,Medium,1
S5054,Fatima,Davis,student4054@univ.edu,Female,18,Mathematics,63.96,60.88,88.45,97.6,83.95,87.9,84.44,83.032,B,20.4,No,Yes,None,Medium,2
S5055,John,Miller,student4055@univ.edu,Male,18,Engineering,66.7,72.46,79.34,98.91,87.19,80.3,73.67,81.2265,B,27.3,No,Yes,PhD,Low,9
S5056,Ali,Ahmed,student4056@univ.edu,Male,24,Business,77.34,57.63,48.48,94.42,59.62,31.0,54.75,59.8125,D,25.8,Yes,Yes,None,Medium,9
S5057,Omar,Brown,student4057@univ.edu,Female,23,Engineering,55.12,56.57,45.64,90.35,91.87,3.4,92.59,68.5095,C,13.5,Yes,No,High School,High,7
S5058,Lucas,Davis,student4058@univ.edu,Male,25,Mathematics,82.13,92.16,60.7,60.47,97.25,8.3,55.41,71.6465,C,21.8,Yes,No,None,Low,3
S5059,Emma,Anderson,student4059@univ.edu,Female,23,Physics,66.26,48.7,91.29,57.82,61.82,11.0,80.55,71.72,C,23.1,No,Yes,PhD,Low,8
S5060,Liam,Jones,student4060@univ.edu,Female,22,Engineering,81.64,69.73,97.7,72.25,84.32,89.1,83.38,84.1335,B,15.6,Yes,Yes,PhD,High,4
S5061,Liam,Taylor,student4061@univ.edu,Male,20,Physics,91.7,97.17,54.48,80.98,87.35,40.4,70.01,74.253,C,25.1,Yes,Yes,Bachelor's,High,5
S5062,Omar,Johnson,student4062@univ.edu,Female,24,Data Science,58.56,77.5,85.73,92.53,65.26,3.3,95.56,83.508,B,28.7,No,No,None,High,10
S5063,Hassan,Anderson,student4063@univ.edu,Male,23,CS,96.54,83.03,74.43,61.6,73.75,55.7,52.54,70.84,C,15.9,Yes,No,Bachelor's,Medium,5
S5064,Lucas,Jones,student4064@univ.edu,Male,19,Mathematics,76.53,65.87,41.91,73.98,54.88,20.8,90.91,60.808,D,5.4,Yes,Yes,High School,High,2
S5065,Fatima,Miller,student4065@univ.edu,Male,20,Engineering,96.15,41.2,72.57,82.37,58.65,23.5,77.69,66.446,C,15.5,Yes,Yes,None,High,9
S5066,Sara,Smith,student4066@univ.edu,Female,18,Mathematics,60.39,78.77,88.36,72.28,53.08,16.1,80.56,77.568,B,8.5,Yes,Yes,Master's,Medium,6
S5067,Hassan,Jones,student4067@univ.edu,Male,25,Data Science,80.23,77.92,56.57,72.71,78.01,76.2,99.34,72.8925,C,9.7,Yes,Yes,Bachelor's,High,6
S5068,Sophia,Wilson,student4068@univ.edu,Female,25,Physics,70.19,46.63,93.84,61.26,81.26,0.1,79.13,75.4175,B,16.0,No,No,PhD,Low,1
S5069,Sophia,Smith,student4069@univ.edu,Female,19,CS,88.71,67.73,54.18,99.33,95.81,43.9,89.85,75.2575,B,11.2,No,Yes,Bachelor's,High,2
S5070,David,Khan,student4070@univ.edu,Female,24,Mathematics,80.3,94.92,44.59,73.76,77.11,8.7,57.68,65.873,C,33.0,No,No,None,High,4
S5071,Liam,Williams,student4071@univ.edu,Male,24,Physics,74.73,52.31,49.6,76.64,63.03,55.2,90.46,62.3415,D,24.6,Yes,No,Bachelor's,Medium,8
S5072,Omar,Johnson,student4072@univ.edu,Female,20,Data Science,95.65,67.67,90.22,60.93,52.97,34.6,88.05,75.4035,B,20.6,Yes,Yes,PhD,Medium,8
S5073,Sophia,Anderson,student4073@univ.edu,Female,18,Data Science,68.86,67.67,65.04,75.71,94.25,2.8,98.41,76.5535,B,5.3,No,Yes,Bachelor's,High,9
S5074,Omar,Khan,student4074@univ.edu,Male,23,Data Science,61.0,88.65,87.82,62.77,73.94,46.1,96.79,83.492,B,8.1,No,Yes,Bachelor's,High,1
S5075,David,Khan,student4075@univ.edu,Male,19,Physics,80.41,89.47,71.87,60.12,86.87,57.1,60.7,74.202,C,28.7,No,Yes,Master's,Low,8
S5076,Liam,Williams,student4076@univ.edu,Female,19,Engineering,81.2,85.56,68.83,63.79,50.73,24.8,73.25,69.368,C,16.7,No,No,High School,Medium,4
S5077,Ahmed,Davis,student4077@univ.edu,Female,18,Business,71.95,61.93,88.41,50.14,74.41,76.6,95.57,76.3475,B,6.4,Yes,No,PhD,Low,5
S5078,Fatima,Miller,student4078@univ.edu,Male,19,Mathematics,74.33,44.32,65.41,78.51,66.29,37.1,82.04,65.7835,C,29.8,Yes,No,High School,Low,10
S5079,Emma,Johnson,student4079@univ.edu,Female,25,Business,97.98,60.97,88.12,69.37,51.52,74.9,73.19,72.148,C,14.1,No,Yes,Master's,High,5
S5080,Emma,Brown,student4080@univ.edu,Female,23,Data Science,86.63,80.79,46.04,94.93,88.78,57.9,55.45,68.146,C,16.6,No,No,None,High,7
S5081,Sophia,Khan,student4081@univ.edu,Female,23,Business,55.53,82.16,78.18,52.04,75.65,86.9,67.59,73.087,C,34.2,No,Yes,None,High,3
S5082,Emma,Smith,student4082@univ.edu,Female,23,Physics,60.61,97.9,82.16,52.16,66.66,54.7,83.26,78.648,B,5.5,Yes,Yes,Master's,Low,5
S5083,Zainab,Khan,student4083@univ.edu,Male,18,Data Science,98.78,67.22,93.95,94.29,90.29,18.6,88.85,87.341,A,26.6,No,Yes,None,Low,7
S5084,Fatima,Brown,student4084@univ.edu,Female,21,Data Science,86.32,77.95,53.46,56.33,72.35,82.3,72.36,64.457,D,33.5,No,No,None,Medium,6
S5085,Hassan,Khan,student4085@univ.edu,Male,21,CS,95.75,72.35,76.25,50.11,50.17,78.3,52.79,64.118,D,6.9,Yes,Yes,Bachelor's,Medium,2
S5086,Ahmed,Williams,student4086@univ.edu,Female,24,CS,65.19,49.04,66.0,58.95,97.22,97.2,81.66,68.5825,C,31.0,Yes,Yes,Bachelor's,Medium,8
S5087,Fatima,Jones,student4087@univ.edu,Male,24,Physics,87.09,67.67,62.97,91.19,62.78,9.4,96.08,73.081,C,17.5,Yes,Yes,Bachelor's,Medium,9
S5088,Zainab,Jones,student4088@univ.edu,Female,25,Physics,85.7,72.69,46.4,90.14,91.53,59.1,74.82,69.2515,C,31.3,Yes,No,Master's,Medium,9
S5089,Hassan,Ahmed,student4089@univ.edu,Male,19,Business,64.73,97.04,48.05,67.01,90.82,49.2,96.42,74.363,C,14.2,No,No,None,Medium,9
S5090,Zainab,Miller,student4090@univ.edu,Female,23,Mathematics,77.54,61.99,90.22,83.4,58.12,67.1,67.71,75.3595,B,34.5,Yes,Yes,High School,Low,2
S5091,Omar,Williams,student4091@univ.edu,Male,19,Business,81.37,98.81,84.99,75.36,73.7,98.0,94.32,86.0155,A,24.4,No,No,PhD,High,10
S5092,David,Taylor,student4092@univ.edu,Female,18,Physics,74.06,72.54,62.94,95.24,52.01,53.2,89.32,72.0225,C,23.8,Yes,No,None,Medium,3
S5093,Ali,Khan,student4093@univ.edu,Female,19,Mathematics,91.36,54.55,89.71,52.82,67.73,68.6,98.09,75.1045,B,29.2,No,No,Master's,Low,4
S5094,Ahmed,Johnson,student4094@univ.edu,Male,22,Business,91.64,51.5,44.85,90.66,86.55,34.7,89.55,66.0115,C,18.1,No,Yes,Bachelor's,Low,2
S5095,Ali,Smith,student4095@univ.edu,Male,21,Engineering,92.53,48.5,77.49,58.53,61.85,29.9,66.07,64.789,D,12.8,No,No,PhD,High,6
S5096,David,Jones,student4096@univ.edu,Male,19,Engineering,90.17,67.18,92.09,69.58,55.86,33.5,95.03,78.738,B,12.9,Yes,Yes,PhD,Medium,7
S5097,David,Jones,student4097@univ.edu,Male,19,Mathematics,74.4,41.32,90.33,59.6,75.36,3.9,83.49,72.647,C,14.9,Yes,No,PhD,High,9
S5098,Zainab,Brown,student4098@univ.edu,Male,20,CS,69.07,66.7,62.37,85.13,76.85,28.5,58.1,68.1815,C,23.5,Yes,No,High School,High,1
S5099,Liam,Brown,student4099@univ.edu,Female,25,Mathematics,91.57,99.3,84.71,83.92,83.79,17.3,52.3,82.51,B,30.2,No,No,Bachelor's,High,7
S5100,Zainab,Ahmed,student4100@univ.edu,Male,19,Business,74.51,80.21,65.65,77.39,87.96,45.7,68.29,74.0655,C,20.0,Yes,Yes,Bachelor's,Medium,5
S5101,Ali,Anderson,student4101@univ.edu,Male,22,Data Science,62.32,85.59,90.41,84.91,84.79,46.1,89.34,87.6175,A,17.1,Yes,Yes,Bachelor's,Medium,3
S5102,Zainab,Davis,student4102@univ.edu,Female,21,Engineering,75.37,47.14,71.85,81.98,92.27,76.5,80.91,72.8495,C,28.8,Yes,No,Bachelor's,Medium,5
S5103,Omar,Taylor,student4103@univ.edu,Male,20,Data Science,57.09,68.39,85.89,88.82,61.15,50.2,76.36,77.689,B,13.7,Yes,Yes,None,Low,6
S5104,Zainab,Brown,student4104@univ.edu,Male,25,Engineering,84.58,57.17,44.71,61.97,78.49,46.3,50.19,55.68,D,25.7,No,No,PhD,Low,4
S5105,Lucas,Brown,student4105@univ.edu,Male,18,Business,66.8,93.65,75.4,71.45,68.0,23.2,71.78,76.8045,B,8.2,Yes,No,PhD,Low,10
S5106,Emma,Ahmed,student4106@univ.edu,Female,24,Engineering,63.03,50.88,73.02,57.58,98.11,85.2,57.89,67.77,C,8.4,No,No,PhD,Medium,9
S5107,Ali,Johnson,student4107@univ.edu,Male,18,Mathematics,97.83,67.52,76.6,71.48,72.01,9.1,72.73,72.747,C,24.3,No,No,Master's,High,1
S5108,Lucas,Anderson,student4108@univ.edu,Female,21,Data Science,88.84,75.28,81.74,85.08,97.99,98.2,99.59,86.064,A,7.5,Yes,Yes,Bachelor's,High,10
S5109,Liam,Brown,student4109@univ.edu,Female,24,Physics,89.35,70.84,95.09,84.57,88.45,47.6,93.98,87.4995,A,9.7,No,Yes,None,Low,6
S5110,David,Ahmed,student4110@univ.edu,Male,18,Data Science,81.19,89.81,87.14,85.47,85.92,18.6,65.53,83.999,B,23.7,Yes,Yes,None,High,10
S5111,Sophia,Smith,student4111@univ.edu,Female,25,Business,91.96,53.89,53.18,65.44,74.58,35.4,79.68,62.346,D,18.1,Yes,Yes,Master's,Low,2
S5112,Fatima,Johnson,student4112@univ.edu,Male,22,Physics,87.96,62.64,89.55,83.11,72.17,1.5,75.1,78.4275,B,21.8,Yes,No,Master's,High,7
S5113,Hassan,Davis,student4113@univ.edu,Male,19,Data Science,79.94,87.53,47.32,68.37,76.33,16.7,56.5,64.248,D,34.3,Yes,Yes,PhD,Medium,9
S5114,Emma,Williams,student4114@univ.edu,Male,21,Business,98.06,71.68,77.33,97.22,64.68,33.5,99.49,80.61,B,24.0,Yes,Yes,PhD,Low,6
S5115,Hassan,Johnson,student4115@univ.edu,Male,24,CS,59.58,64.13,92.97,67.17,95.23,55.4,71.26,80.4145,B,22.7,Yes,Yes,PhD,Low,10
S5116,Zainab,Williams,student4116@univ.edu,Male,20,Mathematics,97.17,41.77,46.07,80.15,89.72,12.9,75.28,61.251,D,16.4,No,Yes,PhD,High,9
S5117,Emma,Jones,student4117@univ.edu,Female,19,Engineering,70.07,85.2,90.98,87.51,90.07,67.6,82.38,87.877,A,23.9,Yes,No,PhD,Medium,8
S5118,Omar,Anderson,student4118@univ.edu,Female,18,Engineering,76.42,98.33,87.92,95.32,71.66,84.4,59.58,84.422,B,5.4,No,Yes,Bachelor's,Medium,5
S5119,John,Davis,student4119@univ.edu,Female,18,Engineering,56.14,77.22,70.23,71.9,53.55,57.2,61.11,68.0085,C,21.7,No,Yes,None,Medium,8
S5120,Maria,Anderson,student4120@univ.edu,Female,20,CS,77.01,91.39,58.53,68.02,84.15,29.7,59.63,70.5335,C,7.1,Yes,No,Bachelor's,Medium,5
S5121,Maria,Davis,student4121@univ.edu,Male,22,Mathematics,80.56,71.01,64.33,71.5,68.72,12.1,69.22,68.1335,C,11.6,Yes,No,None,Low,8
S5122,Maria,Anderson,student4122@univ.edu,Male,25,Data Science,99.89,53.9,98.12,66.18,93.52,1.6,59.98,78.074,B,21.9,Yes,No,High School,Medium,7
S5123,John,Johnson,student4123@univ.edu,Female,25,Data Science,98.76,40.87,52.1,82.7,89.02,73.2,96.32,66.615,C,25.0,No,No,High School,High,5
S5124,Hassan,Ahmed,student4124@univ.edu,Male,20,Mathematics,98.32,79.2,74.78,96.64,57.27,62.8,85.72,77.9575,B,16.5,No,Yes,High School,Low,8
S5125,Omar,Anderson,student4125@univ.edu,Female,21,Physics,67.42,69.59,44.99,56.3,80.09,47.6,94.89,64.3565,D,17.6,Yes,No,None,High,6
S5126,John,Wilson,student4126@univ.edu,Female,20,Mathematics,99.56,86.93,53.07,78.05,84.61,10.2,92.42,74.2225,C,19.9,No,No,Master's,Medium,7
S5127,Maria,Davis,student4127@univ.edu,Female,18,Engineering,72.77,81.68,85.8,94.88,78.41,20.7,85.16,85.1335,A,27.8,No,No,Bachelor's,Low,5
S5128,Liam,Khan,student4128@univ.edu,Female,22,Data Science,92.59,99.28,58.16,55.01,75.7,81.5,62.14,69.1395,C,5.5,No,Yes,Master's,High,8
S5129,Ahmed,Williams,student4129@univ.edu,Male,22,Mathematics,60.82,70.62,99.15,74.69,61.39,48.0,80.77,81.354,B,18.4,No,Yes,None,Medium,8
S5130,Ali,Davis,student4130@univ.edu,Male,23,Data Science,75.29,65.63,70.05,93.26,61.8,96.3,59.31,69.799,C,5.4,Yes,Yes,PhD,Low,1
S5131,David,Jones,student4131@univ.edu,Female,20,Mathematics,98.3,57.2,70.99,95.02,88.4,100.0,56.62,72.2925,C,14.6,No,Yes,Master's,Medium,8
S5132,John,Smith,student4132@univ.edu,Female,21,Business,97.35,68.61,42.18,75.72,50.93,80.1,81.63,59.727,D,20.6,Yes,Yes,None,Medium,10
S5133,Omar,Wilson,student4133@univ.edu,Female,18,Engineering,84.19,92.37,97.39,51.25,88.95,25.8,81.23,85.775,A,7.4,No,No,High School,Medium,8
S5134,Omar,Miller,student4134@univ.edu,Female,19,Mathematics,89.89,42.55,50.45,55.28,76.34,23.1,57.83,54.585,F,19.6,No,Yes,PhD,Medium,7
S5135,Ali,Khan,student4135@univ.edu,Female,25,CS,58.82,98.67,72.3,79.34,96.81,25.4,67.62,81.6045,B,32.7,No,Yes,High School,High,6
S5136,Lucas,Davis,student4136@univ.edu,Male,25,Mathematics,86.08,99.6,63.74,56.19,99.87,98.7,53.31,73.6345,C,25.6,No,Yes,Master's,Medium,10
S5137,Ahmed,Brown,student4137@univ.edu,Female,25,Business,80.9,75.87,64.94,57.47,83.17,33.5,85.79,71.8675,C,28.5,Yes,No,Master's,Low,3
S5138,Sophia,Johnson,student4138@univ.edu,Female,22,CS,54.58,59.89,78.6,88.61,70.61,70.6,99.37,78.2765,B,22.4,Yes,No,Bachelor's,High,7
S5139,Emma,Khan,student4139@univ.edu,Male,25,CS,55.66,53.38,79.73,87.53,73.75,95.9,87.0,75.8235,B,31.9,Yes,No,Bachelor's,Medium,4
S5140,Maria,Johnson,student4140@univ.edu,Male,20,Mathematics,55.42,56.59,49.26,92.14,60.21,82.0,92.21,65.243,C,9.4,Yes,No,None,Low,8
S5141,Zainab,Anderson,student4141@univ.edu,Male,23,Business,86.22,43.01,69.98,55.29,54.96,59.8,73.82,60.7055,D,18.5,Yes,Yes,Master's,Low,5
S5142,Sophia,Anderson,student4142@univ.edu,Male,21,CS,57.09,68.51,87.43,59.91,78.94,16.9,54.78,73.347,C,22.9,Yes,No,High School,High,3
S5143,Lucas,Khan,student4143@univ.edu,Male,21,Engineering,73.39,43.44,66.6,91.65,90.27,17.5,86.33,72.2355,C,31.2,Yes,No,Bachelor's,High,6
S5144,Maria,Johnson,student4144@univ.edu,Male,24,Physics,67.85,83.11,49.95,86.05,63.09,49.2,62.83,65.9,C,14.2,No,No,High School,High,6
S5145,Ahmed,Taylor,student4145@univ.edu,Male,25,Engineering,77.53,62.32,58.79,90.3,70.98,95.2,69.41,67.644,C,5.0,Yes,Yes,None,High,6
S5146,Fatima,Khan,student4146@univ.edu,Male,18,Data Science,85.32,51.96,52.74,99.49,77.74,90.4,85.15,68.208,C,34.2,No,Yes,High School,Medium,8
S5147,Zainab,Wilson,student4147@univ.edu,Male,22,Data Science,84.24,72.69,47.55,93.22,95.39,16.6,95.24,73.758,C,5.8,Yes,Yes,High School,High,1
S5148,Lucas,Wilson,student4148@univ.edu,Female,18,Business,75.78,98.43,62.65,76.02,56.93,28.8,74.31,72.7025,C,9.6,Yes,No,PhD,High,10
S5149,Hassan,Williams,student4149@univ.edu,Male,25,CS,73.22,81.71,72.46,65.54,61.84,58.9,98.08,75.522,B,17.7,Yes,Yes,None,Low,1
S5150,Maria,Davis,student4150@univ.edu,Female,23,Engineering,69.89,69.5,44.37,78.48,95.93,47.7,76.0,66.991,C,19.9,Yes,Yes,Bachelor's,High,10
S5151,Ahmed,Miller,student4151@univ.edu,Female,19,Engineering,93.1,86.61,76.23,81.93,51.98,11.9,56.13,72.5085,C,30.0,Yes,No,PhD,Low,7
S5152,Sara,Johnson,student4152@univ.edu,Female,25,Physics,66.54,84.25,99.58,66.77,82.81,36.9,75.92,85.528,A,18.4,No,Yes,Master's,Medium,3
S5153,Sophia,Davis,student4153@univ.edu,Female,19,Business,62.97,93.5,97.85,88.55,81.98,95.5,93.03,92.4815,A,21.4,No,Yes,Master's,Low,8
S5154,Sophia,Wilson,student4154@univ.edu,Female,19,CS,87.17,52.28,89.75,54.64,69.16,95.1,76.9,71.9735,C,11.0,No,No,Bachelor's,Medium,3
S5155,Emma,Jones,student4155@univ.edu,Female,21,Business,67.99,91.53,55.98,88.97,73.41,55.9,87.39,75.3645,B,22.1,Yes,Yes,None,Low,6
S5156,Ali,Johnson,student4156@univ.edu,Female,22,Mathematics,92.35,58.06,41.34,51.6,92.75,63.5,77.4,59.3435,D,15.5,Yes,Yes,Master's,Low,1
S5157,Ahmed,Davis,student4157@univ.edu,Female,25,Engineering,66.39,96.46,90.01,74.9,58.25,22.2,77.3,82.363,B,8.0,No,Yes,Master's,High,2
S5158,John,Wilson,student4158@univ.edu,Male,18,Business,85.1,56.86,43.34,93.07,61.58,74.2,64.24,59.3745,D,33.4,Yes,Yes,Master's,Low,7
S5159,Sara,Smith,student4159@univ.edu,Female,18,Business,52.26,95.61,52.34,54.32,75.62,5.2,60.06,65.941,C,7.5,No,No,None,Medium,6
S5160,Fatima,Wilson,student4160@univ.edu,Female,23,Physics,69.28,97.83,72.67,75.89,70.49,22.1,63.95,76.55,B,25.3,No,No,Master's,Low,1
S5161,Liam,Anderson,student4161@univ.edu,Female,19,Mathematics,67.16,48.73,50.7,57.97,78.72,0.6,72.04,58.8005,D,32.2,Yes,Yes,Bachelor's,High,10
S5162,Maria,Brown,student4162@univ.edu,Female,22,Data Science,90.83,98.47,90.03,94.74,96.04,38.6,90.48,93.3935,A,10.4,Yes,Yes,Bachelor's,High,7
S5163,Zainab,Taylor,student4163@univ.edu,Male,22,Engineering,98.35,45.14,86.63,91.62,95.86,85.0,91.45,81.188,B,12.1,Yes,No,Bachelor's,Medium,4
S5164,Sara,Taylor,student4164@univ.edu,Female,23,Physics,73.04,53.11,85.35,96.7,61.5,98.3,58.17,72.95,C,17.8,No,Yes,PhD,High,1
S5165,Ahmed,Anderson,student4165@univ.edu,Male,20,Business,91.24,66.65,88.97,93.75,65.11,66.8,77.64,79.9445,B,13.8,Yes,Yes,Bachelor's,Low,9
S5166,Hassan,Anderson,student4166@univ.edu,Male,22,Engineering,84.98,99.62,53.18,86.83,58.1,74.5,70.8,70.8965,C,27.8,Yes,No,High School,Medium,3
S5167,David,Johnson,student4167@univ.edu,Female,22,Data Science,98.37,69.31,83.73,59.24,96.39,26.3,78.55,78.2945,B,15.1,Yes,Yes,Master's,High,9
S5168,Maria,Smith,student4168@univ.edu,Female,18,Business,90.56,73.02,61.32,65.13,69.89,52.0,82.38,68.676,C,34.6,Yes,Yes,Bachelor's,Low,7
S5169,Omar,Smith,student4169@univ.edu,Male,23,Mathematics,53.87,81.67,80.01,74.84,72.49,73.7,63.98,76.034,B,30.8,No,Yes,None,High,8
S5170,Sophia,Johnson,student4170@univ.edu,Female,25,Engineering,85.66,98.1,47.32,79.44,90.13,49.7,95.96,76.0115,B,31.9,No,No,None,High,7
S5171,Hassan,Davis,student4171@univ.edu,Female,22,Physics,76.77,87.0,82.34,89.11,75.65,8.9,96.77,85.4485,A,6.9,Yes,Yes,None,Medium,10
S5172,Ali,Johnson,student4172@univ.edu,Male,22,Mathematics,50.82,53.45,98.33,61.35,55.99,74.1,55.27,70.997,C,10.3,Yes,No,PhD,Medium,9
S5173,Ahmed,Miller,student4173@univ.edu,Male,18,Data Science,62.57,58.18,42.62,56.41,71.89,22.0,85.15,58.5705,D,10.1,No,Yes,None,Medium,3
S5174,Fatima,Miller,student4174@univ.edu,Female,25,Data Science,96.09,45.86,45.63,74.13,81.53,9.8,51.66,56.2405,D,25.2,Yes,Yes,PhD,Low,8
S5175,Omar,Taylor,student4175@univ.edu,Female,25,Engineering,96.3,78.67,47.42,57.89,85.96,47.8,52.33,61.758,D,5.4,No,No,Master's,High,2
S5176,Emma,Wilson,student4176@univ.edu,Female,22,Data Science,89.94,50.84,65.83,84.69,82.27,7.5,97.89,72.936,C,29.2,Yes,Yes,High School,Medium,4
S5177,Zainab,Johnson,student4177@univ.edu,Male,18,CS,99.09,55.44,57.45,78.78,55.96,62.9,84.74,64.1175,D,21.4,Yes,No,None,Low,10
S5178,Lucas,Ahmed,student4178@univ.edu,Female,20,Physics,90.33,93.29,88.42,87.06,65.22,64.0,66.23,82.3815,B,22.0,No,No,None,Low,4
S5179,Liam,Johnson,student4179@univ.edu,Male,21,Engineering,50.51,59.61,68.43,53.17,86.68,25.7,83.49,69.3735,C,21.1,Yes,No,PhD,Low,6
S5180,Liam,Davis,student4180@univ.edu,Male,24,CS,64.39,74.0,69.07,98.23,94.01,96.5,92.29,81.654,B,21.1,Yes,Yes,PhD,High,3
S5181,Hassan,Williams,student4181@univ.edu,Female,18,Data Science,51.53,63.85,83.02,50.0,52.36,82.4,93.55,71.2135,C,10.9,No,No,High School,Medium,1
S5182,Omar,Taylor,student4182@univ.edu,Male,18,Engineering,54.71,44.44,61.72,66.27,52.11,11.0,51.03,55.9015,D,13.5,Yes,Yes,Bachelor's,High,10
S5183,Sophia,Taylor,student4183@univ.edu,Female,22,CS,60.94,61.77,61.19,83.98,82.17,74.9,90.91,72.3295,C,19.6,Yes,No,PhD,Low,8
S5184,Emma,Taylor,student4184@univ.edu,Female,18,Data Science,75.18,64.48,85.42,52.26,77.4,35.3,92.66,76.141,B,25.3,Yes,No,High School,High,9
S5185,David,Khan,student4185@univ.edu,Male,23,Business,92.38,93.74,86.8,54.17,57.77,75.0,79.78,77.886,B,13.2,Yes,No,Master's,Medium,7
S5186,Sophia,Wilson,student4186@univ.edu,Female,19,Business,93.1,59.47,40.86,53.83,77.41,80.1,74.0,56.981,D,29.2,No,Yes,None,Low,9
S5187,Sara,Anderson,student4187@univ.edu,Male,19,Mathematics,80.81,62.75,48.63,79.08,98.72,15.1,55.55,64.573,D,29.3,No,Yes,None,High,6
S5188,Ali,Jones,student4188@univ.edu,Male,20,Business,96.41,86.97,52.79,94.8,81.55,66.2,61.98,71.62,C,13.2,No,No,High School,Medium,3
S5189,Liam,Williams,student4189@univ.edu,Female,25,CS,75.0,85.54,61.1,77.77,72.46,86.3,74.52,72.2055,C,21.8,Yes,No,High School,Medium,9
S5190,Sara,Khan,student4190@univ.edu,Female,18,Physics,94.45,87.9,57.49,80.18,91.38,32.3,93.25,77.423,B,15.5,No,No,None,Medium,1
S5191,Fatima,Ahmed,student4191@univ.edu,Female,25,Business,72.7,97.23,80.11,67.3,60.64,8.0,90.16,80.1995,B,10.7,Yes,Yes,PhD,Medium,1
S5192,Maria,Ahmed,student4192@univ.edu,Female,23,Engineering,63.86,87.73,89.69,50.94,70.72,2.7,74.8,78.4065,B,29.2,Yes,Yes,Bachelor's,Low,2
S5193,John,Wilson,student4193@univ.edu,Male,22,Engineering,95.82,64.46,51.53,51.08,76.39,11.0,89.28,63.44,D,34.7,No,Yes,Master's,Low,4
S5194,Ahmed,Miller,student4194@univ.edu,Male,22,Engineering,69.4,89.29,73.78,94.42,75.23,0.4,88.29,82.372,B,22.0,No,Yes,Bachelor's,High,3
S5195,Zainab,Davis,student4195@univ.edu,Male,24,Business,75.17,70.52,62.07,55.13,96.05,32.7,78.95,70.348,C,32.4,Yes,Yes,Bachelor's,Medium,1
S5196,Emma,Anderson,student4196@univ.edu,Female,21,Business,66.44,56.66,70.35,99.99,64.63,29.9,61.02,69.8005,C,24.3,Yes,Yes,Bachelor's,Medium,7
S5197,Sophia,Miller,student4197@univ.edu,Male,20,Mathematics,83.14,58.18,77.25,58.22,52.83,11.0,67.4,65.441,C,22.0,No,No,None,Low,4
S5198,Liam,Anderson,student4198@univ.edu,Male,23,Physics,99.75,53.43,93.62,83.73,95.82,65.1,58.2,79.1155,B,19.4,No,No,Bachelor's,High,1
S5199,Sara,Smith,student4199@univ.edu,Female,25,Physics,51.28,48.7,51.54,97.45,60.85,99.2,50.36,59.078,D,12.1,No,No,PhD,High,6
S5200,Lucas,Taylor,student4200@univ.edu,Female,23,Data Science,94.99,51.07,45.22,68.11,68.95,90.1,54.03,54.7045,F,7.5,No,No,PhD,Low,6
S5201,Hassan,Khan,student4201@univ.edu,Female,24,Mathematics,50.2,43.79,77.63,86.72,76.54,25.3,87.98,73.6145,C,18.3,Yes,Yes,PhD,Low,1
S5202,Ali,Anderson,student4202@univ.edu,Male,24,CS,68.21,93.31,63.65,67.54,98.79,77.0,51.67,73.6395,C,21.8,No,No,High School,Low,7
S5203,Ali,Brown,student4203@univ.edu,Female,22,Engineering,58.43,95.86,49.77,65.25,76.76,93.7,69.99,68.3915,C,20.3,No,Yes,Master's,Low,8
S5204,Maria,Taylor,student4204@univ.edu,Male,25,Business,87.87,75.21,47.03,60.09,72.39,90.6,99.29,66.268,C,25.9,Yes,No,PhD,Low,5
S5205,Ahmed,Taylor,student4205@univ.edu,Male,21,Data Science,52.53,90.43,73.53,91.05,79.18,88.5,89.76,82.82,B,10.8,Yes,No,Bachelor's,Low,10
S5206,Ahmed,Davis,student4206@univ.edu,Male,22,Data Science,77.67,51.01,58.03,62.87,98.54,78.6,87.53,67.8535,C,15.6,No,No,High School,High,7
S5207,Ali,Khan,student4207@univ.edu,Male,21,Business,64.75,94.1,99.85,64.16,90.9,29.3,63.74,86.5875,A,17.5,Yes,No,None,Low,8
S5208,Ali,Williams,student4208@univ.edu,Male,19,Mathematics,56.68,70.38,64.35,99.95,58.45,8.4,82.09,72.672,C,10.6,No,No,PhD,Low,7
S5209,Sophia,Miller,student4209@univ.edu,Female,23,Data Science,88.59,44.03,52.74,66.37,90.16,48.8,74.94,61.9855,D,32.2,No,No,Bachelor's,High,3
S5210,Emma,Anderson,student4210@univ.edu,Male,24,Physics,60.87,48.48,77.73,71.14,92.05,5.5,81.19,73.5585,C,25.4,Yes,No,Bachelor's,High,10
S5211,David,Anderson,student4211@univ.edu,Female,19,Mathematics,61.18,58.54,54.66,99.5,84.53,99.8,71.79,69.212,C,7.8,No,Yes,None,Medium,10
S5212,Fatima,Smith,student4212@univ.edu,Male,25,Business,63.75,42.61,69.65,68.47,82.86,35.8,76.55,67.0815,C,26.4,No,No,High School,Medium,2
S5213,Lucas,Taylor,student4213@univ.edu,Male,22,Mathematics,79.34,58.56,68.95,68.31,72.04,95.8,99.42,71.81,C,21.4,No,No,Bachelor's,High,9
S5214,Fatima,Johnson,student4214@univ.edu,Female,20,Physics,82.98,43.6,67.21,91.39,82.08,77.3,66.47,68.2345,C,20.7,No,No,Master's,Low,5
S5215,Sophia,Jones,student4215@univ.edu,Male,18,Engineering,50.88,54.16,87.77,65.6,86.88,41.1,60.82,73.5465,C,34.7,Yes,No,PhD,High,9
S5216,Sara,Johnson,student4216@univ.edu,Male,20,Business,62.09,55.94,53.0,61.69,56.14,11.8,72.42,58.2755,D,23.5,Yes,No,High School,Low,4
S5217,John,Anderson,student4217@univ.edu,Female,20,Physics,71.55,99.66,94.26,71.16,62.87,23.7,76.22,84.4605,B,31.9,Yes,Yes,PhD,Low,1
S5218,Ali,Johnson,student4218@univ.edu,Female,18,Business,66.6,54.13,87.48,85.03,59.7,67.3,54.28,71.2955,C,32.4,No,No,PhD,Low,8
S5219,Omar,Davis,student4219@univ.edu,Male,23,Physics,94.21,54.35,59.99,52.16,92.06,83.0,90.3,67.0445,C,8.0,Yes,Yes,None,High,5
S5220,David,Brown,student4220@univ.edu,Male,19,Physics,89.39,81.21,50.84,68.7,84.0,97.9,71.1,67.606,C,5.3,No,Yes,Master's,Low,4
S5221,Emma,Anderson,student4221@univ.edu,Male,19,Data Science,81.29,91.56,56.77,67.31,72.54,13.2,70.66,69.758,C,18.1,Yes,Yes,Master's,High,9
S5222,Maria,Anderson,student4222@univ.edu,Female,23,Data Science,66.9,63.22,59.96,62.24,91.3,15.6,82.94,69.102,C,28.1,No,Yes,None,Low,9
S5223,David,Brown,student4223@univ.edu,Male,18,Data Science,85.03,92.54,73.42,82.71,85.84,4.2,88.66,82.7865,B,29.7,No,No,PhD,Low,2
S5224,Ali,Miller,student4224@univ.edu,Female,21,Engineering,92.18,60.41,42.78,64.5,95.68,26.0,99.3,65.977,C,28.6,Yes,No,Master's,High,1
S5225,Liam,Brown,student4225@univ.edu,Female,20,Engineering,79.74,51.82,94.86,80.34,53.84,82.1,58.68,72.494,C,18.4,No,No,PhD,High,8
S5226,Emma,Ahmed,student4226@univ.edu,Male,22,Physics,89.22,59.78,45.92,75.22,75.46,19.8,67.28,60.722,D,27.5,Yes,Yes,High School,Low,9
S5227,John,Johnson,student4227@univ.edu,Female,19,CS,87.46,76.56,56.76,60.86,85.34,54.8,58.41,65.8695,C,26.6,No,No,None,Low,4
S5228,Liam,Davis,student4228@univ.edu,Male,23,Business,78.59,62.03,46.56,63.33,60.37,44.6,94.04,61.363,D,14.4,Yes,No,None,Medium,1
S5229,David,Smith,student4229@univ.edu,Male,22,Data Science,65.61,80.37,55.4,58.53,66.36,32.6,77.42,65.8105,C,10.1,Yes,No,Master's,High,7
S5230,Omar,Miller,student4230@univ.edu,Female,24,Business,87.29,54.22,90.26,52.83,70.95,61.8,92.62,74.895,C,23.6,Yes,No,High School,Medium,5
S5231,Omar,Wilson,student4231@univ.edu,Female,18,Physics,60.34,82.06,76.91,80.96,89.72,50.2,99.26,83.8215,B,25.3,Yes,No,PhD,Medium,5
S5232,John,Smith,student4232@univ.edu,Female,22,Mathematics,88.97,60.85,53.64,83.64,74.68,33.5,77.51,66.3185,C,22.0,No,Yes,Master's,Medium,5
S5233,Ahmed,Williams,student4233@univ.edu,Female,25,Physics,90.23,67.35,92.31,58.3,74.64,68.9,55.91,74.106,C,11.4,No,Yes,PhD,High,10
S5234,Zainab,Williams,student4234@univ.edu,Female,22,Engineering,91.11,73.46,88.04,80.77,71.54,28.0,68.06,78.5615,B,13.3,No,Yes,High School,Low,9
S5235,Lucas,Williams,student4235@univ.edu,Female,25,CS,73.65,81.17,85.22,99.1,61.43,64.3,51.81,77.912,B,26.3,Yes,No,Bachelor's,Low,7
S5236,Ali,Khan,student4236@univ.edu,Male,20,Mathematics,59.62,54.32,90.86,53.72,96.15,95.7,92.47,79.016,B,33.9,Yes,No,Master's,High,2
S5237,Maria,Williams,student4237@univ.edu,Male,18,Business,54.99,90.16,77.18,74.52,65.89,72.9,50.89,73.74,C,33.3,No,Yes,Master's,Medium,10
S5238,Ali,Davis,student4238@univ.edu,Male,22,Engineering,87.17,83.31,70.09,86.65,78.37,41.8,79.61,77.888,B,20.6,Yes,No,None,High,9
S5239,Ahmed,Smith,student4239@univ.edu,Female,19,Data Science,94.31,54.05,62.44,52.3,57.44,74.8,55.31,57.4215,D,31.6,No,No,Bachelor's,Low,4
S5240,Fatima,Taylor,student4240@univ.edu,Female,18,Mathematics,82.54,98.5,53.43,88.91,71.71,80.9,50.38,70.0505,C,5.9,Yes,No,Master's,High,5
S5241,Fatima,Jones,student4241@univ.edu,Female,19,Engineering,57.21,79.89,73.44,98.98,95.19,32.6,62.81,80.229,B,30.8,Yes,No,PhD,Medium,2
S5242,Hassan,Miller,student4242@univ.edu,Male,23,Business,96.74,67.15,93.37,54.42,99.77,70.5,77.59,80.8765,B,19.3,Yes,No,High School,High,3
S5243,Fatima,Khan,student4243@univ.edu,Male,23,Physics,99.46,49.45,75.64,91.11,68.09,43.4,53.75,68.3065,C,28.4,No,Yes,Bachelor's,Low,5
S5244,Omar,Wilson,student4244@univ.edu,Female,24,Business,71.67,71.99,95.18,68.93,57.7,81.9,80.74,78.8165,B,5.2,Yes,Yes,None,Low,1
S5245,Omar,Johnson,student4245@univ.edu,Female,21,Mathematics,79.74,49.89,61.42,57.21,65.72,29.5,83.6,62.4545,D,31.1,No,No,None,Low,1
S5246,Sara,Ahmed,student4246@univ.edu,Female,23,Mathematics,88.86,65.77,81.71,74.66,66.36,93.8,98.48,77.6775,B,22.8,Yes,No,PhD,Medium,1
S5247,Liam,Anderson,student4247@univ.edu,Female,22,Physics,86.82,64.52,78.92,53.58,82.23,57.5,94.98,75.1445,B,12.2,No,No,High School,Low,7
S5248,David,Williams,student4248@univ.edu,Male,18,Mathematics,98.39,83.2,80.23,76.11,74.81,35.3,78.34,79.1095,B,15.4,No,Yes,None,Low,10
S5249,Maria,Wilson,student4249@univ.edu,Male,23,CS,55.74,51.54,78.7,50.97,88.42,41.9,89.67,72.212,C,11.0,No,Yes,None,High,4
S5250,John,Anderson,student4250@univ.edu,Male,19,Data Science,79.04,89.31,53.3,86.43,85.07,34.8,68.18,72.469,C,17.7,Yes,Yes,High School,High,4
S5251,David,Jones,student4251@univ.edu,Female,22,Engineering,84.6,59.57,48.62,74.4,62.57,14.6,79.29,61.37,D,14.9,No,Yes,Bachelor's,Medium,3
S5252,Ali,Wilson,student4252@univ.edu,Male,23,Physics,94.5,66.64,98.72,72.95,89.21,6.8,70.17,82.7295,B,21.0,No,No,Master's,Medium,2
S5253,Sara,Ahmed,student4253@univ.edu,Female,25,Business,93.71,86.34,42.72,59.81,92.37,32.2,66.85,65.0745,C,29.4,No,Yes,Master's,High,4
S5254,Omar,Smith,student4254@univ.edu,Female,25,Business,98.9,77.52,68.06,68.06,79.92,45.9,86.38,74.479,C,34.5,No,Yes,High School,Low,2
S5255,John,Wilson,student4255@univ.edu,Female,20,Data Science,75.6,58.48,65.5,59.09,96.38,36.2,64.83,67.666,C,12.5,No,No,High School,High,7
S5256,Omar,Khan,student4256@univ.edu,Male,19,Mathematics,91.54,63.17,61.6,86.77,89.15,1.4,69.03,70.9365,C,8.2,No,Yes,High School,High,10
S5257,Zainab,Williams,student4257@univ.edu,Male,24,Mathematics,71.36,58.35,86.92,59.95,79.77,57.9,68.36,73.304,C,16.9,No,No,PhD,Low,6
S5258,Maria,Jones,student4258@univ.edu,Female,24,Business,71.12,75.69,84.72,80.84,95.31,14.5,93.52,85.2405,A,9.3,Yes,Yes,PhD,High,6
S5259,Liam,Johnson,student4259@univ.edu,Male,24,Data Science,62.67,59.96,94.31,63.98,80.02,21.1,58.52,75.3785,B,30.0,No,No,High School,High,2
S5260,Hassan,Taylor,student4260@univ.edu,Female,19,Business,90.91,83.54,63.73,82.85,76.06,12.1,69.07,73.2105,C,20.0,Yes,Yes,PhD,Low,5
S5261,David,Brown,student4261@univ.edu,Female,24,Mathematics,99.29,74.79,73.85,77.02,67.81,52.0,94.39,76.6885,B,23.6,No,No,Master's,Low,10
S5262,David,Khan,student4262@univ.edu,Female,21,Physics,62.82,48.74,93.54,71.17,94.14,9.5,50.77,74.899,C,9.5,No,No,High School,Medium,8
S5263,Fatima,Williams,student4263@univ.edu,Male,20,Engineering,52.81,58.62,99.63,83.65,56.14,25.6,97.39,82.1715,B,27.5,No,No,Master's,Medium,2
S5264,Ahmed,Anderson,student4264@univ.edu,Male,21,Mathematics,90.78,53.29,98.16,70.79,73.68,45.2,94.95,80.927,B,34.2,No,Yes,Master's,High,8
S5265,Fatima,Jones,student4265@univ.edu,Female,25,Physics,81.01,63.42,83.07,91.07,76.87,16.8,70.89,77.583,B,19.5,No,Yes,PhD,Medium,9
S5266,Zainab,Smith,student4266@univ.edu,Male,23,Engineering,97.98,70.96,48.59,86.48,77.74,44.6,82.65,68.229,C,33.9,No,No,None,Low,3
S5267,John,Khan,student4267@univ.edu,Male,20,CS,62.61,70.41,41.39,77.03,82.59,34.3,99.55,67.444,C,6.0,Yes,Yes,None,Low,4
S5268,Lucas,Davis,student4268@univ.edu,Male,19,Data Science,53.55,85.27,89.51,93.85,75.29,86.1,77.75,85.416,A,6.1,Yes,Yes,Bachelor's,Medium,8
S5269,Fatima,Jones,student4269@univ.edu,Male,21,Physics,74.62,51.35,90.46,91.44,62.84,79.5,54.84,73.299,C,33.8,Yes,No,Bachelor's,Low,2
S5270,Hassan,Anderson,student4270@univ.edu,Female,22,CS,54.27,96.79,84.78,76.59,92.85,99.3,92.68,88.349,A,26.0,No,Yes,None,Low,2
S5271,Sara,Khan,student4271@univ.edu,Male,20,Mathematics,63.09,60.57,56.8,53.42,82.88,52.9,56.71,60.9455,D,10.7,No,No,High School,High,1
S5272,Fatima,Brown,student4272@univ.edu,Female,19,Data Science,56.3,58.01,78.39,78.3,92.91,57.5,62.86,74.149,C,15.9,No,No,None,Low,2
S5273,Fatima,Brown,student4273@univ.edu,Female,18,Physics,61.21,81.11,58.97,67.76,63.8,94.7,93.68,70.6475,C,20.2,Yes,Yes,PhD,High,9
S5274,Lucas,Miller,student4274@univ.edu,Male,20,Mathematics,55.31,88.33,67.04,77.01,81.85,40.0,62.8,74.379,C,26.1,Yes,No,None,Low,5
S5275,Ahmed,Taylor,student4275@univ.edu,Female,20,Data Science,97.7,62.71,62.95,82.36,85.71,55.6,87.25,72.8725,C,30.3,No,Yes,High School,High,4
S5276,Maria,Anderson,student4276@univ.edu,Female,23,Data Science,63.93,84.81,94.82,82.24,69.17,37.9,72.38,83.7175,B,7.5,No,No,High School,Medium,2
S5277,Sara,Brown,student4277@univ.edu,Male,22,Mathematics,72.19,93.02,54.05,83.68,90.61,54.6,87.99,76.8635,B,24.7,No,No,Bachelor's,High,2
S5278,Fatima,Miller,student4278@univ.edu,Female,23,Mathematics,94.93,86.01,74.66,83.96,50.13,8.1,61.62,72.6895,C,19.3,Yes,No,Bachelor's,Low,6
S5279,Zainab,Miller,student4279@univ.edu,Female,24,Physics,83.87,42.05,61.66,55.46,79.75,78.4,70.98,60.9195,D,22.9,Yes,Yes,High School,High,7
S5280,Liam,Khan,student4280@univ.edu,Male,20,Data Science,80.9,89.64,79.78,59.59,80.68,98.5,65.91,76.778,B,20.3,Yes,Yes,Master's,High,4
S5281,Hassan,Miller,student4281@univ.edu,Male,25,Physics,85.28,86.47,73.87,81.53,76.69,6.6,62.45,76.249,B,18.5,No,No,Bachelor's,High,7
S5282,Lucas,Jones,student4282@univ.edu,Male,20,Data Science,91.44,80.16,95.44,70.41,81.5,80.1,65.72,82.0805,B,11.2,No,No,PhD,Medium,1
S5283,Liam,Ahmed,student4283@univ.edu,Male,24,Physics,93.88,85.6,46.1,88.14,58.36,24.2,66.15,65.1525,C,19.2,No,Yes,Master's,Low,8
S5284,Lucas,Miller,student4284@univ.edu,Male,22,Mathematics,82.13,98.77,53.24,56.25,84.24,19.8,97.77,74.127,C,10.7,Yes,No,PhD,High,3
S5285,Zainab,Williams,student4285@univ.edu,Female,22,Mathematics,94.5,65.87,85.98,59.58,66.79,69.3,76.66,73.7215,C,6.3,Yes,No,PhD,Medium,7
S5286,Liam,Anderson,student4286@univ.edu,Female,25,Business,76.77,44.03,62.13,77.92,72.6,4.4,73.1,64.0945,D,16.2,No,Yes,High School,High,7
S5287,Lucas,Williams,student4287@univ.edu,Male,25,Physics,63.86,67.65,49.95,75.04,66.66,46.3,75.17,63.543,D,5.7,Yes,No,Master's,High,3
S5288,Ali,Davis,student4288@univ.edu,Male,21,Business,94.0,42.79,70.2,63.32,73.7,0.1,99.81,68.6525,C,21.9,Yes,No,Bachelor's,Low,5
S5289,Liam,Brown,student4289@univ.edu,Female,19,Business,77.07,57.66,79.13,70.42,81.08,55.4,82.68,74.3545,C,7.2,Yes,Yes,High School,Medium,2
S5290,Ahmed,Taylor,student4290@univ.edu,Male,19,CS,95.31,75.21,42.69,51.75,91.92,46.2,85.17,64.3095,D,18.1,Yes,Yes,None,High,9
S5291,Emma,Miller,student4291@univ.edu,Male,21,Data Science,52.01,58.58,57.5,51.85,74.17,91.5,65.68,60.596,D,34.4,No,No,Bachelor's,Low,5
S5292,Sara,Smith,student4292@univ.edu,Female,19,Engineering,69.88,81.12,88.57,54.75,66.16,72.0,73.58,76.397,B,5.3,Yes,Yes,None,High,4
S5293,John,Smith,student4293@univ.edu,Female,20,CS,97.39,89.32,71.21,78.84,74.4,12.6,59.2,74.6535,C,16.0,No,No,High School,Low,10
S5294,Maria,Brown,student4294@univ.edu,Female,21,Data Science,62.48,65.23,42.12,93.19,84.44,35.5,84.26,67.0715,C,25.2,No,Yes,PhD,Medium,3
S5295,Ali,Davis,student4295@univ.edu,Male,21,Engineering,97.08,94.01,56.92,63.01,67.34,93.2,67.22,68.3595,C,9.8,Yes,No,PhD,Medium,1
S5296,Sophia,Smith,student4296@univ.edu,Female,19,Business,97.7,44.79,78.35,51.7,70.71,72.5,87.41,67.8535,C,21.8,Yes,No,Master's,Medium,7
S5297,Omar,Ahmed,student4297@univ.edu,Male,18,Engineering,94.11,90.41,51.96,85.43,78.14,59.4,60.66,69.9025,C,12.7,Yes,No,Bachelor's,High,3
S5298,Zainab,Williams,student4298@univ.edu,Female,25,Mathematics,78.18,89.71,89.64,92.77,64.7,55.9,70.18,83.4635,B,11.7,Yes,Yes,None,Medium,10
S5299,Zainab,Ahmed,student4299@univ.edu,Male,19,Mathematics,82.35,59.32,80.59,56.91,60.45,39.8,73.56,68.7085,C,31.8,Yes,Yes,None,Medium,1
S5300,Fatima,Wilson,student4300@univ.edu,Male,23,Physics,93.48,57.92,68.28,69.29,57.02,58.5,58.33,63.178,D,11.1,No,Yes,Master's,Low,10
S5301,Hassan,Jones,student4301@univ.edu,Male,18,Data Science,88.79,58.31,94.94,57.94,67.63,77.2,53.48,71.7485,C,16.3,Yes,No,Bachelor's,Medium,10
S5302,John,Johnson,student4302@univ.edu,Female,21,CS,81.5,88.68,63.51,55.32,52.42,12.8,65.85,66.003,C,10.1,No,Yes,PhD,Low,8
S5303,Omar,Smith,student4303@univ.edu,Female,18,Business,99.11,89.9,54.1,82.41,79.17,97.0,77.24,72.738,C,13.5,No,Yes,High School,Medium,8
S5304,Zainab,Taylor,student4304@univ.edu,Female,20,Data Science,84.28,59.78,79.68,98.38,58.8,23.9,82.63,75.8155,B,13.8,Yes,Yes,Master's,High,3
S5305,Sara,Miller,student4305@univ.edu,Male,22,Business,98.77,75.56,74.4,83.91,68.87,44.8,71.26,74.758,C,14.8,No,Yes,High School,High,10
S5306,John,Taylor,student4306@univ.edu,Female,18,Mathematics,52.87,48.34,60.11,99.24,63.46,2.3,75.01,66.363,C,24.2,Yes,No,High School,Medium,3
S5307,Liam,Anderson,student4307@univ.edu,Female,23,CS,56.95,68.13,60.62,71.72,81.52,55.0,77.16,69.403,C,27.3,No,Yes,Master's,Low,2
S5308,Liam,Jones,student4308@univ.edu,Male,22,CS,72.57,99.93,63.89,94.89,92.52,38.2,75.6,81.799,B,20.3,No,Yes,None,High,8
S5309,Sophia,Williams,student4309@univ.edu,Male,20,Mathematics,69.24,49.53,57.47,60.25,81.67,25.0,54.52,59.4865,D,23.3,Yes,No,Bachelor's,High,9
S5310,Omar,Davis,student4310@univ.edu,Female,23,Engineering,89.14,96.85,82.61,55.9,77.13,98.6,70.25,78.7755,B,29.4,Yes,No,None,High,4
S5311,Zainab,Jones,student4311@univ.edu,Female,24,CS,58.03,89.46,79.08,85.13,83.45,42.8,60.22,79.89,B,35.0,No,Yes,PhD,Low,4
S5312,Maria,Johnson,student4312@univ.edu,Female,22,Engineering,98.8,98.33,66.45,68.57,51.5,41.4,76.69,72.4375,C,18.7,No,Yes,Bachelor's,Medium,5
S5313,Zainab,Wilson,student4313@univ.edu,Male,24,Business,65.75,50.77,63.87,65.88,56.14,46.3,87.9,63.9965,D,33.1,Yes,No,Master's,High,3
S5314,Sara,Khan,student4314@univ.edu,Female,20,CS,71.45,52.81,61.9,83.56,54.75,11.6,78.97,64.819,D,19.7,Yes,No,Master's,High,5
S5315,Liam,Smith,student4315@univ.edu,Male,22,Physics,63.74,41.01,57.01,66.67,54.91,39.3,61.09,55.556,D,28.5,Yes,Yes,Master's,High,4
S5316,Fatima,Davis,student4316@univ.edu,Male,22,Mathematics,78.97,83.48,45.14,78.63,63.02,33.6,60.39,62.801,D,22.2,No,Yes,High School,High,8
S5317,Emma,Davis,student4317@univ.edu,Female,19,Engineering,52.93,78.65,56.09,64.97,76.6,46.5,51.85,64.3745,D,31.5,Yes,Yes,Master's,High,5
S5318,Ahmed,Smith,student4318@univ.edu,Female,23,Physics,57.48,50.68,59.27,89.19,55.73,85.7,71.32,63.3165,D,18.5,No,Yes,PhD,High,7
S5319,Ahmed,Smith,student4319@univ.edu,Male,25,Business,87.29,87.47,72.86,65.62,96.76,19.3,71.64,78.098,B,25.9,Yes,No,PhD,Medium,4
S5320,Lucas,Smith,student4320@univ.edu,Male,23,Business,59.33,57.95,86.43,76.75,92.71,60.8,61.82,76.5325,B,19.0,Yes,No,Master's,High,2
S5321,Maria,Smith,student4321@univ.edu,Female,18,CS,61.78,48.1,63.74,51.16,98.58,3.8,88.21,67.6215,C,30.7,No,No,Bachelor's,High,8
S5322,Zainab,Smith,student4322@univ.edu,Female,24,CS,89.65,65.35,96.69,89.59,52.13,31.7,69.32,78.5675,B,34.8,No,No,PhD,High,4
S5323,Ahmed,Davis,student4323@univ.edu,Female,24,Physics,54.67,45.46,89.64,81.02,92.57,47.3,83.47,79.025,B,12.3,Yes,Yes,Bachelor's,Medium,9
S5324,Lucas,Brown,student4324@univ.edu,Male,23,Data Science,71.87,55.79,99.09,59.61,90.19,7.4,82.0,80.6095,B,19.2,No,No,Bachelor's,Low,6
S5325,Omar,Brown,student4325@univ.edu,Male,23,Data Science,51.15,62.28,92.57,60.77,95.11,54.4,80.24,80.2735,B,7.4,Yes,No,Bachelor's,Low,8
S5326,Liam,Taylor,student4326@univ.edu,Female,22,CS,67.34,91.11,77.0,63.12,76.4,31.0,95.4,80.41,B,9.2,No,Yes,Master's,High,9
S5327,Hassan,Brown,student4327@univ.edu,Male,24,Data Science,84.95,87.55,75.91,78.83,89.39,99.3,50.79,76.93,B,32.9,No,No,High School,Medium,9
S5328,Ali,Johnson,student4328@univ.edu,Male,21,Mathematics,54.51,66.57,47.77,77.42,52.56,63.1,53.4,57.5405,D,21.3,No,No,Master's,Medium,9
S5329,Liam,Brown,student4329@univ.edu,Female,25,Physics,94.42,83.47,83.34,63.69,53.79,24.4,86.11,76.4015,B,16.9,Yes,Yes,PhD,Low,7
S5330,Ali,Davis,student4330@univ.edu,Male,19,Mathematics,95.47,74.12,76.01,84.7,55.93,10.3,67.68,72.674,C,25.1,Yes,No,PhD,Low,3
S5331,Fatima,Smith,student4331@univ.edu,Female,25,Data Science,55.25,60.45,70.42,94.45,95.74,4.1,99.33,80.165,B,21.8,Yes,No,PhD,Medium,8
S5332,Emma,Ahmed,student4332@univ.edu,Female,18,CS,99.54,83.55,81.6,52.18,53.06,9.1,60.82,70.179,C,13.7,Yes,Yes,PhD,High,7
S5333,John,Miller,student4333@univ.edu,Male,25,Mathematics,64.88,81.01,66.64,70.86,55.01,68.0,59.17,67.282,C,11.8,No,Yes,High School,Medium,9
S5334,Ahmed,Miller,student4334@univ.edu,Male,19,Business,54.21,77.15,71.43,79.68,96.52,85.5,79.41,78.772,B,22.7,No,Yes,Bachelor's,Low,5
S5335,Omar,Johnson,student4335@univ.edu,Female,18,CS,50.25,77.08,63.9,79.32,55.37,15.7,63.97,67.58,C,10.6,Yes,No,Master's,Medium,4
S5336,Ali,Anderson,student4336@univ.edu,Male,20,Physics,70.43,80.98,83.04,50.98,93.49,40.2,67.02,76.9835,B,9.2,No,No,PhD,High,2
S5337,David,Davis,student4337@univ.edu,Female,22,Engineering,81.49,63.07,92.6,60.53,89.46,35.4,96.05,81.93,B,14.6,Yes,No,Bachelor's,High,7
S5338,Zainab,Williams,student4338@univ.edu,Male,23,Engineering,66.61,92.14,90.45,53.09,52.01,64.5,51.31,73.547,C,30.8,No,Yes,Master's,Low,6
S5339,Ahmed,Ahmed,student4339@univ.edu,Male,23,CS,91.84,49.74,87.16,78.45,51.09,18.3,76.56,71.369,C,6.1,Yes,No,High School,Medium,6
S5340,Zainab,Jones,student4340@univ.edu,Male,21,Data Science,85.83,93.03,40.83,82.27,76.72,95.3,66.74,66.756,C,30.0,No,No,None,Medium,10
S5341,Maria,Taylor,student4341@univ.edu,Female,25,Mathematics,67.51,60.54,94.71,57.99,99.86,72.9,67.3,79.029,B,23.6,Yes,Yes,High School,High,8
S5342,Fatima,Williams,student4342@univ.edu,Male,24,Mathematics,86.72,47.5,56.49,66.65,93.94,95.5,62.39,62.7185,D,6.2,No,Yes,None,Medium,1
S5343,John,Davis,student4343@univ.edu,Female,24,CS,97.02,76.0,93.28,66.49,65.5,27.7,56.74,76.1575,B,23.1,No,No,PhD,High,1
S5344,Ahmed,Brown,student4344@univ.edu,Female,19,Business,54.65,62.56,51.82,90.99,69.32,58.8,51.72,62.4535,D,17.8,Yes,Yes,Bachelor's,High,4
S5345,Zainab,Smith,student4345@univ.edu,Female,19,Physics,65.31,88.93,66.38,59.73,69.4,73.2,99.38,75.2955,B,30.2,Yes,Yes,Bachelor's,Medium,8
S5346,Omar,Khan,student4346@univ.edu,Male,19,Data Science,73.17,65.85,84.96,77.42,86.71,71.1,83.02,79.9785,B,32.2,No,Yes,Master's,Low,5
S5347,Ahmed,Williams,student4347@univ.edu,Female,24,Business,74.9,80.11,78.42,89.15,67.06,2.1,88.86,80.2295,B,13.6,No,Yes,None,Medium,9
S5348,Ali,Jones,student4348@univ.edu,Female,23,CS,77.11,58.5,64.96,91.48,57.39,99.8,53.25,64.754,D,28.5,Yes,No,None,Medium,3
S5349,Maria,Anderson,student4349@univ.edu,Male,24,CS,65.03,52.57,80.72,83.33,87.36,92.8,50.74,71.9805,C,14.3,Yes,No,Master's,Low,6
S5350,David,Miller,student4350@univ.edu,Female,19,Business,83.36,63.28,72.94,64.98,72.9,12.0,80.01,70.8685,C,13.9,No,Yes,Bachelor's,Medium,6
S5351,Sara,Anderson,student4351@univ.edu,Female,22,Engineering,82.25,76.41,56.54,91.15,53.84,54.4,86.19,69.748,C,10.8,Yes,No,Bachelor's,High,4
S5352,Sophia,Jones,student4352@univ.edu,Male,18,CS,78.89,79.42,78.78,87.11,89.5,31.5,69.74,80.4095,B,25.4,Yes,Yes,Master's,Medium,2
S5353,David,Smith,student4353@univ.edu,Female,23,Physics,55.69,74.69,52.25,85.22,79.27,87.9,69.39,68.3075,C,12.9,No,Yes,None,High,6
S5354,Lucas,Brown,student4354@univ.edu,Male,22,Data Science,73.85,99.28,81.64,53.37,74.47,69.8,69.22,77.989,B,18.9,Yes,Yes,PhD,Low,10
S5355,Ahmed,Jones,student4355@univ.edu,Female,20,Business,67.81,81.47,40.19,52.16,83.67,22.4,57.64,59.381,D,29.4,No,Yes,Master's,Medium,3
S5356,Liam,Taylor,student4356@univ.edu,Female,25,Engineering,74.55,95.89,72.93,84.77,75.27,3.4,87.7,81.8645,B,28.8,Yes,Yes,Bachelor's,Medium,8
S5357,Emma,Jones,student4357@univ.edu,Male,22,Business,96.09,47.08,64.06,97.24,82.42,29.2,60.76,67.9,C,30.7,Yes,Yes,PhD,Low,2
S5358,Liam,Khan,student4358@univ.edu,Female,25,Engineering,74.03,43.68,58.19,88.69,93.37,3.8,66.22,66.3445,C,9.8,Yes,No,PhD,Low,3
S5359,David,Davis,student4359@univ.edu,Female,22,Engineering,50.7,58.66,70.94,91.57,80.68,14.1,83.56,74.9325,C,22.6,No,No,None,High,9
S5360,Ali,Brown,student4360@univ.edu,Female,20,Physics,71.94,48.2,78.72,77.25,82.98,63.6,50.01,68.728,C,32.4,Yes,Yes,Master's,Low,2
S5361,Liam,Smith,student4361@univ.edu,Male,22,Data Science,91.03,71.55,97.92,65.23,80.69,74.5,88.31,83.7165,B,6.3,No,No,PhD,High,10
S5362,Omar,Ahmed,student4362@univ.edu,Male,18,CS,89.0,71.14,89.98,83.89,76.56,46.8,94.95,84.031,B,28.8,No,Yes,High School,Low,1
S5363,Liam,Miller,student4363@univ.edu,Male,23,Engineering,75.67,74.5,83.03,85.6,58.6,60.0,52.58,73.4775,C,12.4,No,No,PhD,High,3
S5364,John,Miller,student4364@univ.edu,Male,25,CS,62.49,84.71,68.74,83.77,66.78,15.6,79.58,75.5205,B,25.1,Yes,No,PhD,Low,10
S5365,Sara,Ahmed,student4365@univ.edu,Male,21,Data Science,73.25,98.28,63.53,97.34,84.66,31.7,70.42,79.7545,B,26.5,Yes,No,PhD,High,6
S5366,Ahmed,Jones,student4366@univ.edu,Female,24,CS,78.19,92.7,41.95,68.36,71.27,71.3,53.92,62.255,D,32.8,Yes,Yes,Master's,High,8
S5367,Fatima,Davis,student4367@univ.edu,Male,20,Physics,99.99,47.1,61.55,51.98,70.31,36.5,84.11,61.9225,D,20.3,No,No,None,Medium,10
S5368,Liam,Williams,student4368@univ.edu,Male,25,Physics,82.21,60.31,90.9,95.42,87.96,34.9,80.62,83.477,B,30.4,No,Yes,None,High,5
S5369,Maria,Anderson,student4369@univ.edu,Male,23,Mathematics,84.71,55.35,63.04,58.02,50.28,19.4,82.13,61.6985,D,6.4,No,Yes,High School,Medium,2
S5370,Fatima,Anderson,student4370@univ.edu,Female,19,Physics,74.57,50.61,67.7,84.87,83.95,59.5,90.67,72.7405,C,17.6,No,Yes,High School,Medium,8
S5371,Sara,Anderson,student4371@univ.edu,Female,25,Engineering,67.72,72.68,56.31,93.66,74.46,81.0,64.35,69.115,C,18.2,Yes,No,PhD,Low,2
S5372,Zainab,Khan,student4372@univ.edu,Male,18,Data Science,90.65,73.2,56.45,65.51,68.84,46.9,83.85,67.1275,C,21.1,No,Yes,PhD,Medium,4
S5373,Ali,Williams,student4373@univ.edu,Female,21,Physics,74.75,53.63,43.71,91.52,67.03,11.6,87.17,62.8825,D,19.4,Yes,No,PhD,High,9
S5374,Sara,Davis,student4374@univ.edu,Female,18,Business,99.73,82.71,76.83,66.6,58.64,83.8,58.44,70.9845,C,34.0,No,No,High School,Low,7
S5375,Liam,Anderson,student4375@univ.edu,Female,25,Data Science,72.86,83.97,66.88,89.71,66.71,7.1,97.85,78.3425,B,7.4,No,No,None,High,3
S5376,Sara,Taylor,student4376@univ.edu,Female,18,Engineering,53.4,41.26,76.36,53.49,69.57,47.2,67.0,63.487,D,13.0,No,Yes,High School,Medium,1
S5377,Fatima,Williams,student4377@univ.edu,Male,19,Data Science,84.13,63.75,72.81,82.76,71.87,26.1,85.69,74.2815,C,34.1,No,Yes,None,Medium,6
S5378,Emma,Williams,student4378@univ.edu,Male,21,Physics,52.33,93.41,87.93,83.86,83.62,93.6,87.7,87.7345,A,18.4,No,No,High School,Medium,9
S5379,Ali,Smith,student4379@univ.edu,Female,24,Business,62.53,71.22,85.06,74.57,72.68,73.8,75.2,77.3825,B,22.1,Yes,Yes,None,Medium,4
S5380,Liam,Smith,student4380@univ.edu,Female,18,Mathematics,67.69,60.86,86.29,84.35,89.81,56.6,56.44,76.9635,B,7.4,Yes,No,High School,High,7
S5381,Omar,Brown,student4381@univ.edu,Female,19,Engineering,86.97,55.22,69.95,96.16,81.99,66.8,63.78,71.816,C,13.5,No,Yes,None,High,3
S5382,David,Taylor,student4382@univ.edu,Female,20,Engineering,74.71,54.6,61.23,86.69,59.48,53.3,61.71,63.5325,D,6.2,Yes,No,Master's,Low,1
S5383,John,Taylor,student4383@univ.edu,Male,19,Data Science,51.43,45.99,96.01,98.06,63.86,14.8,75.93,78.479,B,9.1,Yes,Yes,Master's,Low,5
S5384,Sophia,Brown,student4384@univ.edu,Female,22,CS,80.84,89.03,43.26,72.43,53.96,70.9,63.06,61.3645,D,24.0,No,No,Bachelor's,High,1
S5385,Hassan,Taylor,student4385@univ.edu,Male,25,CS,70.57,45.2,49.16,76.41,97.29,49.3,77.34,63.902,D,27.9,No,Yes,None,High,2
S5386,Lucas,Johnson,student4386@univ.edu,Female,23,Business,96.09,57.54,65.18,63.19,94.33,63.4,64.41,67.6105,C,31.1,No,Yes,None,Medium,7
S5387,Ali,Wilson,student4387@univ.edu,Male,25,Mathematics,74.98,42.74,76.84,99.28,54.24,4.5,50.05,65.9775,C,12.5,No,No,None,Medium,1
S5388,Sara,Anderson,student4388@univ.edu,Female,25,Mathematics,85.45,86.88,40.49,52.76,78.7,14.2,68.16,61.4905,D,15.0,No,Yes,Bachelor's,Low,6
S5389,Omar,Smith,student4389@univ.edu,Male,19,Data Science,60.94,42.36,83.16,67.93,98.02,58.9,80.34,74.5215,C,22.1,No,No,High School,Low,7
S5390,Ahmed,Brown,student4390@univ.edu,Male,19,Data Science,88.05,58.5,73.52,64.88,87.36,45.9,88.68,73.57,C,7.5,No,Yes,Master's,Low,4
S5391,Ahmed,Brown,student4391@univ.edu,Male,19,CS,86.05,74.4,69.08,69.33,74.59,22.7,51.42,68.359,C,29.2,Yes,No,Bachelor's,High,4
S5392,Lucas,Taylor,student4392@univ.edu,Female,25,Physics,95.2,64.57,65.41,95.89,62.06,24.1,62.92,68.938,C,19.5,Yes,No,Master's,Low,2
S5393,Ali,Williams,student4393@univ.edu,Male,24,Mathematics,51.69,56.94,71.17,68.4,63.95,63.2,99.27,71.0405,C,34.0,Yes,Yes,PhD,High,5
S5394,Ali,Ahmed,student4394@univ.edu,Female,18,Physics,72.38,56.51,49.71,95.85,86.81,5.9,63.09,65.563,C,8.5,Yes,No,Bachelor's,High,7
S5395,John,Miller,student4395@univ.edu,Male,24,Mathematics,83.96,87.87,46.52,71.17,89.03,43.4,88.86,71.215,C,9.0,Yes,No,Bachelor's,Low,4
S5396,Sara,Khan,student4396@univ.edu,Male,21,Physics,54.76,98.44,57.38,92.74,76.43,52.3,75.47,76.467,B,15.5,Yes,Yes,Master's,High,8
S5397,Emma,Jones,student4397@univ.edu,Female,19,Physics,70.53,60.88,82.57,76.09,56.05,30.8,56.11,69.313,C,11.2,Yes,No,None,High,8
S5398,Lucas,Jones,student4398@univ.edu,Male,19,Mathematics,97.11,42.35,75.3,65.57,96.69,82.1,82.17,71.4895,C,25.9,Yes,Yes,PhD,Low,7
S5399,John,Brown,student4399@univ.edu,Female,22,Business,71.8,42.19,68.81,72.47,92.24,5.7,98.32,71.976,C,33.4,No,No,Master's,Low,3
S5400,Sara,Anderson,student4400@univ.edu,Female,22,Business,99.27,85.55,74.29,71.22,57.03,86.6,94.34,76.5,B,7.7,No,Yes,Bachelor's,Low,10
S5401,Fatima,Johnson,student4401@univ.edu,Female,20,Data Science,52.84,73.14,73.56,63.0,52.84,72.3,84.51,70.4265,C,12.3,Yes,No,None,Low,9
S5402,Omar,Anderson,student4402@univ.edu,Female,20,Physics,85.89,87.02,58.42,64.48,76.79,44.6,75.61,70.383,C,12.1,Yes,No,PhD,Medium,8
S5403,Hassan,Brown,student4403@univ.edu,Male,22,Physics,79.05,81.85,45.85,59.32,64.21,92.4,65.97,60.8425,D,20.3,No,Yes,None,Medium,10
S5404,David,Anderson,student4404@univ.edu,Male,21,Physics,75.03,94.45,93.81,66.8,64.16,70.2,67.85,81.545,B,18.6,Yes,No,Master's,Medium,1
S5405,Emma,Smith,student4405@univ.edu,Female,20,Physics,98.54,93.15,75.99,81.22,54.36,93.1,67.31,75.66,B,26.8,Yes,No,None,Low,9
S5406,Fatima,Anderson,student4406@univ.edu,Male,23,Physics,56.48,87.3,81.86,69.33,97.67,47.3,96.1,85.576,A,27.0,Yes,No,Bachelor's,Medium,7
S5407,Fatima,Taylor,student4407@univ.edu,Male,23,CS,94.8,68.51,67.84,85.62,91.51,45.3,60.57,73.101,C,22.2,Yes,No,Bachelor's,Low,10
S5408,Sophia,Taylor,student4408@univ.edu,Female,21,Engineering,84.56,58.49,85.39,99.35,55.69,53.1,68.9,75.1755,B,22.7,No,No,High School,Medium,10
S5409,Ahmed,Johnson,student4409@univ.edu,Male,22,Physics,62.95,70.42,75.07,68.86,93.83,6.5,71.6,75.502,B,30.3,Yes,No,PhD,High,4
S5410,Maria,Smith,student4410@univ.edu,Female,20,CS,95.08,70.12,43.23,73.13,84.15,90.8,70.45,63.314,D,16.9,Yes,No,Master's,Low,5
S5411,Omar,Miller,student4411@univ.edu,Male,19,Business,71.46,76.62,93.41,58.21,66.27,66.8,50.21,74.221,C,5.4,No,No,None,Medium,7
S5412,Ahmed,Williams,student4412@univ.edu,Male,22,Physics,90.71,51.17,58.33,69.61,93.56,61.8,63.55,64.6575,D,11.4,No,No,Bachelor's,Medium,8
S5413,Liam,Ahmed,student4413@univ.edu,Female,20,Business,69.44,79.34,48.27,86.34,79.9,92.6,74.93,68.938,C,6.1,Yes,No,High School,Low,4
S5414,Hassan,Smith,student4414@univ.edu,Male,21,Data Science,92.55,67.4,45.28,60.87,92.43,99.4,88.02,65.526,C,16.8,No,Yes,Master's,High,7
S5415,Fatima,Davis,student4415@univ.edu,Male,23,Engineering,81.83,77.21,83.23,59.1,73.46,16.3,78.47,76.227,B,15.7,No,Yes,Bachelor's,Medium,6
S5416,Maria,Wilson,student4416@univ.edu,Female,25,Mathematics,57.05,54.38,82.24,68.82,75.03,74.9,69.24,71.6235,C,8.0,Yes,Yes,Master's,Low,9
S5417,Ali,Ahmed,student4417@univ.edu,Male,21,Engineering,82.48,66.06,82.01,90.93,64.55,58.0,83.26,77.7265,B,27.7,No,Yes,Bachelor's,Medium,4
S5418,Ahmed,Brown,student4418@univ.edu,Female,25,Physics,59.57,52.61,94.95,81.18,69.38,46.1,83.29,78.832,B,21.6,No,Yes,Master's,High,4
S5419,John,Ahmed,student4419@univ.edu,Male,20,Physics,70.6,92.52,60.94,97.88,78.39,97.8,62.4,75.6335,B,11.8,Yes,No,Bachelor's,Low,3
S5420,Emma,Davis,student4420@univ.edu,Female,21,Engineering,58.51,69.28,73.67,95.23,97.35,85.0,55.19,76.806,B,27.8,No,No,None,Medium,8
S5421,Zainab,Johnson,student4421@univ.edu,Female,20,Engineering,51.1,53.5,77.17,57.56,80.01,69.7,90.16,71.869,C,25.0,Yes,No,PhD,Medium,8
S5422,Ahmed,Davis,student4422@univ.edu,Female,20,Data Science,60.59,42.47,98.77,52.13,57.37,38.3,76.49,70.962,C,10.7,Yes,Yes,Bachelor's,Low,4
S5423,Sophia,Taylor,student4423@univ.edu,Female,25,Business,76.82,80.54,58.74,69.95,50.35,66.6,58.83,63.5365,D,34.5,Yes,Yes,Master's,High,3
S5424,David,Anderson,student4424@univ.edu,Female,21,Mathematics,74.08,52.88,97.38,76.1,92.55,53.2,63.1,79.4215,B,10.3,Yes,No,Bachelor's,Medium,6
S5425,John,Williams,student4425@univ.edu,Male,18,Engineering,75.07,99.37,48.92,75.78,68.22,24.9,88.32,71.844,C,28.2,No,No,High School,High,9
S5426,Zainab,Jones,student4426@univ.edu,Male,19,Mathematics,62.38,72.02,85.84,56.71,65.75,45.0,82.66,75.216,B,34.0,No,No,None,Low,8
S5427,Omar,Brown,student4427@univ.edu,Female,22,Engineering,84.26,57.34,77.97,56.24,90.04,21.2,97.26,75.2885,B,26.8,No,No,High School,Medium,7
S5428,Omar,Ahmed,student4428@univ.edu,Male,23,Business,85.21,79.46,89.01,52.34,97.27,50.0,73.25,80.4745,B,25.0,No,Yes,Master's,Medium,7
S5429,Omar,Jones,student4429@univ.edu,Female,19,Mathematics,67.9,56.51,41.72,92.54,87.4,72.0,52.61,60.7865,D,32.1,Yes,Yes,Bachelor's,High,5
S5430,Omar,Anderson,student4430@univ.edu,Male,22,CS,94.06,89.22,44.69,97.39,58.69,3.7,85.02,69.6505,C,13.1,No,Yes,Bachelor's,High,2
S5431,David,Taylor,student4431@univ.edu,Male,22,Business,82.2,58.49,44.18,55.78,69.57,76.5,62.75,55.376,D,13.3,Yes,Yes,High School,High,9
S5432,Ahmed,Taylor,student4432@univ.edu,Female,23,Mathematics,85.65,99.29,75.58,60.66,87.97,2.0,66.19,78.534,B,24.2,Yes,No,PhD,Low,3
S5433,Sara,Anderson,student4433@univ.edu,Female,19,Engineering,63.87,76.31,76.18,54.49,95.35,51.7,59.83,73.3755,C,31.5,Yes,No,None,High,9
S5434,Ahmed,Brown,student4434@univ.edu,Male,23,Engineering,50.03,90.66,94.37,93.88,99.93,57.3,65.45,90.0505,A,23.5,No,No,Bachelor's,Medium,10
S5435,Fatima,Jones,student4435@univ.edu,Male,20,Business,93.27,44.37,68.06,97.94,75.58,76.1,91.47,72.4435,C,34.3,No,No,Bachelor's,Low,2
S5436,Liam,Smith,student4436@univ.edu,Female,23,Business,91.12,60.9,44.08,63.09,91.13,76.1,78.84,62.567,D,11.7,Yes,Yes,Master's,Low,1
S5437,Zainab,Taylor,student4437@univ.edu,Male,25,Engineering,56.16,84.25,52.57,65.18,52.33,41.7,55.46,61.195,D,29.8,No,No,High School,Low,10
S5438,Hassan,Jones,student4438@univ.edu,Male,25,Mathematics,68.71,79.3,40.48,68.13,64.29,6.6,79.33,61.7905,D,32.8,No,No,Master's,Medium,7
S5439,Zainab,Miller,student4439@univ.edu,Female,21,CS,83.07,51.65,86.6,75.12,68.58,69.4,81.68,74.447,C,17.8,Yes,Yes,None,High,1
S5440,Emma,Ahmed,student4440@univ.edu,Male,18,Data Science,82.61,61.37,88.94,84.12,98.78,51.1,94.24,84.974,B,33.9,No,No,Bachelor's,Low,8
S5441,Maria,Jones,student4441@univ.edu,Female,18,Business,93.02,55.81,99.88,75.22,50.17,33.3,92.98,78.8755,B,11.1,Yes,No,High School,Low,3
S5442,Sara,Miller,student4442@univ.edu,Female,18,Engineering,57.01,76.8,64.73,97.55,65.4,23.5,53.14,70.429,C,33.6,No,Yes,High School,Medium,3
S5443,Zainab,Miller,student4443@univ.edu,Female,19,Mathematics,71.5,60.67,41.16,54.99,96.52,12.0,93.33,63.266,D,32.1,No,Yes,High School,Medium,9
S5444,Sara,Taylor,student4444@univ.edu,Male,25,Business,54.86,58.54,54.08,89.93,65.33,29.5,52.54,61.806,D,7.0,No,No,None,High,1
S5445,Fatima,Brown,student4445@univ.edu,Male,19,Mathematics,69.48,52.44,75.27,66.72,61.25,45.8,57.71,64.6845,D,20.6,Yes,Yes,PhD,High,7
S5446,Ahmed,Johnson,student4446@univ.edu,Female,20,Business,50.76,64.54,97.72,68.88,86.5,47.8,55.58,78.754,B,20.9,Yes,No,PhD,High,2
S5447,Sara,Taylor,student4447@univ.edu,Female,24,Engineering,94.91,51.73,46.21,85.44,87.27,58.3,59.08,61.288,D,6.7,No,No,PhD,Medium,3
S5448,Lucas,Ahmed,student4448@univ.edu,Male,18,Mathematics,76.35,97.75,47.29,96.47,73.61,36.2,90.16,75.1375,B,6.2,No,No,Master's,Low,10
S5449,Lucas,Ahmed,student4449@univ.edu,Male,20,Engineering,92.49,49.27,82.11,85.81,97.35,92.0,84.31,78.713,B,5.2,Yes,Yes,Master's,Low,8
S5450,Hassan,Brown,student4450@univ.edu,Male,25,Mathematics,53.0,94.8,80.03,88.79,60.14,49.6,84.35,81.9625,B,20.7,Yes,No,None,Medium,3
S5451,Liam,Brown,student4451@univ.edu,Female,24,Business,61.37,65.71,55.03,87.54,95.67,42.4,96.11,74.3005,C,18.9,No,No,High School,High,2
S5452,Ali,Davis,student4452@univ.edu,Female,18,Data Science,62.97,62.67,88.79,66.05,87.78,4.8,69.59,77.1235,B,33.2,Yes,No,PhD,Low,7
S5453,Maria,Anderson,student4453@univ.edu,Male,19,Data Science,69.33,53.88,47.73,87.85,68.41,59.9,50.16,58.4445,D,15.3,Yes,No,Bachelor's,Low,3
S5454,Sophia,Anderson,student4454@univ.edu,Male,24,CS,90.14,78.15,95.54,89.23,90.35,60.3,81.99,88.3045,A,24.7,No,No,PhD,Medium,8
S5455,David,Ahmed,student4455@univ.edu,Male,21,CS,69.33,81.13,52.06,76.67,56.66,58.3,93.4,68.4565,C,5.2,Yes,No,None,High,4
S5456,Ahmed,Anderson,student4456@univ.edu,Female,21,Physics,60.23,68.05,44.88,76.84,56.55,88.8,98.81,64.148,D,24.9,No,Yes,PhD,Low,6
S5457,David,Wilson,student4457@univ.edu,Female,21,Engineering,53.25,43.34,60.37,87.99,96.5,76.3,68.19,67.6995,C,32.4,No,Yes,Bachelor's,High,8
S5458,Hassan,Khan,student4458@univ.edu,Male,23,Mathematics,53.97,95.11,51.27,90.85,54.74,86.7,91.11,72.4715,C,15.6,Yes,Yes,Bachelor's,Medium,4
S5459,Sophia,Taylor,student4459@univ.edu,Male,21,CS,88.0,98.82,71.62,66.86,50.2,5.9,92.46,76.259,B,14.4,Yes,Yes,Bachelor's,Medium,5
S5460,Hassan,Brown,student4460@univ.edu,Female,22,Business,72.24,65.86,81.21,90.08,69.45,31.8,57.22,74.108,C,23.8,Yes,No,None,High,3
S5461,Ahmed,Davis,student4461@univ.edu,Female,18,Data Science,86.31,76.82,69.46,90.71,55.19,31.9,81.57,73.7955,C,14.9,No,No,PhD,Low,4
S5462,Ahmed,Miller,student4462@univ.edu,Male,21,Mathematics,84.11,67.02,79.64,61.71,93.15,65.7,58.66,73.306,C,17.1,No,Yes,None,Low,10
S5463,Maria,Johnson,student4463@univ.edu,Male,24,Physics,56.77,59.31,61.9,85.85,96.13,44.9,72.33,71.6735,C,13.2,Yes,Yes,Bachelor's,Low,8
S5464,David,Johnson,student4464@univ.edu,Male,25,Data Science,57.14,44.64,41.68,59.33,74.12,77.7,93.96,57.6275,D,15.3,No,Yes,PhD,High,7
S5465,Lucas,Miller,student4465@univ.edu,Female,22,Mathematics,87.77,67.36,98.44,54.65,71.27,38.4,89.47,80.2345,B,25.4,No,Yes,Master's,High,6
S5466,Omar,Jones,student4466@univ.edu,Male,22,CS,86.06,89.1,89.16,78.73,76.95,22.2,78.52,84.156,B,32.7,No,No,None,Low,5
S5467,David,Jones,student4467@univ.edu,Female,22,CS,68.9,41.02,44.41,95.43,61.31,29.1,90.44,60.8245,D,22.5,No,Yes,Master's,Medium,9
S5468,Emma,Anderson,student4468@univ.edu,Female,20,Engineering,53.87,74.93,66.95,51.77,64.9,18.2,57.64,64.565,D,5.3,No,No,Master's,Medium,4
S5469,Hassan,Taylor,student4469@univ.edu,Male,24,Physics,50.6,92.85,78.1,91.33,55.05,19.8,59.75,76.8245,B,12.9,No,No,High School,Low,3
S5470,Emma,Wilson,student4470@univ.edu,Male,20,Mathematics,64.41,53.05,51.44,75.32,72.32,21.7,60.44,59.826,D,33.6,Yes,No,Bachelor's,High,6
S5471,Ahmed,Davis,student4471@univ.edu,Female,22,Physics,50.46,51.0,74.68,93.04,80.58,1.6,88.8,75.701,B,32.3,No,Yes,Master's,Low,2
S5472,Omar,Johnson,student4472@univ.edu,Male,23,Business,61.5,86.34,72.02,92.17,96.51,71.6,94.55,84.9595,B,8.5,No,Yes,None,Medium,9
S5473,John,Khan,student4473@univ.edu,Female,21,Physics,70.98,55.31,52.5,93.76,86.95,40.0,78.14,68.2645,C,32.3,No,Yes,Bachelor's,Medium,6
S5474,Sophia,Ahmed,student4474@univ.edu,Male,25,CS,56.07,51.52,48.47,88.44,86.15,2.3,97.9,68.142,C,33.9,Yes,No,Bachelor's,Medium,3
S5475,Liam,Anderson,student4475@univ.edu,Male,18,Engineering,55.21,62.68,85.54,92.15,65.4,37.0,86.4,79.0675,B,14.7,No,Yes,None,Low,2
S5476,Omar,Williams,student4476@univ.edu,Male,24,CS,94.82,63.55,59.36,58.8,94.41,90.5,78.18,68.1945,C,26.0,No,No,PhD,Low,9
S5477,Liam,Anderson,student4477@univ.edu,Male,23,Data Science,79.27,92.45,54.64,65.19,97.35,51.1,80.58,74.082,C,21.8,Yes,No,None,Medium,10
S5478,Zainab,Ahmed,student4478@univ.edu,Female,19,CS,96.72,77.11,84.27,62.12,96.61,98.7,92.48,82.598,B,15.1,No,No,PhD,Medium,3
S5479,David,Williams,student4479@univ.edu,Female,20,Mathematics,67.29,64.36,84.16,87.12,51.94,54.0,54.51,71.3635,C,9.6,Yes,No,Bachelor's,Medium,6
S5480,David,Smith,student4480@univ.edu,Female,21,Engineering,83.86,72.06,56.58,57.68,80.22,96.3,58.4,63.66,D,16.0,Yes,Yes,None,Medium,9
S5481,Liam,Brown,student4481@univ.edu,Male,21,Mathematics,60.23,97.24,92.35,59.11,82.16,20.2,63.31,82.4575,B,32.8,No,No,Master's,High,3
S5482,Ali,Khan,student4482@univ.edu,Female,19,Business,80.92,46.79,81.3,93.95,64.75,29.0,94.74,75.829,B,29.3,Yes,No,None,Low,9
S5483,Sophia,Miller,student4483@univ.edu,Female,19,Business,56.48,52.46,60.75,85.29,99.62,70.0,97.25,74.0785,C,14.9,Yes,No,Master's,High,2
S5484,Omar,Brown,student4484@univ.edu,Female,24,CS,50.1,97.75,65.65,93.77,64.56,98.7,67.81,76.4485,B,21.4,Yes,No,Master's,Medium,4
S5485,John,Anderson,student4485@univ.edu,Male,21,Engineering,96.58,97.44,83.6,56.97,60.83,82.5,96.19,80.8465,B,17.2,No,Yes,Bachelor's,Medium,10
S5486,Ahmed,Brown,student4486@univ.edu,Female,19,Physics,77.74,50.63,52.7,69.95,74.21,55.4,77.34,61.796,D,19.0,No,No,PhD,High,3
S5487,Maria,Davis,student4487@univ.edu,Male,21,Engineering,96.35,48.71,68.13,64.16,66.16,8.5,73.66,64.1845,D,27.8,No,No,PhD,High,7
S5488,David,Smith,student4488@univ.edu,Male,23,Engineering,66.69,65.27,79.21,50.48,96.2,36.4,91.64,76.5255,B,21.3,Yes,No,Master's,High,4
S5489,Emma,Wilson,student4489@univ.edu,Female,24,Engineering,66.39,42.98,72.37,64.23,72.0,8.6,77.3,65.955,C,10.4,No,Yes,PhD,Medium,4
S5490,Sophia,Smith,student4490@univ.edu,Male,25,CS,70.03,79.29,76.5,68.98,70.51,31.1,72.72,74.4645,C,13.1,No,Yes,None,Low,1
S5491,Maria,Ahmed,student4491@univ.edu,Female,19,Mathematics,85.3,44.65,72.77,54.61,81.29,25.9,50.8,62.4045,D,22.0,Yes,Yes,Master's,Low,10
S5492,Hassan,Johnson,student4492@univ.edu,Female,23,CS,78.29,43.48,51.95,78.32,54.06,38.9,50.64,54.3315,F,25.8,Yes,No,Master's,High,3
S5493,Hassan,Davis,student4493@univ.edu,Female,23,Physics,96.27,69.11,64.61,69.16,87.84,83.7,81.38,72.1925,C,20.2,No,Yes,High School,High,5
S5494,John,Khan,student4494@univ.edu,Female,19,Mathematics,51.27,97.47,71.92,52.32,88.42,15.0,53.67,73.8275,C,23.6,No,No,None,High,5
S5495,Hassan,Brown,student4495@univ.edu,Female,24,Physics,85.41,65.61,86.8,85.2,73.7,30.6,86.85,80.3645,B,28.7,No,Yes,PhD,Medium,4
S5496,Sara,Khan,student4496@univ.edu,Male,21,Data Science,66.52,61.39,79.23,86.46,97.78,26.1,81.12,79.8125,B,21.4,No,Yes,PhD,High,7
S5497,Fatima,Ahmed,student4497@univ.edu,Female,25,Data Science,59.01,99.88,65.6,91.72,78.97,29.6,72.89,79.473,B,34.3,No,No,High School,Medium,10
S5498,Ahmed,Wilson,student4498@univ.edu,Male,22,Mathematics,75.52,71.92,98.46,74.28,84.76,36.1,85.49,85.5245,A,12.1,No,Yes,None,Low,10
S5499,David,Brown,student4499@univ.edu,Female,21,CS,75.25,62.51,46.47,98.43,96.22,24.4,99.65,72.9115,C,32.6,Yes,Yes,Bachelor's,Medium,4
S5500,Ahmed,Taylor,student4500@univ.edu,Female,18,Physics,56.85,63.15,52.41,95.7,83.32,94.3,62.32,67.1745,C,12.4,No,No,Bachelor's,High,7
S5501,Hassan,Taylor,student4501@univ.edu,Female,19,Physics,60.09,51.7,60.48,77.57,71.59,42.0,77.85,65.5595,C,20.9,Yes,No,None,Medium,6
S5502,Ali,Jones,student4502@univ.edu,Male,20,Business,70.41,70.73,53.71,72.25,51.24,11.4,92.14,65.289,C,18.7,Yes,No,PhD,Medium,6
S5503,Zainab,Smith,student4503@univ.edu,Male,24,Physics,70.44,66.33,77.53,50.15,86.41,46.8,50.84,68.5115,C,16.2,Yes,Yes,Bachelor's,Medium,5
S5504,Zainab,Wilson,student4504@univ.edu,Male,19,CS,65.88,56.25,42.37,85.55,98.24,18.4,60.18,62.675,D,33.9,No,No,Bachelor's,Medium,8
S5505,Maria,Taylor,student4505@univ.edu,Male,18,Business,57.43,49.63,50.65,78.25,73.51,21.6,76.05,61.825,D,13.2,No,No,PhD,Medium,9
S5506,Zainab,Jones,student4506@univ.edu,Female,23,CS,50.22,58.67,57.6,96.88,66.99,28.5,77.61,68.116,C,25.2,No,Yes,None,Medium,9
S5507,Zainab,Davis,student4507@univ.edu,Female,20,Engineering,98.51,70.52,81.0,79.71,75.96,12.5,54.32,73.9525,C,29.1,Yes,No,High School,Low,6
S5508,Ahmed,Khan,student4508@univ.edu,Male,20,Physics,97.17,43.5,92.55,99.64,86.42,72.1,70.37,79.557,B,10.9,Yes,Yes,None,Low,5
S5509,Fatima,Wilson,student4509@univ.edu,Male,21,Engineering,74.18,49.22,87.91,92.69,50.03,79.2,75.99,73.419,C,34.2,No,No,High School,Low,1
S5510,Sara,Jones,student4510@univ.edu,Male,22,Data Science,99.75,96.86,50.92,97.68,94.36,39.4,71.15,76.6725,B,21.4,No,No,None,High,3
S5511,Maria,Miller,student4511@univ.edu,Female,21,Data Science,83.68,72.57,73.92,66.38,94.32,68.9,85.03,77.2455,B,32.4,Yes,No,Bachelor's,Low,8
S5512,David,Khan,student4512@univ.edu,Male,24,Mathematics,53.44,43.81,41.8,57.47,77.06,38.9,88.57,56.857,D,24.9,Yes,Yes,Master's,High,1
S5513,Omar,Wilson,student4513@univ.edu,Male,20,Physics,55.89,81.59,58.63,89.84,56.12,16.4,73.01,69.684,C,24.5,Yes,No,Master's,Low,1
S5514,Emma,Anderson,student4514@univ.edu,Female,25,Business,95.81,43.71,88.36,89.31,83.59,39.7,71.28,76.295,B,15.4,Yes,No,PhD,Medium,8
S5515,Maria,Khan,student4515@univ.edu,Male,25,Engineering,81.5,84.33,67.4,60.57,56.89,55.7,85.27,70.8655,C,28.1,Yes,Yes,None,Medium,7
S5516,Lucas,Jones,student4516@univ.edu,Female,20,CS,92.16,85.0,49.0,88.24,75.38,4.1,77.77,70.3585,C,5.9,Yes,No,None,Low,2
S5517,Ali,Brown,student4517@univ.edu,Female,25,Physics,94.91,79.06,66.31,79.1,54.68,65.4,93.52,73.1155,C,21.7,No,No,PhD,Low,6
S5518,Sara,Anderson,student4518@univ.edu,Female,25,Mathematics,72.4,83.93,51.88,55.48,79.45,74.3,74.06,66.2925,C,6.0,No,Yes,PhD,High,9
S5519,Ali,Miller,student4519@univ.edu,Female,22,CS,52.43,45.28,63.59,75.09,65.9,86.0,78.72,64.269,D,14.2,Yes,Yes,High School,High,8
S5520,Maria,Ahmed,student4520@univ.edu,Female,24,Engineering,59.41,83.61,69.27,96.56,91.55,10.3,56.44,77.649,B,7.9,No,No,High School,High,6
S5521,Maria,Taylor,student4521@univ.edu,Male,19,Physics,53.33,48.2,60.97,75.32,90.0,0.0,91.8,69.5475,C,32.3,Yes,No,Master's,Medium,2
S5522,Lucas,Williams,student4522@univ.edu,Male,22,Engineering,59.44,60.37,96.22,89.43,99.92,7.3,71.11,84.82,B,23.8,Yes,Yes,Bachelor's,Low,3
S5523,Zainab,Jones,student4523@univ.edu,Female,23,Physics,70.53,96.56,73.75,51.45,62.88,92.4,85.95,75.1665,B,25.1,Yes,Yes,None,High,3
S5524,David,Davis,student4524@univ.edu,Female,21,Physics,55.91,70.17,90.57,86.4,53.09,76.6,71.47,77.3775,B,30.5,Yes,Yes,Master's,Low,9
S5525,Ali,Jones,student4525@univ.edu,Male,25,Engineering,58.34,98.05,85.64,97.34,72.15,83.5,50.05,82.515,B,27.0,No,No,Master's,Low,9
S5526,Maria,Williams,student4526@univ.edu,Male,19,Engineering,72.29,45.34,79.67,74.98,54.17,51.7,70.02,66.828,C,8.7,Yes,No,Bachelor's,Low,5
S5527,Emma,Miller,student4527@univ.edu,Female,21,CS,67.01,68.65,69.81,66.89,58.92,52.7,57.38,65.642,C,23.5,Yes,Yes,Master's,Medium,5
S5528,Ahmed,Miller,student4528@univ.edu,Male,25,Mathematics,73.38,43.74,40.13,82.33,79.87,29.9,69.93,57.613,D,34.3,Yes,Yes,Master's,Medium,8
S5529,David,Anderson,student4529@univ.edu,Male,22,Engineering,71.46,77.81,76.81,95.81,79.61,84.3,66.07,78.669,B,11.4,No,No,Bachelor's,High,3
S5530,Emma,Ahmed,student4530@univ.edu,Female,19,Data Science,82.22,44.72,61.36,58.84,52.17,83.0,60.13,56.091,D,23.6,No,No,Master's,Low,9
S5531,Hassan,Wilson,student4531@univ.edu,Male,22,Mathematics,96.86,50.52,47.07,70.18,72.15,39.2,56.19,56.3565,D,21.9,No,Yes,None,High,5
S5532,David,Davis,student4532@univ.edu,Male,23,Data Science,55.39,55.53,66.68,57.81,76.51,32.9,86.43,67.5565,C,16.7,No,Yes,PhD,Low,9
S5533,Hassan,Anderson,student4533@univ.edu,Male,18,CS,54.96,84.92,84.13,74.83,63.4,73.8,87.74,80.325,B,33.6,Yes,Yes,Bachelor's,Low,10
S5534,Emma,Ahmed,student4534@univ.edu,Male,20,Engineering,92.64,49.84,97.7,77.02,93.6,2.6,63.25,79.2435,B,15.7,No,Yes,PhD,Low,9
S5535,Fatima,Davis,student4535@univ.edu,Female,24,Mathematics,75.32,90.8,62.45,97.21,58.05,86.0,74.76,74.5205,C,7.8,Yes,No,None,Medium,4
S5536,Sara,Davis,student4536@univ.edu,Male,19,Engineering,88.32,47.91,72.56,70.63,62.7,44.6,73.2,65.9575,C,33.9,Yes,Yes,Master's,Medium,2
S5537,Zainab,Williams,student4537@univ.edu,Female,20,Physics,60.77,42.11,91.07,78.35,57.85,44.1,67.76,70.8905,C,26.9,Yes,No,Master's,Low,7
S5538,Emma,Anderson,student4538@univ.edu,Male,18,Engineering,91.44,63.7,60.04,94.26,55.83,66.9,63.88,65.8495,C,15.3,Yes,Yes,Master's,High,1
S5539,Liam,Davis,student4539@univ.edu,Female,19,Mathematics,96.19,98.77,48.54,66.07,93.95,64.6,59.3,69.641,C,13.4,Yes,Yes,PhD,High,7
S5540,Emma,Johnson,student4540@univ.edu,Female,20,Engineering,81.77,46.62,56.91,83.71,63.89,26.6,93.64,65.4285,C,32.8,No,No,High School,Medium,1
S5541,Omar,Ahmed,student4541@univ.edu,Male,20,Engineering,55.29,46.1,93.95,87.86,86.13,94.3,91.67,81.9515,B,13.2,No,Yes,PhD,Low,5
S5542,Omar,Williams,student4542@univ.edu,Female,19,Business,94.76,85.07,49.56,66.53,71.4,98.6,70.86,65.6785,C,21.1,No,Yes,High School,Medium,1
S5543,Sophia,Khan,student4543@univ.edu,Female,20,Business,89.62,58.73,59.75,58.22,81.79,52.6,86.06,66.569,C,11.4,No,No,PhD,High,8
S5544,Hassan,Miller,student4544@univ.edu,Female,20,Mathematics,87.54,83.04,67.88,75.15,96.41,56.1,74.92,77.338,B,34.9,Yes,Yes,None,High,1
S5545,Liam,Williams,student4545@univ.edu,Female,19,Mathematics,51.84,52.0,90.83,67.84,92.23,55.4,54.27,74.3415,C,28.1,No,No,PhD,Medium,6
S5546,Zainab,Khan,student4546@univ.edu,Female,24,Physics,89.95,67.6,96.26,63.32,53.45,48.6,91.12,78.3945,B,22.0,No,No,PhD,Low,1
S5547,Liam,Brown,student4547@univ.edu,Male,20,Physics,56.9,55.92,65.55,98.67,92.26,94.5,60.96,71.91,C,27.4,Yes,No,Bachelor's,Medium,2
S5548,Ahmed,Brown,student4548@univ.edu,Female,20,Engineering,61.12,67.09,95.92,75.11,72.59,24.5,85.34,81.946,B,32.5,No,No,Master's,Medium,4
S5549,Liam,Davis,student4549@univ.edu,Female,24,Data Science,78.86,86.15,49.69,92.82,67.51,10.8,76.37,70.1265,C,33.9,No,Yes,Master's,Medium,8
S5550,Ahmed,Anderson,student4550@univ.edu,Male,21,Mathematics,63.25,85.72,49.41,59.77,83.62,93.0,84.53,68.6255,C,28.6,No,No,Master's,Low,3
S5551,Sophia,Miller,student4551@univ.edu,Male,23,Engineering,83.07,70.95,96.96,96.97,97.51,21.3,73.56,88.332,A,30.5,Yes,No,High School,Low,8
S5552,Sophia,Williams,student4552@univ.edu,Female,21,Data Science,80.4,95.7,70.58,89.72,54.71,74.9,85.13,78.277,B,16.9,No,No,None,High,7
S5553,Sara,Anderson,student4553@univ.edu,Male,25,Business,55.41,55.83,51.15,90.43,88.4,20.4,51.64,63.639,D,16.8,Yes,Yes,High School,Low,6
S5554,Omar,Williams,student4554@univ.edu,Male,18,Physics,82.8,54.42,69.28,69.49,60.18,96.0,52.04,62.3885,D,29.2,No,No,Bachelor's,Low,10
S5555,Emma,Williams,student4555@univ.edu,Male,21,Mathematics,96.2,76.83,86.99,74.28,69.01,79.1,94.82,81.529,B,27.8,Yes,No,Bachelor's,Low,1
S5556,Emma,Johnson,student4556@univ.edu,Male,21,Engineering,58.06,77.28,89.62,79.67,93.69,91.9,87.48,85.949,A,32.0,Yes,Yes,PhD,Medium,6
S5557,Hassan,Brown,student4557@univ.edu,Male,18,Business,79.85,42.79,91.84,89.49,77.29,95.1,91.42,79.432,B,9.0,No,No,Bachelor's,High,6
S5558,Lucas,Williams,student4558@univ.edu,Male,20,CS,67.09,76.47,74.17,92.45,53.37,8.4,72.83,74.051,C,25.7,Yes,Yes,Bachelor's,High,10
S5559,Lucas,Johnson,student4559@univ.edu,Female,20,Business,72.98,62.47,92.02,53.9,75.4,43.3,72.98,75.043,B,24.4,Yes,No,None,Medium,8
S5560,John,Brown,student4560@univ.edu,Female,21,Engineering,64.35,84.85,70.6,95.2,89.48,64.8,76.7,80.887,B,29.0,Yes,Yes,Bachelor's,High,6
S5561,David,Johnson,student4561@univ.edu,Male,18,Physics,67.71,88.49,76.42,96.87,76.44,80.2,62.18,79.7685,B,5.7,No,No,PhD,Medium,2
S5562,Sara,Anderson,student4562@univ.edu,Male,20,Data Science,51.45,73.13,85.52,79.64,58.34,24.1,86.68,78.257,B,29.8,Yes,Yes,Master's,Medium,10
S5563,John,Wilson,student4563@univ.edu,Female,22,CS,99.08,40.1,65.53,59.34,72.25,91.5,91.47,64.4145,D,14.8,No,Yes,High School,Low,3
S5564,John,Brown,student4564@univ.edu,Male,19,CS,81.24,78.18,44.41,90.92,96.22,22.1,95.36,73.5545,C,25.6,Yes,No,High School,Low,2
S5565,Maria,Khan,student4565@univ.edu,Female,19,Physics,75.04,84.93,61.01,77.43,82.91,86.6,75.85,73.768,C,23.5,No,Yes,High School,Low,3
S5566,Hassan,Taylor,student4566@univ.edu,Male,23,CS,69.19,54.94,77.44,90.86,86.49,51.3,70.73,75.304,B,18.2,Yes,Yes,PhD,High,1
S5567,Maria,Wilson,student4567@univ.edu,Female,19,Mathematics,76.97,67.88,51.54,90.74,89.3,51.5,91.55,72.3535,C,27.4,Yes,No,None,Low,7
S5568,Ali,Ahmed,student4568@univ.edu,Female,21,Engineering,69.01,97.94,48.9,54.34,54.53,37.4,87.63,66.178,C,33.8,No,Yes,PhD,High,5
S5569,Hassan,Anderson,student4569@univ.edu,Male,19,CS,68.0,57.89,57.58,80.35,79.08,10.4,93.36,69.6495,C,14.7,No,Yes,High School,Low,9
S5570,John,Williams,student4570@univ.edu,Male,19,Business,73.2,53.39,41.93,74.16,68.8,34.7,82.79,59.216,D,27.5,Yes,Yes,PhD,Low,7
S5571,Liam,Miller,student4571@univ.edu,Male,22,Data Science,63.8,52.65,84.61,97.31,56.96,42.7,94.17,77.4095,B,14.4,No,Yes,PhD,High,1
S5572,David,Anderson,student4572@univ.edu,Male,20,Engineering,59.0,73.53,55.52,64.83,60.14,47.9,54.45,61.051,D,30.4,Yes,Yes,PhD,High,1
S5573,Sara,Johnson,student4573@univ.edu,Female,22,Physics,77.83,96.99,47.45,60.3,89.06,73.9,83.98,71.0065,C,18.1,No,Yes,Master's,Low,2
S5574,Hassan,Johnson,student4574@univ.edu,Male,21,Business,92.14,76.52,81.95,94.85,58.07,35.2,54.44,75.0905,B,18.5,No,No,PhD,Medium,7
S5575,John,Johnson,student4575@univ.edu,Female,19,Mathematics,57.64,58.2,90.58,57.44,65.62,40.7,87.45,74.9195,C,28.2,No,Yes,None,High,7
S5576,Zainab,Johnson,student4576@univ.edu,Male,24,CS,51.64,78.31,41.19,84.33,64.24,90.6,81.42,64.577,D,19.9,Yes,Yes,Master's,High,9
S5577,Fatima,Anderson,student4577@univ.edu,Female,20,Business,62.34,77.49,54.02,65.0,52.43,75.3,50.8,59.6395,D,13.0,No,Yes,PhD,Low,3
S5578,Emma,Miller,student4578@univ.edu,Male,23,Engineering,98.99,75.82,96.71,78.39,73.11,2.3,79.96,83.7315,B,34.9,No,No,Bachelor's,Low,3
S5579,David,Ahmed,student4579@univ.edu,Male,23,Business,91.44,49.57,63.12,80.81,88.3,81.2,57.31,65.969,C,23.6,Yes,No,High School,High,8
S5580,Maria,Jones,student4580@univ.edu,Female,25,Mathematics,79.79,78.07,96.32,70.87,51.11,99.0,57.12,76.191,B,24.4,No,Yes,Master's,Low,6
S5581,Ali,Johnson,student4581@univ.edu,Male,25,Data Science,96.46,65.81,56.45,98.75,55.63,94.0,57.52,64.7045,D,24.4,No,No,Bachelor's,Medium,3
S5582,Emma,Jones,student4582@univ.edu,Male,19,CS,72.26,41.12,53.08,56.59,86.01,83.6,74.19,59.3205,D,31.5,Yes,Yes,High School,High,8
S5583,Hassan,Miller,student4583@univ.edu,Male,19,Engineering,99.16,72.39,52.85,69.57,79.68,62.9,55.78,63.73,D,10.5,No,No,None,Medium,3
S5584,Maria,Miller,student4584@univ.edu,Male,23,CS,64.82,99.36,45.11,71.52,85.76,27.8,56.28,67.6945,C,6.8,No,No,Bachelor's,High,6
S5585,Maria,Wilson,student4585@univ.edu,Male,23,CS,62.02,60.98,93.79,81.55,61.51,65.4,62.81,75.903,B,16.6,Yes,No,None,Medium,1
S5586,David,Brown,student4586@univ.edu,Female,24,Physics,81.9,97.93,98.79,70.36,90.19,69.6,50.04,85.751,A,21.9,No,No,None,Low,4
S5587,Maria,Taylor,student4587@univ.edu,Male,21,CS,68.91,45.77,97.27,54.85,73.99,28.2,63.79,72.093,C,13.6,Yes,Yes,Bachelor's,Low,6
S5588,Fatima,Davis,student4588@univ.edu,Female,19,Business,81.32,83.95,91.12,97.37,80.52,25.5,80.92,87.5035,A,25.7,No,Yes,Bachelor's,High,5
S5589,Sophia,Taylor,student4589@univ.edu,Male,23,Business,65.25,46.86,90.81,70.8,54.61,39.7,80.08,71.979,C,7.2,Yes,Yes,Master's,High,4
S5590,Ali,Anderson,student4590@univ.edu,Male,24,Data Science,80.9,56.41,79.67,67.13,60.25,64.1,98.48,73.0455,C,28.7,Yes,No,None,Medium,10
S5591,Omar,Davis,student4591@univ.edu,Female,18,Mathematics,63.79,74.25,89.57,72.34,88.67,29.3,55.98,78.748,B,26.5,Yes,Yes,Bachelor's,Low,1
S5592,Sophia,Miller,student4592@univ.edu,Female,23,Engineering,52.55,75.57,52.5,60.83,61.2,55.6,93.28,65.7855,C,11.4,No,No,None,Low,4
S5593,Omar,Khan,student4593@univ.edu,Female,20,Business,95.61,86.51,63.27,55.01,54.63,89.9,69.56,66.3265,C,14.0,No,Yes,PhD,Medium,1
S5594,Lucas,Taylor,student4594@univ.edu,Female,20,CS,94.16,76.92,78.45,57.43,79.86,29.5,69.35,73.8375,C,29.2,Yes,No,PhD,High,10
S5595,Zainab,Smith,student4595@univ.edu,Female,18,Mathematics,98.54,75.62,92.49,58.33,77.4,96.6,67.44,77.971,B,28.2,No,Yes,PhD,Medium,4
S5596,Lucas,Brown,student4596@univ.edu,Male,25,Engineering,85.83,94.74,79.63,59.88,80.39,47.3,56.24,76.295,B,29.4,No,Yes,None,Medium,3
S5597,Maria,Taylor,student4597@univ.edu,Female,21,Engineering,84.14,67.13,90.34,71.0,80.92,10.1,73.93,78.9225,B,14.7,No,Yes,None,Medium,7
S5598,Sara,Brown,student4598@univ.edu,Female,25,Engineering,77.95,53.52,68.44,81.19,75.01,5.5,89.37,71.4935,C,34.1,No,Yes,Bachelor's,Medium,6
S5599,Sara,Jones,student4599@univ.edu,Male,19,Engineering,56.3,49.71,83.04,81.44,74.69,33.9,93.77,76.491,B,26.5,No,Yes,Bachelor's,High,6
S5600,Omar,Anderson,student4600@univ.edu,Male,25,Data Science,59.46,64.0,98.8,50.0,96.21,25.9,98.14,84.0325,B,7.0,No,No,Master's,Medium,10
S5601,Emma,Brown,student4601@univ.edu,Female,19,Engineering,64.47,82.77,49.21,96.05,76.69,84.4,89.26,73.0775,C,19.3,No,No,Master's,Low,3
S5602,David,Jones,student4602@univ.edu,Female,23,Mathematics,94.51,42.55,95.62,91.14,80.87,73.8,81.15,79.951,B,24.9,No,Yes,Master's,High,6
S5603,Maria,Johnson,student4603@univ.edu,Female,20,Business,58.65,47.74,71.34,98.2,63.35,88.5,74.88,69.9815,C,10.1,Yes,No,High School,Medium,3
S5604,David,Jones,student4604@univ.edu,Male,21,Mathematics,96.14,46.37,78.59,68.0,93.55,58.9,93.74,75.074,B,32.1,No,Yes,PhD,Medium,7
S5605,Sophia,Anderson,student4605@univ.edu,Female,21,CS,76.14,75.12,92.67,83.24,51.22,43.5,86.98,80.6745,B,27.6,Yes,No,None,Low,2
S5606,Sara,Wilson,student4606@univ.edu,Male,21,Physics,85.78,54.57,64.58,58.4,77.86,27.1,58.06,62.665,D,7.4,No,Yes,PhD,Medium,9
S5607,Liam,Khan,student4607@univ.edu,Male,23,Data Science,55.51,49.98,65.12,90.85,69.19,58.3,84.13,69.4135,C,32.4,Yes,Yes,None,Low,10
S5608,Ali,Johnson,student4608@univ.edu,Male,19,Data Science,63.45,75.57,71.63,58.07,80.2,61.8,71.55,71.6575,C,17.1,Yes,Yes,High School,Low,2
S5609,Sophia,Miller,student4609@univ.edu,Male,21,CS,97.93,85.68,41.15,66.3,68.01,39.3,79.79,63.6535,D,18.6,Yes,Yes,None,Medium,1
S5610,Zainab,Williams,student4610@univ.edu,Female,23,Mathematics,63.31,59.93,69.8,74.54,85.88,93.7,94.92,74.717,C,28.5,Yes,No,Master's,High,4
S5611,Ali,Jones,student4611@univ.edu,Male,23,Mathematics,64.83,74.69,57.47,79.73,51.02,64.0,82.63,67.0595,C,24.3,No,No,PhD,High,8
S5612,Fatima,Jones,student4612@univ.edu,Male,18,CS,59.88,45.89,95.68,77.98,70.29,83.7,96.94,79.4475,B,18.1,No,No,PhD,Medium,7
S5613,Sophia,Brown,student4613@univ.edu,Female,22,Physics,56.45,96.11,45.26,55.1,91.56,62.0,93.32,71.06,C,12.8,No,No,PhD,Medium,6
S5614,Omar,Miller,student4614@univ.edu,Male,25,Engineering,61.66,60.21,67.56,71.08,62.51,31.7,56.45,64.194,D,20.5,Yes,Yes,High School,High,10
S5615,Fatima,Taylor,student4615@univ.edu,Female,21,Engineering,82.12,99.85,96.85,96.15,52.64,73.7,50.58,83.773,B,22.4,Yes,No,PhD,Medium,7
S5616,Ahmed,Smith,student4616@univ.edu,Male,22,Business,72.77,98.72,94.06,93.62,74.83,23.0,69.22,88.3155,A,23.9,No,No,Bachelor's,Medium,4
S5617,Sophia,Ahmed,student4617@univ.edu,Female,19,Mathematics,77.69,86.73,82.08,79.54,98.83,59.7,93.27,86.82,A,23.2,Yes,Yes,Master's,Low,8
S5618,Fatima,Davis,student4618@univ.edu,Male,23,Mathematics,56.12,41.2,75.36,78.62,53.21,40.2,61.51,63.617,D,23.5,No,No,Master's,High,4
S5619,Maria,Jones,student4619@univ.edu,Male,24,CS,90.11,72.61,56.84,55.58,53.5,15.0,84.57,63.4635,D,19.3,Yes,Yes,None,Low,10
S5620,Ali,Khan,student4620@univ.edu,Female,25,CS,89.2,45.21,62.02,60.01,79.76,41.3,73.8,62.7845,D,21.9,Yes,No,High School,High,8
S5621,John,Taylor,student4621@univ.edu,Male,25,Engineering,51.08,93.71,45.41,62.63,62.5,31.0,87.3,66.5,C,13.7,Yes,No,None,Low,5
S5622,John,Smith,student4622@univ.edu,Male,21,Mathematics,69.18,87.38,87.17,74.41,70.51,11.2,58.25,78.461,B,9.8,Yes,Yes,None,High,9
S5623,Maria,Davis,student4623@univ.edu,Female,24,Mathematics,53.44,98.34,59.43,86.57,91.53,82.4,61.95,76.476,B,23.2,Yes,Yes,Master's,High,7
S5624,Ahmed,Williams,student4624@univ.edu,Male,20,Data Science,89.61,76.5,80.07,73.04,59.94,49.9,62.13,72.591,C,6.4,No,No,Bachelor's,Low,10
S5625,Zainab,Khan,student4625@univ.edu,Male,19,Business,86.86,71.33,61.46,56.3,85.96,34.6,77.42,68.729,C,7.0,Yes,Yes,High School,Medium,10
S5626,Ahmed,Ahmed,student4626@univ.edu,Female,18,Business,95.1,71.14,67.86,71.97,75.22,50.5,64.48,69.7295,C,12.4,Yes,Yes,High School,High,6
S5627,Omar,Brown,student4627@univ.edu,Female,18,Engineering,61.82,63.19,73.3,58.13,95.25,75.5,90.59,74.8885,C,10.8,Yes,No,High School,Medium,2
S5628,Sara,Ahmed,student4628@univ.edu,Female,22,Physics,72.81,68.12,88.11,87.56,98.65,1.8,67.34,82.495,B,16.2,No,No,Bachelor's,Medium,6
S5629,David,Taylor,student4629@univ.edu,Female,23,Mathematics,59.22,78.12,52.67,58.33,74.25,54.7,83.04,66.4015,C,16.1,No,No,High School,Low,1
S5630,Ali,Brown,student4630@univ.edu,Female,22,Data Science,68.56,95.98,63.93,74.13,79.23,47.9,97.43,79.19,B,8.5,No,No,PhD,Medium,2
S5631,Ahmed,Davis,student4631@univ.edu,Male,20,Mathematics,76.11,75.75,47.8,84.67,87.29,89.3,80.35,69.7265,C,12.4,Yes,No,Bachelor's,Medium,5
S5632,Liam,Wilson,student4632@univ.edu,Female,20,CS,52.67,91.43,44.55,61.41,65.93,55.6,62.11,62.296,D,5.1,No,No,None,High,7
S5633,Omar,Jones,student4633@univ.edu,Male,25,Engineering,85.74,91.77,76.28,53.8,61.34,13.7,91.52,76.051,B,15.5,Yes,No,PhD,High,1
S5634,Lucas,Johnson,student4634@univ.edu,Female,18,Physics,77.16,71.13,51.35,78.16,98.23,38.9,50.63,66.2515,C,28.9,Yes,Yes,None,High,2
S5635,Emma,Smith,student4635@univ.edu,Male,24,Business,91.45,60.85,43.59,52.71,71.63,62.1,62.83,55.502,D,13.0,Yes,No,High School,Medium,4
S5636,Lucas,Khan,student4636@univ.edu,Male,21,Mathematics,63.59,78.37,93.83,79.39,50.08,4.6,69.37,78.3405,B,24.3,Yes,No,Bachelor's,High,9
S5637,Zainab,Miller,student4637@univ.edu,Female,18,Physics,95.17,66.75,72.06,87.67,91.89,88.5,59.8,74.475,C,7.9,No,No,PhD,High,8
S5638,Omar,Anderson,student4638@univ.edu,Male,18,Engineering,99.93,44.89,48.08,66.47,79.98,6.8,80.2,59.8035,D,5.4,Yes,No,Bachelor's,High,10
S5639,Ali,Jones,student4639@univ.edu,Male,24,Business,95.96,62.67,43.21,74.42,58.43,3.1,77.9,59.27,D,20.0,Yes,Yes,Bachelor's,Low,9
S5640,Fatima,Johnson,student4640@univ.edu,Female,25,Mathematics,88.89,99.64,47.19,96.44,51.51,0.2,70.32,69.185,C,18.8,No,No,Bachelor's,Medium,4
S5641,Sophia,Ahmed,student4641@univ.edu,Female,25,Data Science,90.62,42.91,68.28,73.56,64.57,68.4,64.72,62.9075,D,10.7,Yes,Yes,None,Low,7
S5642,David,Anderson,student4642@univ.edu,Female,24,Engineering,78.69,81.8,80.11,99.83,96.39,45.6,71.7,84.5865,B,13.6,Yes,No,Bachelor's,Low,3
S5643,Emma,Taylor,student4643@univ.edu,Female,20,Mathematics,59.51,90.47,78.48,57.85,96.67,10.3,64.56,78.424,B,5.9,Yes,No,High School,Low,8
S5644,Lucas,Khan,student4644@univ.edu,Male,24,Business,83.85,78.92,48.67,85.45,65.55,85.6,61.06,64.6275,D,28.9,Yes,Yes,PhD,High,7
S5645,Emma,Anderson,student4645@univ.edu,Male,22,Business,85.64,74.18,78.01,82.63,91.8,20.3,67.56,78.438,B,14.0,No,Yes,Master's,Low,8
S5646,Liam,Williams,student4646@univ.edu,Male,20,Data Science,99.27,82.45,64.29,93.62,72.09,32.6,80.12,75.866,B,11.6,Yes,Yes,Bachelor's,Medium,9
S5647,Liam,Jones,student4647@univ.edu,Male,24,Engineering,77.07,65.76,67.88,54.62,82.72,17.8,82.42,69.874,C,29.1,Yes,Yes,PhD,Low,6
S5648,Fatima,Brown,student4648@univ.edu,Male,23,Engineering,63.57,45.48,88.09,64.01,66.72,92.7,64.87,69.2675,C,6.2,No,No,None,Low,4
S5649,Zainab,Wilson,student4649@univ.edu,Male,20,Physics,84.18,97.74,59.95,56.61,75.8,75.8,97.37,74.9975,C,13.5,Yes,No,None,Medium,3
S5650,Liam,Miller,student4650@univ.edu,Female,20,Mathematics,98.97,65.94,48.82,96.65,64.69,72.4,63.1,63.941,D,12.9,No,Yes,Bachelor's,High,3
S5651,Omar,Brown,student4651@univ.edu,Male,18,Physics,58.86,79.92,92.41,71.33,53.06,4.4,85.61,79.8275,B,12.9,Yes,No,Bachelor's,Low,6
S5652,David,Johnson,student4652@univ.edu,Male,21,Business,66.3,71.88,52.73,95.5,56.97,52.3,54.07,63.8125,D,5.3,Yes,No,High School,Medium,8
S5653,Ali,Jones,student4653@univ.edu,Male,18,Business,77.09,43.28,57.64,64.72,64.53,57.5,83.24,60.7035,D,33.0,No,No,Master's,Low,8
S5654,Fatima,Wilson,student4654@univ.edu,Female,19,Data Science,58.51,97.16,82.4,56.32,98.81,38.3,73.0,82.4915,B,30.9,No,Yes,Bachelor's,Low,8
S5655,Omar,Anderson,student4655@univ.edu,Female,20,Data Science,51.11,87.55,81.01,64.83,98.28,32.2,78.46,82.099,B,17.4,No,No,Bachelor's,High,9
S5656,John,Jones,student4656@univ.edu,Female,24,Engineering,66.85,48.95,88.02,79.86,91.38,85.2,59.2,75.163,B,18.4,No,No,High School,Medium,1
S5657,Sophia,Anderson,student4657@univ.edu,Female,24,Physics,93.27,98.9,51.03,92.26,61.63,2.3,71.68,71.476,C,20.7,No,No,None,Low,7
S5658,Hassan,Taylor,student4658@univ.edu,Male,24,Business,52.17,84.21,61.14,69.27,72.08,62.5,88.31,72.69,C,19.3,Yes,No,Master's,Low,10
S5659,Sophia,Williams,student4659@univ.edu,Male,20,Mathematics,71.45,68.34,47.55,95.74,71.99,39.4,88.35,68.7225,C,28.4,Yes,Yes,None,Medium,9
S5660,Liam,Davis,student4660@univ.edu,Male,24,CS,88.11,76.68,72.46,62.21,69.35,66.6,61.88,69.713,C,19.7,Yes,No,Bachelor's,Low,2
S5661,John,Jones,student4661@univ.edu,Female,19,Mathematics,97.66,46.4,57.55,84.68,52.24,19.8,67.63,60.105,D,10.7,No,Yes,Master's,High,4
S5662,Ahmed,Johnson,student4662@univ.edu,Male,20,Data Science,99.27,73.62,81.34,86.79,76.73,23.9,50.19,75.2495,B,8.5,Yes,No,Bachelor's,Medium,6
S5663,Ahmed,Anderson,student4663@univ.edu,Male,24,Mathematics,71.1,44.42,40.02,63.7,53.64,58.7,54.5,48.667,F,32.5,Yes,Yes,High School,High,4
S5664,Ali,Brown,student4664@univ.edu,Male,20,Business,97.52,72.69,43.58,51.35,90.1,98.0,56.34,59.4595,D,6.5,No,Yes,High School,Medium,9
S5665,Liam,Taylor,student4665@univ.edu,Female,23,Physics,51.77,73.16,65.95,68.26,84.57,97.5,64.68,70.341,C,31.9,Yes,No,None,Low,10
S5666,Lucas,Johnson,student4666@univ.edu,Female,20,Engineering,87.3,92.47,97.49,52.26,67.64,24.9,87.95,83.793,B,25.7,Yes,No,PhD,Medium,1
S5667,Omar,Miller,student4667@univ.edu,Female,19,Physics,82.14,83.5,93.45,95.04,82.36,10.2,75.51,87.344,A,17.1,Yes,Yes,None,Medium,9
S5668,Liam,Davis,student4668@univ.edu,Male,18,CS,62.48,54.97,99.64,97.68,61.65,59.0,89.63,83.212,B,10.6,No,No,Master's,Medium,10
S5669,Sara,Taylor,student4669@univ.edu,Male,20,Engineering,75.37,93.31,65.01,86.77,63.26,42.0,87.75,77.0825,B,14.3,No,No,High School,Low,1
S5670,Emma,Williams,student4670@univ.edu,Male,21,CS,56.48,74.39,42.79,86.33,65.71,76.2,79.36,64.5645,D,20.9,Yes,No,None,Low,1
S5671,Ali,Davis,student4671@univ.edu,Male,19,CS,93.58,76.38,58.36,62.04,89.85,52.8,74.99,69.734,C,24.7,No,Yes,High School,High,5
S5672,Sophia,Khan,student4672@univ.edu,Female,22,Business,67.89,50.14,80.55,53.7,60.53,51.1,96.57,69.8405,C,25.7,Yes,No,PhD,High,1
S5673,Ahmed,Anderson,student4673@univ.edu,Male,23,Business,81.3,91.47,48.11,90.11,78.14,64.6,78.46,72.139,C,18.4,No,Yes,None,Low,10
S5674,Maria,Khan,student4674@univ.edu,Female,19,Data Science,57.94,95.86,58.0,77.96,60.02,12.6,74.14,71.29,C,16.2,No,No,High School,Low,9
S5675,Hassan,Johnson,student4675@univ.edu,Male,18,Data Science,60.31,86.5,43.37,84.08,64.25,67.7,93.46,68.748,C,28.0,Yes,No,Bachelor's,Medium,6
S5676,Ahmed,Miller,student4676@univ.edu,Female,24,CS,99.6,96.45,68.5,88.98,61.77,48.9,53.57,73.913,C,32.8,Yes,Yes,PhD,Low,9
S5677,Ali,Ahmed,student4677@univ.edu,Male,24,Physics,87.65,58.14,52.54,70.47,82.25,82.0,82.8,65.345,C,32.4,No,No,Bachelor's,High,5
S5678,Sophia,Smith,student4678@univ.edu,Male,19,Data Science,98.1,91.67,45.47,57.23,76.34,13.9,55.65,62.6315,D,21.5,No,Yes,Master's,Low,6
S5679,Ali,Ahmed,student4679@univ.edu,Female,22,Business,64.79,69.33,64.67,89.75,86.06,30.1,90.99,76.5205,B,7.4,Yes,Yes,PhD,High,2
S5680,Emma,Williams,student4680@univ.edu,Female,24,Data Science,58.23,49.84,61.07,72.69,61.0,95.0,89.63,64.8405,D,7.2,Yes,No,High School,Low,9
S5681,Sophia,Khan,student4681@univ.edu,Male,23,CS,75.15,80.13,72.25,91.35,50.46,55.3,75.18,73.862,C,17.1,Yes,Yes,Bachelor's,Low,3
S5682,Zainab,Wilson,student4682@univ.edu,Male,21,Engineering,74.73,81.05,84.94,71.88,84.03,92.9,83.05,81.783,B,27.0,No,No,Master's,Medium,5
S5683,Maria,Anderson,student4683@univ.edu,Male,22,Physics,58.75,57.22,46.75,60.85,55.74,68.9,88.63,58.5895,D,19.9,Yes,No,Bachelor's,High,8
S5684,Liam,Smith,student4684@univ.edu,Female,25,Physics,86.66,41.65,87.47,58.55,62.32,92.6,74.17,68.2005,C,23.8,No,No,PhD,Low,5
S5685,Zainab,Jones,student4685@univ.edu,Male,25,Mathematics,68.09,51.99,41.58,87.2,65.28,31.8,95.3,62.118,D,30.3,No,No,Bachelor's,Medium,10
S5686,John,Ahmed,student4686@univ.edu,Female,19,Data Science,59.32,63.99,66.59,78.74,87.34,9.1,71.85,71.794,C,6.2,Yes,Yes,Bachelor's,Medium,4
S5687,Maria,Miller,student4687@univ.edu,Male,22,Physics,66.6,50.05,75.25,70.23,81.29,80.2,94.6,73.2655,C,32.7,No,Yes,None,High,4
S5688,Sophia,Ahmed,student4688@univ.edu,Male,24,Business,78.18,51.64,97.42,74.61,59.21,80.4,79.14,76.369,B,14.9,No,No,High School,Medium,5
S5689,Sophia,Brown,student4689@univ.edu,Male,24,Engineering,86.32,63.48,74.44,77.48,79.89,61.9,71.31,73.052,C,6.4,No,Yes,Bachelor's,High,3
S5690,Sara,Wilson,student4690@univ.edu,Male,19,Business,74.09,97.71,49.52,61.97,85.41,58.0,50.2,66.511,C,30.1,Yes,Yes,None,High,10
S5691,Fatima,Johnson,student4691@univ.edu,Female,24,Data Science,76.28,85.85,71.05,68.91,69.44,91.5,64.78,72.507,C,33.0,No,Yes,High School,High,4
S5692,Sara,Miller,student4692@univ.edu,Female,24,CS,56.95,59.18,63.75,64.62,62.3,17.6,93.4,67.1965,C,28.1,Yes,No,PhD,Medium,5
S5693,David,Davis,student4693@univ.edu,Male,21,Mathematics,95.73,97.1,68.76,69.42,83.95,61.7,71.44,77.2075,B,29.1,No,Yes,PhD,Medium,4
S5694,Sara,Taylor,student4694@univ.edu,Male,21,Mathematics,96.44,78.74,51.83,75.03,80.54,5.0,71.07,67.8845,C,31.1,No,No,None,High,3
S5695,Omar,Davis,student4695@univ.edu,Male,18,Engineering,84.17,67.33,70.05,58.67,53.9,14.1,74.47,66.0395,C,20.7,No,No,None,Medium,1
S5696,John,Khan,student4696@univ.edu,Female,21,Physics,50.88,68.1,49.0,69.68,83.33,43.7,64.32,63.3695,D,25.4,Yes,Yes,PhD,Medium,2
S5697,Zainab,Davis,student4697@univ.edu,Male,20,Physics,76.85,64.64,84.64,69.27,74.43,82.1,74.58,75.294,B,13.6,Yes,No,Master's,High,9
S5698,Emma,Jones,student4698@univ.edu,Female,22,Physics,81.46,53.98,75.63,64.3,87.67,73.3,68.79,70.3805,C,12.5,No,Yes,High School,High,10
S5699,Zainab,Khan,student4699@univ.edu,Female,22,Mathematics,99.73,63.2,44.71,99.92,59.54,97.4,95.47,66.528,C,23.3,No,No,High School,Medium,2
S5700,Zainab,Williams,student4700@univ.edu,Female,19,CS,99.8,71.67,93.38,53.68,62.91,4.5,78.2,76.2355,B,27.0,No,No,None,High,2
S5701,Maria,Brown,student4701@univ.edu,Female,21,Physics,92.88,71.68,76.98,82.15,77.17,38.1,91.71,78.9335,B,16.9,No,Yes,High School,High,5
S5702,Sophia,Wilson,student4702@univ.edu,Male,18,Business,53.19,85.7,58.97,58.72,74.09,15.9,84.34,70.352,C,17.0,Yes,Yes,Master's,Low,10
S5703,David,Williams,student4703@univ.edu,Male,24,Physics,97.66,61.53,42.74,91.98,69.32,3.7,60.63,60.5545,D,33.6,No,Yes,High School,High,9
S5704,David,Miller,student4704@univ.edu,Female,18,CS,80.63,83.01,77.93,95.71,87.3,26.4,93.38,85.336,A,20.6,No,No,None,Low,3
S5705,Emma,Davis,student4705@univ.edu,Male,18,Engineering,90.04,74.69,62.41,70.07,78.24,24.4,54.36,67.182,C,34.6,Yes,No,Bachelor's,Medium,9
S5706,John,Jones,student4706@univ.edu,Male,23,Engineering,70.36,97.71,94.46,91.17,85.51,42.0,72.43,89.9695,A,30.9,No,Yes,Bachelor's,Medium,4
S5707,Maria,Ahmed,student4707@univ.edu,Male,24,Mathematics,65.98,63.12,42.09,62.5,57.66,14.0,61.96,54.6735,F,24.2,No,Yes,None,Low,3
S5708,Ahmed,Ahmed,student4708@univ.edu,Female,20,CS,73.16,94.07,42.35,57.0,86.45,48.9,76.88,66.686,C,5.3,Yes,No,Bachelor's,Low,5
S5709,Ali,Khan,student4709@univ.edu,Male,21,Business,57.34,89.24,96.96,65.79,73.08,92.0,65.0,82.3645,B,13.9,No,No,High School,Low,7
S5710,Sara,Miller,student4710@univ.edu,Male,24,CS,67.85,78.26,97.89,67.08,51.69,74.8,86.14,80.65,B,17.5,No,Yes,None,Low,7
S5711,Ali,Taylor,student4711@univ.edu,Male,18,Business,92.88,79.27,41.66,69.87,61.72,84.2,96.85,64.701,D,24.6,Yes,No,None,Low,2
S5712,Ali,Brown,student4712@univ.edu,Male,24,Business,51.9,45.08,82.96,68.65,51.29,80.5,85.45,68.8605,C,16.9,No,Yes,None,Low,7
S5713,Liam,Wilson,student4713@univ.edu,Male,20,CS,57.54,97.01,53.29,70.56,72.84,39.0,67.77,69.729,C,29.8,No,Yes,Bachelor's,Low,7
S5714,Ali,Taylor,student4714@univ.edu,Male,22,Data Science,56.26,46.42,82.08,85.5,66.29,70.9,80.0,72.7805,C,24.9,Yes,Yes,PhD,Medium,2
S5715,David,Khan,student4715@univ.edu,Male,19,CS,70.15,73.79,92.12,62.28,99.37,75.4,94.43,85.412,A,15.4,Yes,Yes,Bachelor's,Low,10
S5716,Sara,Jones,student4716@univ.edu,Male,21,Business,99.85,59.8,46.05,50.93,93.43,20.6,63.5,59.2565,D,28.5,Yes,Yes,None,Low,9
S5717,Sara,Brown,student4717@univ.edu,Male,21,Physics,58.67,65.79,54.33,74.48,91.28,86.0,55.91,65.424,C,14.1,No,No,High School,Medium,8
S5718,Omar,Miller,student4718@univ.edu,Male,23,Engineering,57.27,76.61,41.44,72.41,75.06,45.8,56.54,60.4275,D,6.9,Yes,No,PhD,Medium,2
S5719,John,Davis,student4719@univ.edu,Female,22,Engineering,95.75,94.53,42.63,53.0,90.35,1.6,74.74,66.54,C,10.2,No,No,None,Low,6
S5720,Liam,Davis,student4720@univ.edu,Male,21,Mathematics,94.1,67.45,41.78,56.69,63.34,64.3,86.61,59.109,D,5.1,No,No,Bachelor's,Low,8
S5721,Ali,Anderson,student4721@univ.edu,Female,23,Engineering,51.61,99.26,88.04,75.5,78.03,67.7,82.86,86.1245,A,30.0,Yes,Yes,Master's,High,9
S5722,Fatima,Davis,student4722@univ.edu,Male,23,Data Science,87.59,75.57,57.9,61.74,69.65,55.2,72.69,65.991,C,23.8,Yes,Yes,None,Low,1
S5723,Ahmed,Smith,student4723@univ.edu,Female,23,Business,82.77,49.63,69.59,93.88,58.57,21.2,86.46,70.119,C,22.1,Yes,No,High School,High,7
S5724,Zainab,Davis,student4724@univ.edu,Female,25,CS,88.39,51.4,87.27,58.66,53.63,48.2,81.7,69.923,C,24.9,Yes,No,Master's,High,10
S5725,Sophia,Smith,student4725@univ.edu,Male,21,CS,74.73,82.97,69.7,51.01,77.91,40.0,81.41,72.5385,C,24.6,No,Yes,Master's,Medium,5
S5726,Omar,Johnson,student4726@univ.edu,Female,21,Data Science,99.57,43.02,65.75,72.38,54.88,97.5,60.12,59.7235,D,22.0,No,No,Bachelor's,High,9
S5727,Sara,Smith,student4727@univ.edu,Female,21,Engineering,52.19,68.82,40.69,99.31,85.9,82.5,65.63,65.6315,C,30.3,No,Yes,Bachelor's,Low,9
S5728,Sara,Brown,student4728@univ.edu,Female,20,Business,61.72,48.89,74.08,81.69,96.07,76.2,67.22,72.453,C,18.2,Yes,No,PhD,High,3
S5729,Lucas,Taylor,student4729@univ.edu,Male,23,Engineering,69.83,65.99,47.48,67.7,58.11,18.1,90.41,62.249,D,29.1,Yes,No,None,Medium,10
S5730,Liam,Brown,student4730@univ.edu,Female,20,Mathematics,72.49,85.0,85.88,50.84,73.55,33.1,88.76,79.0305,B,28.6,No,Yes,PhD,High,7
S5731,Ali,Taylor,student4731@univ.edu,Female,19,Engineering,96.07,67.53,55.46,74.25,86.94,38.0,62.63,66.49,C,11.0,Yes,No,PhD,High,3
S5732,Liam,Anderson,student4732@univ.edu,Male,21,Mathematics,78.0,49.81,80.45,60.32,64.34,49.3,52.76,64.7325,D,18.6,No,No,Master's,High,4
S5733,Lucas,Johnson,student4733@univ.edu,Female,25,CS,52.26,55.12,78.77,82.39,96.04,3.0,88.39,78.6165,B,30.0,Yes,Yes,Bachelor's,High,8
S5734,Hassan,Taylor,student4734@univ.edu,Female,24,Business,70.39,62.05,77.0,79.15,94.42,59.3,70.49,75.969,B,29.9,Yes,Yes,Master's,High,1
S5735,Zainab,Taylor,student4735@univ.edu,Female,22,Physics,70.82,44.17,56.02,63.26,55.19,35.8,60.99,55.357,D,5.7,Yes,No,None,High,4
S5736,Liam,Jones,student4736@univ.edu,Male,25,Mathematics,98.27,75.06,56.03,53.44,51.37,56.2,55.85,58.7215,D,11.7,Yes,Yes,PhD,High,4
S5737,Sara,Williams,student4737@univ.edu,Female,18,Engineering,79.96,76.45,91.78,87.75,98.82,0.9,50.64,82.9945,B,17.7,No,Yes,PhD,Medium,3
S5738,David,Williams,student4738@univ.edu,Male,19,Engineering,81.78,43.73,40.77,79.27,97.82,32.1,71.39,60.2875,D,6.4,Yes,No,None,Low,2
S5739,Maria,Jones,student4739@univ.edu,Female,24,CS,85.66,64.14,50.89,92.11,71.11,76.9,66.99,65.171,C,12.8,No,Yes,PhD,Medium,8
S5740,Sara,Davis,student4740@univ.edu,Female,18,Data Science,88.5,64.84,76.61,62.99,52.53,50.1,84.82,69.8325,C,12.7,Yes,Yes,Bachelor's,High,6
S5741,Omar,Jones,student4741@univ.edu,Female,18,Physics,81.75,60.03,89.02,82.64,80.94,78.9,98.83,82.5245,B,11.4,Yes,Yes,Bachelor's,High,2
S5742,John,Ahmed,student4742@univ.edu,Female,21,Data Science,61.86,73.46,61.5,55.93,64.67,69.9,60.34,63.358,D,16.9,No,No,PhD,Medium,8
S5743,Hassan,Taylor,student4743@univ.edu,Male,22,Engineering,93.7,60.76,79.21,64.59,96.84,85.5,62.15,73.4125,C,29.4,Yes,No,None,High,8
S5744,Lucas,Taylor,student4744@univ.edu,Female,18,Data Science,86.61,64.98,73.43,82.83,89.73,0.7,66.87,74.611,C,12.3,No,Yes,Master's,Medium,7
S5745,Ahmed,Jones,student4745@univ.edu,Male,23,Physics,87.09,87.85,43.87,91.28,82.48,26.1,73.3,69.9835,C,22.5,Yes,No,PhD,High,8
S5746,Sophia,Jones,student4746@univ.edu,Female,24,Physics,99.83,49.73,77.31,66.05,64.23,54.9,84.88,69.2785,C,21.7,Yes,No,High School,High,9
S5747,Ahmed,Ahmed,student4747@univ.edu,Male,25,Business,90.13,77.15,88.83,89.94,85.06,94.1,67.6,82.9105,B,29.5,No,Yes,Bachelor's,Low,3
S5748,Sara,Davis,student4748@univ.edu,Female,25,Data Science,91.46,70.34,99.55,83.89,64.46,68.0,55.21,79.4445,B,16.8,Yes,No,High School,High,2
S5749,Omar,Brown,student4749@univ.edu,Female,18,Business,97.57,58.3,41.78,67.43,51.88,45.7,86.52,57.1575,D,11.7,No,No,High School,Low,7
S5750,Ali,Johnson,student4750@univ.edu,Male,19,Engineering,57.56,83.65,79.6,93.82,75.42,13.0,89.73,83.4355,B,31.7,Yes,Yes,High School,Low,2
S5751,Sara,Miller,student4751@univ.edu,Male,22,Engineering,74.89,73.07,64.87,75.46,74.43,49.3,62.38,69.159,C,30.0,Yes,Yes,PhD,Medium,3
S5752,John,Taylor,student4752@univ.edu,Male,22,Engineering,79.03,68.64,40.59,82.41,88.15,44.1,56.84,62.0445,D,23.6,No,No,PhD,Low,6
S5753,David,Johnson,student4753@univ.edu,Male,25,CS,66.46,80.06,76.86,74.78,93.28,77.8,76.39,79.5805,B,7.8,No,Yes,High School,Medium,9
S5754,Zainab,Jones,student4754@univ.edu,Female,18,Data Science,91.97,88.14,47.35,72.64,67.72,41.3,60.42,64.3175,D,5.5,Yes,No,PhD,Medium,9
S5755,Fatima,Ahmed,student4755@univ.edu,Male,22,Mathematics,88.12,98.36,62.71,92.4,72.47,31.9,68.71,76.6575,B,10.5,No,Yes,High School,Low,10
S5756,Sophia,Davis,student4756@univ.edu,Male,19,Physics,86.04,77.76,55.68,64.74,73.52,9.0,88.87,69.1095,C,10.9,Yes,No,High School,Medium,2
S5757,John,Smith,student4757@univ.edu,Male,25,Mathematics,99.86,92.47,61.67,51.83,66.21,4.7,60.98,66.9315,C,9.1,No,Yes,Master's,Low,1
S5758,Lucas,Davis,student4758@univ.edu,Female,24,Engineering,62.97,40.07,69.56,93.99,87.17,43.9,90.31,73.0805,C,12.9,No,Yes,Master's,High,6
S5759,Ali,Wilson,student4759@univ.edu,Female,19,Data Science,86.77,71.81,61.55,91.25,76.11,34.7,83.7,73.5635,C,15.1,Yes,Yes,Master's,Medium,7
S5760,Lucas,Wilson,student4760@univ.edu,Female,19,Business,77.57,52.88,73.16,68.33,95.7,55.5,60.99,69.935,C,27.6,No,No,None,Low,8
S5761,Sara,Johnson,student4761@univ.edu,Female,23,Mathematics,65.65,45.65,54.32,59.27,82.52,71.2,76.32,60.8585,D,26.3,Yes,No,Bachelor's,Low,4
S5762,Omar,Williams,student4762@univ.edu,Male,21,Engineering,58.03,71.92,78.12,83.78,60.59,4.0,80.7,75.4865,B,8.1,No,No,PhD,Low,7
S5763,John,Wilson,student4763@univ.edu,Female,18,Mathematics,94.79,84.81,91.23,53.94,58.24,49.6,60.01,74.721,C,34.3,Yes,Yes,Master's,Low,9
S5764,Emma,Wilson,student4764@univ.edu,Male,24,Mathematics,79.77,64.74,53.44,71.19,68.62,86.2,57.25,61.211,D,27.6,Yes,No,Bachelor's,High,1
S5765,Ali,Brown,student4765@univ.edu,Female,25,Physics,91.25,80.21,70.47,54.29,67.35,45.5,76.56,70.4365,C,9.9,Yes,Yes,Bachelor's,Medium,3
S5766,Omar,Smith,student4766@univ.edu,Male,22,Mathematics,77.27,69.38,78.92,79.9,70.36,52.1,84.69,76.7405,B,8.7,No,Yes,PhD,Low,5
S5767,David,Ahmed,student4767@univ.edu,Male,19,Engineering,61.0,66.23,73.88,51.36,59.18,48.7,73.25,66.6725,C,7.6,Yes,Yes,None,Medium,7
S5768,Ali,Brown,student4768@univ.edu,Male,25,Physics,66.88,57.42,61.94,81.46,98.91,39.0,53.5,68.2435,C,27.0,Yes,Yes,High School,Low,5
S5769,Lucas,Smith,student4769@univ.edu,Male,18,Engineering,69.08,62.96,78.53,83.66,57.29,11.0,96.26,75.659,B,12.1,Yes,No,Master's,Medium,1
S5770,Ali,Ahmed,student4770@univ.edu,Male,24,CS,98.65,60.99,41.69,74.36,82.63,12.6,84.75,63.0505,D,7.2,Yes,No,None,Low,1
S5771,Fatima,Anderson,student4771@univ.edu,Female,24,CS,50.28,78.77,62.19,58.75,50.65,17.9,81.06,66.0895,C,17.7,Yes,No,PhD,Low,1
S5772,Sara,Miller,student4772@univ.edu,Male,18,CS,99.28,46.96,71.96,55.07,70.35,79.3,82.18,65.718,C,26.3,Yes,Yes,None,High,8
S5773,Liam,Taylor,student4773@univ.edu,Male,21,Mathematics,99.02,45.56,41.24,65.66,65.46,27.5,69.93,53.7035,F,14.1,Yes,No,Bachelor's,Medium,7
S5774,Lucas,Wilson,student4774@univ.edu,Male,23,Data Science,99.81,79.6,70.46,73.26,69.1,94.8,99.22,76.818,B,19.5,No,No,None,Low,3
S5775,Fatima,Ahmed,student4775@univ.edu,Male,22,Engineering,73.83,72.78,79.26,82.11,74.9,81.0,56.63,74.343,C,10.8,Yes,No,Master's,Low,4
S5776,Hassan,Taylor,student4776@univ.edu,Female,23,CS,98.19,65.81,85.55,50.06,80.02,68.5,86.96,75.6605,B,17.9,Yes,Yes,None,High,8
S5777,Sophia,Wilson,student4777@univ.edu,Female,24,Data Science,69.78,49.15,46.8,85.55,79.18,72.0,71.04,61.5755,D,15.8,Yes,No,None,High,7
S5778,Maria,Brown,student4778@univ.edu,Male,22,CS,51.31,64.66,99.43,85.64,81.54,4.8,94.05,86.917,A,18.0,No,Yes,Bachelor's,High,7
S5779,Liam,Miller,student4779@univ.edu,Male,24,CS,61.22,87.38,76.37,72.23,92.23,56.8,85.86,81.7535,B,19.0,Yes,Yes,None,High,6
S5780,Sara,Brown,student4780@univ.edu,Male,19,Data Science,97.26,93.38,61.79,67.17,94.34,94.1,78.11,76.2455,B,7.8,No,No,Bachelor's,High,9
S5781,Emma,Ahmed,student4781@univ.edu,Male,19,CS,50.69,82.15,54.95,92.12,86.86,3.9,96.88,77.0415,B,7.8,Yes,Yes,Master's,Medium,6
S5782,Liam,Khan,student4782@univ.edu,Female,18,Mathematics,77.3,43.59,74.37,89.23,53.95,29.1,95.62,70.5675,C,12.8,Yes,Yes,Master's,Low,1
S5783,Sophia,Brown,student4783@univ.edu,Female,22,Mathematics,53.78,80.22,92.9,99.16,98.06,5.2,52.62,86.035,A,8.5,Yes,Yes,High School,Medium,5
S5784,Omar,Smith,student4784@univ.edu,Male,22,Physics,64.32,54.46,71.23,68.6,97.37,57.0,59.63,69.6625,C,12.6,Yes,Yes,High School,High,8
S5785,Emma,Williams,student4785@univ.edu,Male,24,Mathematics,54.4,58.92,79.69,95.34,85.59,11.6,83.8,79.385,B,5.7,No,No,Bachelor's,Low,6
S5786,Lucas,Davis,student4786@univ.edu,Male,23,Business,92.98,51.75,61.46,54.37,75.87,47.9,96.09,65.8105,C,15.5,Yes,No,High School,Medium,5
S5787,Emma,Johnson,student4787@univ.edu,Male,19,Physics,79.55,86.55,63.29,70.57,62.53,72.0,71.52,70.1545,C,11.4,No,Yes,High School,High,9
S5788,John,Taylor,student4788@univ.edu,Male,20,CS,95.11,78.92,57.17,73.27,87.82,16.4,51.92,67.745,C,31.8,No,No,PhD,Medium,7
S5789,Sophia,Anderson,student4789@univ.edu,Female,18,Business,84.42,76.71,82.34,72.04,93.89,75.5,82.16,81.3745,B,30.7,No,Yes,High School,Medium,7
S5790,Hassan,Wilson,student4790@univ.edu,Female,25,Engineering,98.55,80.08,61.55,81.25,83.26,6.0,59.73,71.1945,C,14.0,No,Yes,None,High,1
S5791,Ali,Brown,student4791@univ.edu,Male,22,Data Science,75.49,54.21,51.44,58.51,81.45,15.0,77.62,61.483,D,19.3,No,Yes,Master's,Low,2
S5792,Fatima,Williams,student4792@univ.edu,Female,21,Engineering,81.94,66.68,62.16,93.32,59.65,28.0,69.23,68.422,C,33.7,Yes,No,High School,High,10
S5793,Liam,Brown,student4793@univ.edu,Female,21,Business,78.82,78.0,91.23,77.59,67.89,79.6,77.9,81.0375,B,20.7,No,Yes,Bachelor's,High,5
S5794,John,Miller,student4794@univ.edu,Female,20,Mathematics,74.21,78.2,84.3,95.21,86.16,85.0,96.62,86.8435,A,30.5,Yes,Yes,PhD,Medium,3
S5795,Zainab,Smith,student4795@univ.edu,Male,19,CS,92.3,87.51,60.08,50.13,50.84,22.0,74.29,64.819,D,29.8,No,No,PhD,Low,8
S5796,Emma,Anderson,student4796@univ.edu,Female,19,Physics,82.23,57.23,94.41,81.5,82.06,9.6,51.73,76.783,B,33.2,No,No,Master's,High,4
S5797,John,Davis,student4797@univ.edu,Female,19,CS,90.07,86.22,44.49,70.62,88.33,84.8,79.05,68.5155,C,14.2,No,Yes,Master's,Low,7
S5798,Ahmed,Ahmed,student4798@univ.edu,Male,23,Mathematics,89.32,66.41,42.99,75.25,66.74,64.9,66.29,59.5705,D,6.3,No,No,Bachelor's,Medium,5
S5799,Sophia,Miller,student4799@univ.edu,Female,24,CS,59.55,80.21,47.65,87.19,53.81,15.8,88.91,67.206,C,8.1,Yes,Yes,Bachelor's,High,6
S5800,Fatima,Jones,student4800@univ.edu,Male,21,Data Science,82.51,67.34,46.99,61.36,90.96,55.8,73.5,63.7875,D,22.1,Yes,Yes,Bachelor's,Low,7
S5801,David,Anderson,student4801@univ.edu,Female,19,Data Science,59.98,96.92,45.27,60.24,57.09,87.2,87.07,65.8885,C,20.9,Yes,Yes,PhD,Low,8
S5802,Omar,Brown,student4802@univ.edu,Male,21,Data Science,79.17,50.76,79.68,85.15,68.54,7.0,95.44,75.4095,B,14.0,Yes,Yes,PhD,Medium,3
S5803,Emma,Miller,student4803@univ.edu,Male,20,Engineering,83.87,80.5,76.05,76.07,85.36,8.4,68.11,77.1485,B,12.5,No,Yes,Bachelor's,Low,3
S5804,Sophia,Davis,student4804@univ.edu,Female,18,Mathematics,99.86,74.59,78.86,61.68,90.85,27.4,99.47,80.319,B,26.3,Yes,No,High School,Low,2
S5805,David,Williams,student4805@univ.edu,Female,24,Data Science,51.53,50.36,81.3,74.2,93.12,65.2,57.49,72.2485,C,15.2,Yes,No,High School,Low,6
S5806,David,Williams,student4806@univ.edu,Male,23,Business,54.56,43.96,85.41,72.98,76.52,17.8,82.2,73.4405,C,23.1,Yes,Yes,Bachelor's,High,2
S5807,Zainab,Taylor,student4807@univ.edu,Male,22,Data Science,53.85,87.95,52.43,84.57,73.79,81.6,51.74,67.4555,C,26.4,No,Yes,Bachelor's,High,1
S5808,Sara,Davis,student4808@univ.edu,Female,20,Physics,69.92,49.45,77.34,50.13,92.42,75.0,60.65,67.439,C,17.9,Yes,No,PhD,Medium,1
S5809,Fatima,Williams,student4809@univ.edu,Female,24,Engineering,91.08,51.19,74.8,79.34,78.15,56.1,81.69,72.295,C,10.8,No,Yes,High School,Medium,9
S5810,John,Miller,student4810@univ.edu,Female,21,Business,92.2,98.71,96.62,80.28,78.93,11.6,52.31,85.287,A,30.8,Yes,Yes,Master's,High,1
S5811,David,Taylor,student4811@univ.edu,Female,20,Mathematics,86.85,83.04,53.94,87.28,71.7,98.8,55.09,67.5975,C,7.8,Yes,Yes,Master's,Low,7
S5812,Ahmed,Khan,student4812@univ.edu,Male,22,Mathematics,94.84,55.03,43.52,94.46,68.64,49.0,64.55,60.3855,D,29.9,Yes,No,None,High,5
S5813,Zainab,Williams,student4813@univ.edu,Male,24,Physics,66.14,75.46,79.21,72.01,74.03,45.2,78.78,76.5385,B,30.1,Yes,Yes,Master's,Medium,6
S5814,Sophia,Anderson,student4814@univ.edu,Male,23,Data Science,54.41,72.05,84.41,67.13,68.24,99.6,50.8,71.879,C,22.1,No,Yes,High School,Medium,10
S5815,Zainab,Smith,student4815@univ.edu,Female,25,Business,52.91,90.67,56.99,55.12,67.18,86.4,74.12,67.5435,C,23.9,No,Yes,PhD,High,9
S5816,Maria,Jones,student4816@univ.edu,Female,18,Physics,92.61,83.76,74.25,66.84,99.68,45.6,81.29,79.911,B,15.7,No,Yes,High School,Medium,3
S5817,Maria,Davis,student4817@univ.edu,Male,22,Business,86.52,89.9,43.57,53.42,66.81,41.9,70.13,61.7835,D,30.2,Yes,Yes,High School,Medium,6
S5818,Ali,Miller,student4818@univ.edu,Male,24,Data Science,84.93,52.69,97.6,90.14,62.82,9.6,53.38,75.649,B,12.9,Yes,No,Master's,Medium,7
S5819,Zainab,Wilson,student4819@univ.edu,Male,23,Data Science,66.98,78.41,46.6,90.35,67.7,92.7,80.54,67.7805,C,21.8,No,No,Bachelor's,Medium,2
S5820,Ali,Brown,student4820@univ.edu,Male,21,CS,69.0,42.41,44.05,70.86,79.54,84.4,80.29,58.503,D,5.1,Yes,No,None,Medium,6
S5821,Emma,Miller,student4821@univ.edu,Male,22,CS,97.91,44.14,42.65,62.98,95.55,31.0,75.3,58.83,D,33.2,No,No,Master's,Low,6
S5822,Ali,Williams,student4822@univ.edu,Male,25,Data Science,53.19,82.81,65.64,55.9,89.39,75.3,84.66,74.0285,C,33.4,Yes,No,Master's,High,5
S5823,Lucas,Miller,student4823@univ.edu,Female,20,Engineering,88.69,41.47,45.83,92.56,92.11,76.3,60.39,61.0935,D,26.3,No,Yes,Master's,Medium,7
S5824,John,Wilson,student4824@univ.edu,Male,19,Physics,65.48,74.79,84.68,93.87,92.95,22.8,83.93,85.2085,A,17.7,No,No,None,Medium,9
S5825,Lucas,Brown,student4825@univ.edu,Male,20,CS,51.95,90.42,93.93,63.31,96.03,61.4,58.07,83.571,B,10.4,No,Yes,PhD,Medium,7
S5826,David,Taylor,student4826@univ.edu,Male,21,Data Science,87.13,62.8,55.61,81.09,61.75,25.5,69.63,63.894,D,19.8,Yes,No,Master's,High,2
S5827,Sophia,Williams,student4827@univ.edu,Male,24,Business,66.55,42.69,77.73,62.93,72.92,79.0,53.38,64.128,D,28.7,Yes,No,PhD,High,4
S5828,Emma,Johnson,student4828@univ.edu,Male,25,Physics,86.11,82.83,42.54,61.26,69.26,15.4,90.96,64.677,D,23.2,Yes,Yes,PhD,High,1
S5829,Liam,Williams,student4829@univ.edu,Male,18,CS,85.38,95.78,63.19,51.06,69.09,66.9,76.91,70.8315,C,20.8,Yes,Yes,High School,Medium,2
S5830,David,Jones,student4830@univ.edu,Male,22,Engineering,76.74,83.03,57.58,78.86,82.61,32.6,98.55,75.762,B,30.5,No,Yes,Bachelor's,Medium,9
S5831,John,Khan,student4831@univ.edu,Female,24,Physics,88.87,74.71,53.72,57.5,70.09,3.6,97.12,67.4505,C,14.4,Yes,No,None,High,7
S5832,Maria,Johnson,student4832@univ.edu,Male,18,Physics,79.05,53.8,78.68,50.62,80.82,12.4,99.93,73.0035,C,30.8,No,Yes,Bachelor's,Low,8
S5833,Fatima,Jones,student4833@univ.edu,Female,21,Mathematics,64.33,40.92,47.81,55.24,69.11,65.5,55.06,51.829,F,18.2,Yes,No,PhD,Low,8
S5834,Ali,Wilson,student4834@univ.edu,Female,22,Business,86.71,81.68,91.64,65.69,65.56,24.0,80.33,80.147,B,5.1,No,No,PhD,High,2
S5835,Sara,Davis,student4835@univ.edu,Female,23,Engineering,79.46,53.86,79.89,83.46,67.65,63.1,70.38,71.957,C,27.0,No,Yes,None,Medium,5
S5836,Sophia,Brown,student4836@univ.edu,Male,23,Engineering,50.64,91.49,82.64,60.13,90.19,41.5,76.63,81.2645,B,31.3,Yes,Yes,Bachelor's,Medium,1
S5837,Omar,Smith,student4837@univ.edu,Male,24,Engineering,95.08,67.98,96.12,94.38,80.05,69.3,65.44,83.2185,B,19.5,Yes,No,High School,Low,9
S5838,Fatima,Taylor,student4838@univ.edu,Male,20,Business,77.28,71.84,96.54,64.42,98.7,49.3,52.4,80.485,B,18.6,No,No,Bachelor's,Medium,5
S5839,Lucas,Smith,student4839@univ.edu,Male,24,Engineering,93.43,85.24,73.1,66.56,91.63,30.9,85.39,79.17,B,29.2,No,Yes,Master's,High,1
S5840,Ali,Anderson,student4840@univ.edu,Male,20,Mathematics,94.14,86.77,69.72,60.9,74.29,14.6,98.29,76.778,B,31.5,Yes,Yes,Bachelor's,Medium,7
S5841,Emma,Anderson,student4841@univ.edu,Male,25,CS,72.25,78.56,60.12,62.69,62.12,34.1,76.62,66.9685,C,34.2,No,Yes,PhD,Medium,9
S5842,Lucas,Wilson,student4842@univ.edu,Male,21,Business,75.38,96.31,82.93,53.71,83.7,63.5,66.48,78.871,B,15.4,No,No,None,High,1
S5843,Sophia,Davis,student4843@univ.edu,Male,23,Engineering,70.79,98.94,72.29,64.74,86.33,74.0,96.91,82.2865,B,22.8,No,Yes,Master's,Low,1
S5844,Lucas,Khan,student4844@univ.edu,Male,25,Data Science,72.47,96.81,95.97,92.98,73.21,16.0,68.23,88.1145,A,29.7,Yes,No,PhD,High,1
S5845,Sophia,Khan,student4845@univ.edu,Male,22,CS,94.76,89.45,54.32,84.42,61.5,66.4,95.73,73.1495,C,21.0,Yes,No,Bachelor's,Medium,7
S5846,Lucas,Anderson,student4846@univ.edu,Female,23,Physics,89.41,82.34,58.62,93.76,77.86,17.9,92.78,76.645,B,18.9,Yes,Yes,None,High,10
S5847,Fatima,Williams,student4847@univ.edu,Male,20,Business,56.33,79.8,58.97,55.24,62.69,22.2,76.44,65.755,C,22.2,No,Yes,Master's,High,3
S5848,Zainab,Miller,student4848@univ.edu,Male,24,Data Science,80.52,46.23,88.36,72.78,97.0,53.1,83.84,78.215,B,15.7,No,Yes,Bachelor's,Low,9
S5849,Ahmed,Jones,student4849@univ.edu,Male,21,Physics,99.8,56.29,45.94,61.46,81.44,28.9,85.02,61.525,D,10.8,Yes,No,Master's,Low,9
S5850,Fatima,Anderson,student4850@univ.edu,Female,23,Data Science,79.78,40.34,67.34,86.06,64.6,66.2,82.05,66.5435,C,7.0,Yes,No,High School,Medium,7
S5851,Zainab,Wilson,student4851@univ.edu,Male,25,Engineering,89.29,48.24,65.65,98.51,60.79,95.6,58.04,65.2265,C,23.3,Yes,No,High School,High,3
S5852,Liam,Ahmed,student4852@univ.edu,Male,21,Business,88.45,66.35,44.39,90.77,85.84,14.9,84.64,67.994,C,16.4,No,No,None,Medium,10
S5853,David,Jones,student4853@univ.edu,Female,25,Engineering,67.52,48.79,64.65,51.76,85.39,57.1,50.16,60.482,D,31.5,Yes,No,High School,High,8
S5854,David,Williams,student4854@univ.edu,Male,23,Physics,68.59,94.1,70.8,65.83,79.86,92.3,85.5,78.2785,B,11.7,Yes,Yes,PhD,High,6
S5855,John,Davis,student4855@univ.edu,Female,24,Mathematics,86.2,88.34,43.91,51.43,80.72,17.7,77.74,64.52,D,14.3,No,Yes,Bachelor's,Low,4
S5856,Ali,Brown,student4856@univ.edu,Female,18,Data Science,75.0,44.3,70.59,52.01,80.19,36.7,62.99,62.845,D,34.1,No,Yes,Master's,High,8
S5857,Fatima,Khan,student4857@univ.edu,Female,24,Mathematics,78.53,54.93,97.55,53.98,68.01,12.4,90.19,76.9555,B,21.7,No,Yes,Master's,Low,3
S5858,Fatima,Smith,student4858@univ.edu,Female,23,Physics,85.65,89.14,98.73,63.82,96.87,64.2,70.26,87.026,A,15.4,Yes,Yes,High School,High,1
S5859,Omar,Williams,student4859@univ.edu,Male,20,Engineering,88.88,88.18,71.9,65.21,73.96,66.9,74.29,74.82,C,30.8,No,No,Master's,Medium,4
S5860,Omar,Taylor,student4860@univ.edu,Female,24,CS,63.58,96.73,70.91,70.02,51.02,66.4,51.38,70.0275,C,27.3,Yes,Yes,Master's,Medium,9
S5861,John,Johnson,student4861@univ.edu,Female,22,Data Science,57.34,99.85,57.13,70.25,67.42,54.2,70.07,71.1265,C,22.2,No,No,Bachelor's,High,7
S5862,Sara,Wilson,student4862@univ.edu,Male,20,CS,64.59,98.58,99.83,88.57,56.51,74.6,58.37,85.174,A,31.7,No,No,None,Low,1
S5863,David,Khan,student4863@univ.edu,Male,20,Business,75.38,64.61,56.45,57.07,68.17,3.6,63.81,61.037,D,7.8,Yes,No,Master's,Low,1
S5864,Sara,Smith,student4864@univ.edu,Male,20,Data Science,67.11,55.02,67.17,57.89,80.41,95.8,62.61,64.65,D,16.8,Yes,No,High School,Low,1
S5865,Ali,Taylor,student4865@univ.edu,Female,21,Mathematics,78.42,85.5,40.18,81.33,51.13,22.2,52.3,58.877,D,29.3,Yes,No,High School,High,6
S5866,Sophia,Brown,student4866@univ.edu,Male,19,CS,52.67,57.96,60.95,78.59,93.51,12.2,73.02,69.6925,C,16.6,No,Yes,None,Medium,10
S5867,Sophia,Taylor,student4867@univ.edu,Female,19,Physics,75.49,88.38,44.29,57.7,80.52,94.1,76.13,65.33,C,32.8,No,No,Master's,Low,10
S5868,Hassan,Ahmed,student4868@univ.edu,Female,18,Business,68.4,72.04,84.63,92.61,64.77,83.0,78.55,79.418,B,9.6,No,Yes,Master's,Medium,9
S5869,Maria,Davis,student4869@univ.edu,Male,25,Data Science,76.73,87.64,73.66,66.45,65.56,76.5,73.11,74.077,C,15.1,Yes,Yes,Master's,Low,3
S5870,Lucas,Johnson,student4870@univ.edu,Male,25,Physics,71.13,56.55,74.33,68.35,73.28,10.5,93.48,72.592,C,17.8,Yes,Yes,None,High,3
S5871,Omar,Jones,student4871@univ.edu,Male,20,Business,64.21,70.48,57.19,71.02,62.4,80.8,51.88,61.9075,D,25.6,No,Yes,High School,High,7
S5872,Maria,Smith,student4872@univ.edu,Male,19,Mathematics,95.21,73.84,88.89,66.14,50.22,60.9,80.69,75.437,B,10.9,No,No,Master's,Low,6
S5873,Liam,Johnson,student4873@univ.edu,Male,18,Physics,59.24,96.59,40.2,77.87,51.33,73.2,93.31,66.7645,C,5.3,No,Yes,Master's,Medium,9
S5874,John,Miller,student4874@univ.edu,Male,21,Data Science,84.07,56.0,60.02,69.43,67.89,97.8,52.05,60.6125,D,34.3,No,Yes,PhD,Low,3
S5875,John,Williams,student4875@univ.edu,Female,20,Business,96.23,96.2,79.57,62.97,56.21,19.4,74.82,76.1895,B,32.0,Yes,Yes,Bachelor's,Low,7
S5876,Sophia,Miller,student4876@univ.edu,Female,22,Engineering,76.93,88.29,94.48,95.22,51.12,50.4,79.45,84.5945,B,14.0,Yes,No,None,Low,7
S5877,Fatima,Williams,student4877@univ.edu,Male,21,Data Science,93.82,83.85,54.08,65.42,92.96,75.3,59.55,68.3875,C,19.5,No,No,Bachelor's,Medium,9
S5878,David,Davis,student4878@univ.edu,Female,18,Data Science,56.24,87.21,72.47,84.92,63.71,43.4,62.63,74.4955,C,19.7,Yes,Yes,None,Low,6
S5879,Sara,Johnson,student4879@univ.edu,Female,21,Data Science,74.69,76.33,72.28,67.36,75.16,5.5,89.28,75.334,B,31.1,Yes,Yes,Bachelor's,Low,9
S5880,Omar,Brown,student4880@univ.edu,Female,22,Data Science,72.85,54.64,92.45,71.76,58.97,11.1,78.37,74.6505,C,22.9,No,No,PhD,High,6
S5881,Maria,Anderson,student4881@univ.edu,Female,25,Engineering,50.41,51.37,43.03,61.8,52.34,60.2,65.79,52.324,F,29.8,No,Yes,Bachelor's,Medium,2
S5882,Sara,Taylor,student4882@univ.edu,Female,21,Physics,72.16,91.98,65.47,87.62,87.24,28.5,88.24,80.7755,B,32.4,No,No,Master's,High,6
S5883,Fatima,Anderson,student4883@univ.edu,Female,18,Physics,68.45,83.51,50.95,86.86,56.25,13.8,87.34,69.102,C,22.0,Yes,No,Bachelor's,High,5
S5884,Maria,Johnson,student4884@univ.edu,Male,25,Physics,83.49,52.79,41.29,51.11,51.29,34.0,67.27,50.46,F,13.6,Yes,No,Bachelor's,Low,6
S5885,Zainab,Miller,student4885@univ.edu,Male,25,Mathematics,96.92,76.91,48.82,53.01,79.36,20.1,74.43,63.489,D,20.0,Yes,No,High School,Low,9
S5886,Lucas,Anderson,student4886@univ.edu,Male,25,Engineering,54.29,66.85,98.59,96.12,50.67,2.4,83.23,82.3795,B,30.5,Yes,Yes,None,Low,6
S5887,Liam,Wilson,student4887@univ.edu,Female,22,Engineering,66.37,49.52,52.89,94.44,71.81,15.2,67.16,63.427,D,22.5,No,No,Bachelor's,High,5
S5888,Hassan,Khan,student4888@univ.edu,Male,22,Business,72.2,71.91,96.1,75.3,64.44,88.3,81.45,81.1955,B,31.9,No,Yes,Master's,Medium,5
S5889,Liam,Anderson,student4889@univ.edu,Male,25,CS,72.76,56.89,52.32,74.67,65.97,1.2,62.55,60.1685,D,31.9,No,Yes,Master's,Medium,3
S5890,Sara,Williams,student4890@univ.edu,Male,21,Physics,88.74,45.77,95.88,90.62,50.19,77.4,64.6,73.5235,C,16.2,No,Yes,None,High,5
S5891,Sara,Wilson,student4891@univ.edu,Female,22,CS,72.17,68.02,79.28,56.92,98.22,75.3,65.53,74.4525,C,18.4,No,No,PhD,High,5
S5892,Hassan,Smith,student4892@univ.edu,Male,24,Business,51.36,75.41,46.79,82.68,75.85,56.4,96.8,69.758,C,25.3,No,No,None,Medium,10
S5893,Sara,Anderson,student4893@univ.edu,Female,21,Engineering,85.51,42.81,74.91,73.8,78.63,20.8,91.68,71.397,C,8.3,No,Yes,Master's,Low,3
S5894,Hassan,Wilson,student4894@univ.edu,Male,20,Business,94.24,64.13,59.11,87.17,83.31,87.8,78.26,70.8255,C,19.0,Yes,No,PhD,Medium,7
S5895,Maria,Johnson,student4895@univ.edu,Male,22,Data Science,75.7,55.46,62.99,51.51,89.88,47.5,78.19,66.0755,C,9.5,No,No,PhD,High,8
S5896,Hassan,Khan,student4896@univ.edu,Male,21,Business,79.06,41.84,66.41,79.64,80.4,17.3,52.81,63.539,D,30.4,Yes,Yes,High School,Low,7
S5897,Lucas,Taylor,student4897@univ.edu,Female,20,Business,58.15,47.54,65.36,77.84,88.11,42.9,82.48,69.6485,C,33.3,Yes,Yes,Bachelor's,Low,2
S5898,Hassan,Khan,student4898@univ.edu,Female,22,Data Science,61.03,48.34,79.85,92.04,72.44,19.5,66.41,72.249,C,9.2,No,Yes,High School,Medium,7
S5899,Zainab,Smith,student4899@univ.edu,Female,20,CS,61.76,50.97,86.1,83.84,68.56,37.6,80.61,75.2805,B,25.0,Yes,No,Bachelor's,Low,1
S5900,Hassan,Brown,student4900@univ.edu,Female,23,Data Science,71.54,88.2,59.75,94.01,91.16,49.7,92.01,80.1295,B,24.1,Yes,No,High School,High,3
S5901,Ahmed,Brown,student4901@univ.edu,Female,22,Mathematics,96.41,66.37,95.46,94.36,93.27,36.0,52.27,82.67,B,27.8,Yes,No,PhD,Medium,10
S5902,Hassan,Davis,student4902@univ.edu,Male,23,Business,76.09,48.83,96.31,70.41,56.89,65.7,80.35,74.622,C,25.9,Yes,Yes,Bachelor's,High,4
S5903,Sara,Anderson,student4903@univ.edu,Male,18,Business,59.6,46.02,42.44,56.87,77.13,93.6,78.21,55.8895,D,11.5,No,No,Master's,High,6
S5904,Zainab,Taylor,student4904@univ.edu,Female,18,CS,63.3,57.88,40.89,81.51,84.18,34.8,60.34,59.792,D,13.7,Yes,No,PhD,High,9
S5905,David,Ahmed,student4905@univ.edu,Female,21,Engineering,69.2,87.88,65.5,93.69,54.18,35.6,82.32,75.0295,B,10.0,No,No,None,Medium,9
S5906,Ali,Jones,student4906@univ.edu,Male,19,Data Science,81.16,61.87,75.44,53.75,96.48,73.8,77.74,72.9735,C,32.6,Yes,Yes,PhD,High,6
S5907,Zainab,Wilson,student4907@univ.edu,Female,23,Engineering,72.0,49.59,56.67,77.9,76.01,53.1,88.37,66.0945,C,20.7,Yes,Yes,Master's,High,9
S5908,Fatima,Smith,student4908@univ.edu,Male,23,Mathematics,69.62,64.25,55.56,55.75,82.27,42.9,55.53,61.3285,D,34.3,No,No,High School,Low,6
S5909,Ali,Johnson,student4909@univ.edu,Female,18,Data Science,78.24,73.32,80.7,51.35,58.91,81.4,72.18,70.275,C,18.5,No,Yes,Bachelor's,Low,7
S5910,Omar,Anderson,student4910@univ.edu,Male,23,Mathematics,62.09,41.78,76.1,83.98,63.22,89.1,99.9,72.056,C,21.6,Yes,Yes,High School,High,6
S5911,Omar,Johnson,student4911@univ.edu,Female,19,Mathematics,53.95,77.66,50.03,84.09,56.05,59.1,84.46,66.7325,C,28.7,No,No,High School,Low,3
S5912,Fatima,Jones,student4912@univ.edu,Female,25,Mathematics,51.22,63.71,93.07,80.03,63.2,18.5,84.21,79.4325,B,28.9,No,Yes,Bachelor's,Medium,1
S5913,Zainab,Davis,student4913@univ.edu,Male,20,Physics,62.56,40.58,80.8,92.96,74.62,46.6,65.89,71.4165,C,11.9,No,Yes,High School,Low,4
S5914,Maria,Ahmed,student4914@univ.edu,Male,20,Data Science,54.58,80.43,61.75,54.04,91.68,50.4,54.69,67.76,C,13.6,No,Yes,Master's,Medium,1
S5915,Fatima,Jones,student4915@univ.edu,Female,19,Data Science,66.82,82.74,81.02,55.26,76.69,43.2,97.47,79.318,B,7.9,No,No,None,Medium,10
S5916,Ali,Khan,student4916@univ.edu,Female,23,Physics,88.65,77.73,46.76,93.23,62.22,26.2,55.27,63.52,D,29.2,Yes,Yes,Bachelor's,Low,1
S5917,Ali,Khan,student4917@univ.edu,Male,23,CS,85.81,60.52,68.1,75.16,52.23,47.2,99.64,69.9935,C,28.8,No,Yes,High School,Low,5
S5918,Sara,Williams,student4918@univ.edu,Female,23,Physics,80.55,71.78,50.14,63.65,81.1,44.7,56.29,62.061,D,7.4,Yes,No,Bachelor's,Medium,8
S5919,Sophia,Miller,student4919@univ.edu,Male,24,Business,92.63,63.23,42.49,86.91,71.01,20.9,58.55,59.988,D,12.7,Yes,Yes,High School,High,1
S5920,John,Smith,student4920@univ.edu,Male,21,Engineering,64.1,82.04,60.3,94.72,99.22,90.3,65.42,76.417,B,18.5,Yes,Yes,Master's,High,5
S5921,Ahmed,Miller,student4921@univ.edu,Female,22,Engineering,94.25,75.01,49.04,84.48,88.99,88.5,75.62,69.5295,C,21.3,No,Yes,PhD,High,8
S5922,Ali,Jones,student4922@univ.edu,Male,19,Mathematics,69.96,44.91,78.01,89.6,90.42,76.0,89.52,76.7165,B,20.7,Yes,Yes,None,High,3
S5923,David,Ahmed,student4923@univ.edu,Male,19,Data Science,70.04,78.59,80.44,64.12,50.61,40.1,98.55,75.864,B,34.5,No,No,None,Low,6
S5924,Fatima,Khan,student4924@univ.edu,Female,24,Data Science,70.27,81.23,48.92,64.44,88.89,37.0,67.94,66.5585,C,27.9,No,Yes,Bachelor's,Low,7
S5925,Lucas,Davis,student4925@univ.edu,Male,19,Mathematics,54.9,62.24,41.48,93.21,59.73,71.6,51.02,57.56,D,8.4,No,Yes,None,Medium,10
S5926,Hassan,Davis,student4926@univ.edu,Male,25,Business,98.77,92.55,87.57,80.74,79.29,60.8,80.83,85.2885,A,13.8,Yes,No,High School,Medium,8
S5927,Sophia,Brown,student4927@univ.edu,Male,25,Engineering,56.93,90.58,40.12,61.71,72.37,60.1,85.54,65.101,C,15.4,No,No,Master's,High,3
S5928,Ali,Khan,student4928@univ.edu,Male,19,Physics,67.04,50.51,60.63,76.21,78.58,12.4,69.87,65.0215,C,14.5,Yes,No,Master's,Medium,1
S5929,Fatima,Anderson,student4929@univ.edu,Female,24,CS,65.97,94.26,69.67,84.29,56.67,61.8,59.17,73.256,C,28.6,No,Yes,Bachelor's,Low,10
S5930,Liam,Ahmed,student4930@univ.edu,Male,19,Business,53.73,66.45,89.12,60.93,72.84,90.2,65.3,74.3425,C,15.8,Yes,No,High School,High,8
S5931,Sophia,Brown,student4931@univ.edu,Female,23,Data Science,57.61,83.42,90.31,82.75,51.85,8.6,82.79,80.901,B,19.8,Yes,Yes,None,High,4
S5932,Maria,Smith,student4932@univ.edu,Male,24,Mathematics,52.24,88.85,83.5,52.11,52.05,33.9,74.71,73.8255,C,21.0,No,No,High School,High,2
S5933,Ahmed,Smith,student4933@univ.edu,Female,21,Engineering,64.62,70.31,54.83,65.18,82.89,50.9,87.17,68.5385,C,13.1,No,No,None,Medium,1
S5934,Emma,Smith,student4934@univ.edu,Male,18,Mathematics,93.33,63.95,83.21,83.7,97.58,68.6,60.91,78.242,B,14.7,No,Yes,High School,High,6
S5935,Emma,Johnson,student4935@univ.edu,Female,23,Data Science,66.97,94.93,54.79,57.47,88.87,9.0,92.1,73.9285,C,28.4,Yes,Yes,None,Low,1
S5936,Sara,Brown,student4936@univ.edu,Male,25,Mathematics,56.18,53.85,52.88,61.11,73.46,87.3,57.79,58.132,D,31.0,No,No,None,High,6
S5937,Sara,Johnson,student4937@univ.edu,Male,23,Physics,82.28,55.42,72.83,93.95,52.79,4.1,66.5,68.5605,C,6.1,Yes,Yes,Master's,Medium,8
S5938,Maria,Miller,student4938@univ.edu,Male,22,Engineering,99.83,61.7,80.73,83.72,52.25,85.8,79.56,72.925,C,23.2,Yes,No,PhD,Medium,3
S5939,Lucas,Khan,student4939@univ.edu,Male,24,Mathematics,61.62,91.57,43.18,74.95,57.89,2.8,86.84,66.379,C,24.0,Yes,No,PhD,High,6
S5940,Sara,Anderson,student4940@univ.edu,Female,25,Engineering,63.98,96.33,43.6,60.54,98.79,15.4,63.31,67.922,C,27.1,No,Yes,Bachelor's,High,6
S5941,John,Jones,student4941@univ.edu,Female,18,Mathematics,98.59,53.2,87.05,67.07,69.93,80.0,97.41,76.269,B,25.8,No,No,PhD,Medium,5
S5942,Ali,Khan,student4942@univ.edu,Male,19,Mathematics,58.94,91.83,91.57,78.72,92.17,86.0,85.31,88.8455,A,31.3,No,No,Bachelor's,Low,3
S5943,Ahmed,Ahmed,student4943@univ.edu,Female,18,Engineering,75.56,55.49,76.27,57.77,85.26,98.2,60.88,68.379,C,7.4,No,Yes,Master's,Low,6
S5944,Zainab,Wilson,student4944@univ.edu,Male,21,Physics,61.98,98.24,65.73,74.09,80.27,11.6,86.29,78.751,B,16.7,Yes,Yes,Bachelor's,High,1
S5945,Fatima,Brown,student4945@univ.edu,Male,20,Mathematics,96.62,75.84,90.72,70.45,97.39,52.6,84.82,84.819,B,28.5,Yes,No,PhD,High,4
S5946,Zainab,Khan,student4946@univ.edu,Female,23,Physics,99.08,40.43,83.73,73.83,61.52,7.7,87.63,70.8385,C,30.4,No,No,None,High,8
S5947,Maria,Wilson,student4947@univ.edu,Female,24,Business,90.73,42.05,74.78,55.28,72.74,15.6,95.79,68.1545,C,12.9,No,No,Bachelor's,Medium,6
S5948,Omar,Khan,student4948@univ.edu,Female,24,CS,65.74,48.85,59.19,55.32,93.24,17.4,85.59,65.609,C,22.6,Yes,No,PhD,Medium,4
S5949,Fatima,Davis,student4949@univ.edu,Male,18,Business,70.17,51.25,51.88,98.21,77.59,6.3,67.6,64.918,D,10.4,No,No,PhD,High,6
S5950,Fatima,Brown,student4950@univ.edu,Male,22,CS,62.12,86.06,65.12,98.97,62.32,89.3,89.53,77.627,B,30.5,Yes,No,None,Medium,1
S5951,Liam,Miller,student4951@univ.edu,Female,25,Business,94.54,53.37,57.21,71.31,60.45,12.6,84.79,63.18,D,26.9,Yes,No,High School,Medium,3
S5952,Maria,Brown,student4952@univ.edu,Male,21,CS,95.73,98.15,60.36,89.45,87.64,62.9,78.71,79.126,B,11.7,No,No,PhD,Low,7
S5953,Maria,Johnson,student4953@univ.edu,Female,20,Mathematics,70.94,78.17,70.94,82.79,50.64,62.6,67.69,70.631,C,23.7,Yes,Yes,Master's,Medium,1
S5954,Emma,Anderson,student4954@univ.edu,Female,21,Engineering,82.83,81.55,50.15,55.85,95.71,19.9,96.05,71.004,C,20.3,Yes,Yes,None,High,2
S5955,David,Jones,student4955@univ.edu,Female,24,Engineering,58.28,53.07,88.37,64.83,50.92,99.8,75.64,70.252,C,12.8,Yes,No,High School,Low,3
S5956,Zainab,Taylor,student4956@univ.edu,Female,19,Data Science,71.75,93.56,48.73,65.68,81.55,34.7,81.41,70.0635,C,31.8,No,Yes,None,Medium,4
S5957,Lucas,Jones,student4957@univ.edu,Female,20,CS,81.57,80.07,68.86,79.79,80.24,90.5,70.77,74.735,C,9.4,Yes,Yes,Bachelor's,Low,6
S5958,David,Khan,student4958@univ.edu,Female,25,Data Science,69.27,91.86,84.76,79.0,78.92,94.8,89.04,85.082,A,19.0,No,No,PhD,Medium,9
S5959,Hassan,Ahmed,student4959@univ.edu,Male,25,Physics,67.88,97.39,69.1,96.18,73.72,94.9,67.05,79.2055,B,22.5,Yes,Yes,PhD,Medium,1
S5960,John,Ahmed,student4960@univ.edu,Male,24,Physics,50.05,47.54,61.66,89.5,92.62,75.3,90.53,71.9865,C,29.7,No,Yes,None,Low,4
S5961,Hassan,Jones,student4961@univ.edu,Female,22,Data Science,90.21,45.8,68.49,92.84,82.97,25.4,55.4,67.813,C,9.5,Yes,Yes,Bachelor's,Medium,4
S5962,Omar,Davis,student4962@univ.edu,Female,20,CS,94.47,88.2,90.92,94.56,89.09,12.1,85.45,89.827,A,23.3,Yes,Yes,None,High,6
S5963,Fatima,Miller,student4963@univ.edu,Female,24,Engineering,98.47,91.97,99.43,90.06,55.78,57.0,73.84,86.1465,A,5.2,Yes,Yes,Master's,Medium,1
S5964,Emma,Wilson,student4964@univ.edu,Male,22,CS,85.96,75.03,77.87,66.64,52.49,36.0,84.94,72.871,C,29.7,Yes,No,PhD,Low,9
S5965,Omar,Ahmed,student4965@univ.edu,Female,19,Physics,77.44,61.96,87.61,60.75,51.43,83.1,76.57,71.368,C,12.0,No,No,PhD,Low,1
S5966,Fatima,Khan,student4966@univ.edu,Female,22,Mathematics,63.46,79.16,40.87,78.59,57.36,74.5,56.72,59.037,D,26.6,Yes,Yes,Master's,Medium,10
S5967,John,Miller,student4967@univ.edu,Female,21,Data Science,99.96,58.34,92.82,84.48,83.35,27.6,73.85,80.407,B,23.1,Yes,No,High School,High,1
S5968,David,Taylor,student4968@univ.edu,Male,18,Data Science,79.49,54.3,97.24,69.33,74.7,1.7,98.23,81.233,B,6.5,No,Yes,PhD,Medium,3
S5969,Maria,Davis,student4969@univ.edu,Female,21,Physics,84.06,69.29,74.51,92.42,87.61,23.7,87.74,80.102,B,10.5,Yes,Yes,None,Medium,1
S5970,Sara,Anderson,student4970@univ.edu,Male,25,CS,84.12,52.97,85.23,98.03,59.59,56.7,65.01,73.819,C,13.0,Yes,No,High School,Medium,4
S5971,Zainab,Khan,student4971@univ.edu,Male,24,Data Science,92.26,69.02,70.76,78.47,68.35,7.9,97.21,75.1745,B,31.6,No,Yes,High School,Medium,7
S5972,Sara,Jones,student4972@univ.edu,Female,24,Engineering,50.48,97.4,57.17,72.83,94.42,65.8,88.95,77.9195,B,19.4,Yes,Yes,None,High,9
S5973,Ali,Johnson,student4973@univ.edu,Male,23,Data Science,61.01,90.39,91.13,92.14,96.79,67.2,68.22,88.546,A,32.4,No,Yes,Master's,Medium,4
S5974,Sophia,Davis,student4974@univ.edu,Male,21,CS,83.28,96.5,75.81,51.21,96.09,16.9,80.18,79.9555,B,6.4,Yes,No,High School,High,6
S5975,Liam,Ahmed,student4975@univ.edu,Male,20,Physics,94.76,88.38,74.76,56.45,90.92,59.6,71.33,76.647,B,5.2,No,No,PhD,Medium,2
S5976,Lucas,Smith,student4976@univ.edu,Female,25,Engineering,84.27,61.29,79.55,92.28,84.41,60.7,54.83,74.8285,C,33.4,Yes,No,Bachelor's,High,7
S5977,John,Ahmed,student4977@univ.edu,Male,19,Engineering,70.67,88.72,91.36,86.6,95.68,47.8,90.3,90.607,A,26.7,No,No,High School,Medium,8
S5978,Liam,Brown,student4978@univ.edu,Female,25,Data Science,68.08,95.37,83.91,70.81,85.71,95.3,59.55,80.853,B,28.5,No,Yes,Master's,Low,3
S5979,Ali,Miller,student4979@univ.edu,Female,23,CS,86.9,96.82,52.67,94.44,97.7,10.8,72.9,77.5545,B,32.5,No,No,None,Medium,1
S5980,Ali,Davis,student4980@univ.edu,Female,23,Data Science,87.06,80.99,68.01,67.57,51.24,40.7,85.13,70.5925,C,34.5,Yes,No,PhD,Medium,2
S5981,Lucas,Smith,student4981@univ.edu,Male,23,Mathematics,80.35,52.68,98.82,81.69,96.08,88.3,96.61,86.28,A,7.9,Yes,Yes,Bachelor's,Low,2
S5982,Fatima,Ahmed,student4982@univ.edu,Female,24,Physics,64.57,42.38,73.27,81.72,77.79,38.6,53.14,66.018,C,9.7,No,No,High School,Low,6
S5983,Liam,Wilson,student4983@univ.edu,Male,18,Mathematics,96.26,48.83,96.29,59.22,55.59,42.5,69.66,71.138,C,10.7,Yes,Yes,Master's,Medium,7
S5984,David,Taylor,student4984@univ.edu,Male,22,Engineering,77.59,97.93,88.8,64.24,60.75,66.8,80.73,81.524,B,29.6,No,Yes,Bachelor's,High,5
S5985,Lucas,Taylor,student4985@univ.edu,Male,20,Data Science,89.52,67.73,79.96,95.8,92.61,66.6,88.97,83.139,B,15.7,No,Yes,Bachelor's,Low,10
S5986,Ali,Jones,student4986@univ.edu,Male,25,Mathematics,60.72,91.3,60.96,59.17,75.31,2.3,96.05,74.1755,C,22.8,Yes,No,PhD,Low,1
S5987,David,Jones,student4987@univ.edu,Female,24,Business,67.2,67.9,58.26,58.68,99.14,45.6,50.02,65.147,C,30.7,No,Yes,PhD,Low,5
S5988,Maria,Davis,student4988@univ.edu,Female,25,Mathematics,93.73,79.65,78.61,73.98,55.88,33.4,81.39,75.131,B,25.5,Yes,No,High School,Low,8
S5989,Emma,Davis,student4989@univ.edu,Male,19,Data Science,52.51,41.45,65.95,54.61,70.63,62.8,50.35,57.711,D,7.0,No,No,High School,Low,10
S5990,David,Anderson,student4990@univ.edu,Female,24,Data Science,75.62,54.99,87.93,94.73,66.59,55.6,89.36,79.3755,B,18.4,Yes,No,Bachelor's,Low,2
S5991,Fatima,Brown,student4991@univ.edu,Female,18,Physics,74.09,66.18,85.63,55.01,75.81,65.1,57.48,71.4515,C,7.0,No,Yes,Master's,Medium,8
S5992,Sara,Williams,student4992@univ.edu,Female,25,Mathematics,87.56,77.84,58.73,80.83,81.67,65.4,94.73,74.708,C,19.4,No,Yes,Bachelor's,Medium,6
S5993,Liam,Wilson,student4993@univ.edu,Male,24,Data Science,64.09,50.29,82.16,66.99,83.08,25.5,57.76,69.9885,C,11.6,Yes,No,Master's,Low,1
S5994,Fatima,Jones,student4994@univ.edu,Female,24,Data Science,60.95,85.87,69.67,90.21,50.06,24.6,88.22,75.832,B,5.0,Yes,No,PhD,High,10
S5995,Sophia,Williams,student4995@univ.edu,Male,21,Physics,96.31,61.86,59.4,79.49,54.45,37.0,64.47,62.9235,D,29.4,Yes,Yes,Master's,High,9
S5996,Zainab,Williams,student4996@univ.edu,Female,19,Physics,78.59,89.05,64.78,69.42,51.75,24.2,77.86,70.3375,C,34.1,No,Yes,Master's,High,8
S5997,Ahmed,Khan,student4997@univ.edu,Male,23,Physics,55.23,45.88,93.72,99.19,93.23,68.3,80.42,82.904,B,33.9,No,Yes,PhD,Medium,5
S5998,Ali,Brown,student4998@univ.edu,Male,19,Physics,59.65,80.79,61.57,53.31,65.66,60.3,60.34,64.604,D,14.0,Yes,Yes,None,Medium,4
S5999,Zainab,Johnson,student4999@univ.edu,Male,19,Business,99.94,57.6,57.24,78.89,68.35,21.6,64.93,63.3795,D,29.9,Yes,Yes,Bachelor's,Medium,1
